Mês;Especialidade;Dias em fila;Em fila;Tempo médio de espera (Dias);Procedimentos realizados
2025/12;CIRURGIA VASCULAR/GERAL;6854;67;102.3;0
2023/10;GINECOLOGIA/GERAL;212;5;42.4;0
2025/09;UROLOGIA/8;4638;19;244.11;0
2024/11;GINECOLOGIA/2;349;6;58.17;0
2025/05;GINECOLOGIA/GERAL;18220;108;168.7;0
2024/05;CIRURGIA GERAL/7;1561;7;223.0;0
2023/02;GINECOLOGIA/2;36;2;18.0;0
2025/10;ONCOLOGIA/MASTOLOGIA;162;7;23.14;0
2024/03;OTORRINOLARINGOLOGIA/OUVIDO 3;183;2;91.5;0
2026/03;GINECOLOGIA;42937;486;88.35;487
2025/08;CIRURGIA GERAL/5;847;3;282.33;0
2026/09;GINECOLOGIA/GERAL;7751;135;57.41;0
2026/03;GINECOLOGIA/3;428;3;142.67;0
2023/10;CIRURGIA VASCULAR/5;66;2;33.0;0
2025/08;PROGRAMA TRANSEXUALIZADOR/GINECOLOGIA;529;8;66.13;0
2026/07;COLOPROCTOLOGIA/2;43;2;21.5;0
2024/02;CIRURGIA GERAL;26123;790;33.07;931
2023/10;CIRURGIA VASCULAR/7;350;2;175.0;0
2025/11;UROLOGIA/6;1029;2;514.5;0
2024/12;ORTOPEDIA/6;546;3;182.0;0
2025/07;ORTOPEDIA/COLUNA (BLOQUEIOS);253;5;50.6;0
2025/06;ORTOPEDIA/PÉ/TORNOZELO;1777;46;38.63;0
2025/07;CIRURGIA PLÁSTICA/4;602;3;200.67;0
2023/05;GINECOLOGIA/6;457;8;57.13;0
2026/06;CIRURGIA CARDÍACA - ANGIOPLASTIA;261;21;12.43;21
2025/05;ORTOPEDIA/JOELHO (ATJ);5564;11;505.82;0
2024/01;NEUROCIRURGIA/4;590;8;73.75;0
2023/05;OTORRINOLARINGOLOGIA/NARIZ 2;159;5;31.8;0
2023/10;ORTOPEDIA/1;429;84;5.11;0
2026/03;NEUROCIRURGIA/3;783;2;391.5;0
2024/04;PCCO - BARIATRICA;588;29;20.28;28
2024/11;CIRURGIA GERAL/3;858;24;35.75;0
2026/09;ORTOPEDIA/PLEXO BRAQUIAL;3688;15;245.87;0
2023/07;PCCO - BARIATRICA;402;14;28.71;13
2026/09;CIRURGIA PEDIÁTRICA/1;6908;158;43.72;0
2024/09;ORTOPEDIA/RETIRADA;190;5;38.0;0
2024/02;ORTOPEDIA/OMBRO;4734;102;46.41;0
2023/02;ORTOPEDIA/JOELHO (ARTROSCOPIAS);316;19;16.63;0
2025/03;CIRURGIA PLÁSTICA/4;2135;9;237.22;0
2023/10;ORTOPEDIA/GERAL;1365;115;11.87;0
2024/02;ORTOPEDIA/TUMOR;326;8;40.75;0
2023/04;UROLOGIA/1;498;15;33.2;0
2023/11;OTORRINOLARINGOLOGIA/OUVIDO 3;244;3;81.33;0
2026/04;BUCOMAXILOFACIAL/GERAL;912;16;57.0;0
2026/05;CIRURGIA GERAL/PAREDE E CAVIDADE ABDOMINAL;628;31;20.26;0
2026/06;UROLOGIA/GERAL;9714;133;73.04;0
2025/01;CIRURGIA GERAL/5;67;1;67.0;0
2026/03;CIRURGIA DE CABEÇA E PESCOÇO;588;10;58.8;18
2025/12;DERMATOLOGIA;116;8;14.5;8
2023/04;GINECOLOGIA/6;375;6;62.5;0
2023/10;CIRURGIA PEDIÁTRICA/3;928;7;132.57;0
2023/03;UROLOGIA/LITIASE;279;20;13.95;0
2026/08;ORTOPEDIA/REVISÃO QUADRIL;1054;3;351.33;0
2026/01;OFTALMOLOGIA/CATARATA OD;529;123;4.3;0
2024/12;ODONTOLOGIA PARA PACIENTES COM NECESSIDADES ESPECIAIS;924;20;46.2;15
2026/07;BUCOMAXILOFACIAL;104;7;14.86;38
2023/10;BUCOMAXILOFACIAL/ORTOGNÁTICA;88;4;22.0;0
2023/01;GINECOLOGIA/GERAL;31;3;10.33;0
2024/02;OTORRINOLARINGOLOGIA/CIRURGIAS PLÁSTICAS;1614;10;161.4;0
2023/12;CIRURGIA PLÁSTICA/3;30;1;30.0;0
2023/08;UROLOGIA/9;139;2;69.5;0
2026/02;MASTOLOGIA/2;58;2;29.0;0
2024/02;COLOPROCTOLOGIA/4;8;2;4.0;0
2025/04;UROLOGIA/RETIRADA DE DUPLO J;1993;134;14.87;0
2025/06;COLOPROCTOLOGIA;588;17;34.59;41
2024/04;GINECOLOGIA/2;29;1;29.0;0
2026/07;ORTOPEDIA/FIXADOR EXTERNO;4915;27;182.04;0
2025/01;CIRURGIA PLÁSTICA/4;2000;8;250.0;0
2025/05;CIRURGIA TORÁCICA/3;1458;7;208.29;0
2026/02;CIRURGIA VASCULAR/GERAL;1274;20;63.7;0
2025/01;ORTOPEDIA/OMBRO;1761;39;45.15;0
2025/10;ORTOPEDIA/GERAL;4543;43;105.65;0
2024/10;ONCOLOGIA/DERMATOLOGIA;990;20;49.5;0
2024/01;GINECOLOGIA/2;17;1;17.0;0
2026/05;CIRURGIA VASCULAR/3;1828;9;203.11;0
2023/06;UROLOGIA/LITIASE;1683;45;37.4;0
2026/01;OFTALMOLOGIA/OE;21681;322;67.33;0
2026/04;CIRURGIA VASCULAR/4;60;4;15.0;0
2026/02;NEUROCIRURGIA;1620;8;202.5;23
2025/10;CIRURGIA PEDIÁTRICA/1;3077;65;47.34;0
2025/05;OTORRINOLARINGOLOGIA/4;946;3;315.33;0
2024/04;OTORRINOLARINGOLOGIA/IMPLANTE COCLEAR;859;4;214.75;0
2025/03;BUCOMAXILOFACIAL/ORTOGNÁTICA;73;4;18.25;0
2026/09;CIRURGIA PLÁSTICA/10;47630;81;588.02;0
2024/11;OFTALMOLOGIA/AMBULATORIAL - OD;17877;359;49.8;0
2024/12;NEUROCIRURGIA;41;1;41.0;23
2023/07;OTORRINOLARINGOLOGIA/NARIZ 2;144;6;24.0;0
2023/06;CERFIS/2;513;24;21.38;0
2026/06;CIRURGIA GERAL/1;176;1;176.0;0
2024/10;OFTALMOLOGIA/HOSPITALAR - OE;174;25;6.96;0
2026/04;NEUROCIRURGIA/2;567;5;113.4;0
2025/12;OTORRINOLARINGOLOGIA/OUVIDO 3;222;3;74.0;0
2025/08;ORTOPEDIA/COLUNA (ARTRODESE);2269;11;206.27;0
2023/09;CIRURGIA PEDIÁTRICA/1;1636;66;24.79;0
2023/08;OTORRINOLARINGOLOGIA/OUVIDO 1;133;3;44.33;0
2025/04;ORTOPEDIA MUTIRÃO;9196;19;484.0;0
2024/12;OTORRINOLARINGOLOGIA/1;93;6;15.5;0
2023/02;COLOPROCTOLOGIA/2;48;4;12.0;0
2025/09;GINECOLOGIA/8;156;2;78.0;0
2026/01;CIRURGIA VASCULAR/6;347;4;86.75;0
2026/08;NEUROCIRURGIA/1;1535;16;95.94;0
2023/05;NEUROCIRURGIA/5;403;8;50.38;0
2025/10;COLOPROCTOLOGIA/3;402;6;67.0;0
2026/02;CIRURGIA GERAL/7;3206;8;400.75;0
2024/08;CIRURGIA CARDÍACA - ADULTO;149;17;8.76;30
2025/02;CIRURGIA GERAL/PAREDE E CAVIDADE ABDOMINAL;1224;27;45.33;0
2026/09;UROLOGIA/TRANSPLANTE RENAL 1;1770;2;885.0;0
2023/10;CIRURGIA PLÁSTICA/8;161;2;80.5;0
2023/04;NEUROCIRURGIA/4;162;7;23.14;0
2024/10;OFTALMOLOGIA/CATARATA OE;777;135;5.76;0
2025/05;ONCOLOGIA/APARELHO DIGESTIVO;18;2;9.0;0
2023/08;OFTALMOLOGIA/OE;18697;369;50.67;0
2023/05;CIRURGIA PLÁSTICA/6;112;2;56.0;0
2025/09;CIRURGIA PLÁSTICA/1;240;3;80.0;0
2023/10;PROGRAMA TRANSEXUALIZADOR;392;3;130.67;3
2023/01;CIRURGIA GERAL/3;179;46;3.89;0
2026/04;CIRURGIA CARDÍACA - ANGIOPLASTIA;2920;38;76.84;35
2025/12;OTORRINOLARINGOLOGIA/OUVIDO 1;284;7;40.57;0
2024/11;CIRURGIA GERAL/GERAL;4168;99;42.1;0
2026/09;GASTROENTEROLOGIA;514;8;64.25;1
2025/04;UROLOGIA;6928;114;60.77;454
2024/02;ORTOPEDIA;22787;667;34.16;1134
2024/12;CIRURGIA PLÁSTICA/4;1367;8;170.88;0
2024/07;CIRURGIA PLÁSTICA/10;94;1;94.0;0
2023/07;OTORRINOLARINGOLOGIA/2;238;6;39.67;0
2024/05;OTORRINOLARINGOLOGIA/3;1806;10;180.6;0
2024/12;OTORRINOLARINGOLOGIA;2378;50;47.56;100
2023/05;UROLOGIA/10;111;1;111.0;0
2024/10;CIRURGIA VASCULAR/2;417;12;34.75;0
2025/01;OTORRINOLARINGOLOGIA/CIRURGIAS PLÁSTICAS;78;3;26.0;0
2026/07;UROLOGIA/4;682;10;68.2;0
2025/06;ORTOPEDIA/COTOVELO;81;4;20.25;0
2026/08;NEUROCIRURGIA;709;5;141.8;42
2024/07;MASTOLOGIA/3;511;18;28.39;0
2024/03;CIRURGIA GERAL/3;761;41;18.56;0
2026/04;OTORRINOLARINGOLOGIA/CIRURGIAS PLÁSTICAS;471;3;157.0;0
2025/07;OFTALMOLOGIA/CATARATA OD;709;178;3.98;0
2023/09;CIRURGIA TORÁCICA;29;2;14.5;9
2023/04;COLOPROCTOLOGIA/2;122;4;30.5;0
2024/10;GINECOLOGIA/4;16;1;16.0;0
2026/07;ORTOPEDIA;63990;752;85.09;1231
2024/04;UROLOGIA/1;1078;35;30.8;0
2023/08;ORTOPEDIA/4;1099;17;64.65;0
2026/09;GINECOLOGIA/3;17326;78;222.13;0
2024/08;CIRURGIA VASCULAR/2;291;13;22.38;0
2024/10;UROLOGIA/GERAL;8858;190;46.62;0
2025/04;PROGRAMA TRANSEXUALIZADOR/GINECOLOGIA;590;7;84.29;0
2025/12;ORTOPEDIA/COLUNA (DEFORMIDADES);57;2;28.5;0
2024/06;CIRURGIA PLÁSTICA/GERAL;20;1;20.0;0
2026/05;ORTOPEDIA/MÃO;3043;45;67.62;0
2023/02;CIRURGIA CARDÍACA - PEDIATRICA;32;2;16.0;0
2023/10;OTORRINOLARINGOLOGIA/OUVIDO 3;127;4;31.75;0
2023/05;CIRURGIA VASCULAR/5;36;1;36.0;0
2025/11;PCCO - BARIATRICA;694;24;28.92;24
2025/05;PROGRAMA TRANSEXUALIZADOR/CIRURGIA PLÁSTICA;1162;5;232.4;0
2025/07;ORTOPEDIA/9;3642;11;331.09;0
2026/02;BUCOMAXILOFACIAL/GERAL;1137;14;81.21;0
2026/08;GINECOLOGIA/HISTERECTOMIA;158;1;158.0;0
2026/08;OTORRINOLARINGOLOGIA/5;3177;3;1059.0;0
2026/03;ORTOPEDIA/JOELHO (ARTROSCOPIAS);1787;40;44.68;0
2024/05;UROLOGIA/1;890;25;35.6;0
2024/08;ORTOPEDIA/COLUNA (DEFORMIDADES);980;3;326.67;0
2026/08;ORTOPEDIA/PLEXO BRAQUIAL;185;1;185.0;0
2024/11;CIRURGIA GERAL/5;896;10;89.6;0
2025/04;OTORRINOLARINGOLOGIA/LARINGE;66;1;66.0;0
2025/08;UROLOGIA/2;336;3;112.0;0
2024/04;CIRURGIA CARDÍACA - ADULTO/CIRURGIA CARDÍACA;60;6;10.0;0
2024/05;CIRURGIA GERAL/4;34;5;6.8;0
2024/09;CARDIOLOGIA;236;7;33.71;6
2024/10;ORTOPEDIA/PEDIÁTRICA GERAL;3848;23;167.3;0
2026/01;GASTROENTEROLOGIA;141;5;28.2;3
2025/02;CIRURGIA CARDÍACA - PEDIATRICA/CIRURGIA CARDÍACA;1528;10;152.8;0
2026/05;BUCOMAXILOFACIAL/GERAL;1194;28;42.64;0
2024/07;CIRURGIA GERAL/6;218;5;43.6;0
2023/11;ORTOPEDIA/10;444;3;148.0;0
2023/03;GINECOLOGIA/HISTERECTOMIA;232;4;58.0;0
2024/04;OFTALMOLOGIA/CATARATA OD;1227;165;7.44;0
2025/02;CIRURGIA GERAL/3;429;33;13.0;0
2023/08;ORTOPEDIA/QUADRIL PEDIÁTRICA;179;2;89.5;0
2023/11;ORTOPEDIA/JOELHO (ARTROSCOPIAS);3344;44;76.0;0
2024/12;BUCOMAXILOFACIAL/GERAL;837;20;41.85;0
2025/08;OFTALMOLOGIA/OD;24568;513;47.89;0
2026/06;CIRURGIA VASCULAR/5;617;2;308.5;0
2023/03;CIRURGIA TORÁCICA/2;176;19;9.26;0
2023/07;ORTOPEDIA/JOELHO;105;1;105.0;0
2026/03;UROLOGIA/7;100;2;50.0;0
2024/07;CIRURGIA GERAL/7;1003;6;167.17;0
2024/01;CIRURGIA VASCULAR/7;13;1;13.0;0
2023/12;UROLOGIA/LITIASE;1058;29;36.48;0
2026/05;OTORRINOLARINGOLOGIA/IMPLANTE COCLEAR;386;2;193.0;0
2024/04;ORTOPEDIA/PÉ/TORNOZELO;1414;56;25.25;0
2025/04;ORTOPEDIA/COLUNA (DEFORMIDADES);2376;4;594.0;0
2024/02;COLOPROCTOLOGIA/1;856;25;34.24;0
2024/11;CIRURGIA PEDIÁTRICA/2;1014;16;63.38;0
2023/04;CIRURGIA CARDÍACA - PEDIATRICA;215;4;53.75;1
2024/05;ONCOLOGIA/DERMATOLOGIA;656;25;26.24;0
2024/05;ORTOPEDIA/7;1611;8;201.38;0
2023/07;CIRURGIA VASCULAR/4;190;12;15.83;0
2026/02;ORTOPEDIA/OMBRO;2084;64;32.56;0
2023/01;UROLOGIA/5;27;7;3.86;0
2026/03;ORTOPEDIA/QUADRIL;2139;47;45.51;0
2025/04;CIRURGIA PLÁSTICA/1;1296;8;162.0;0
2025/08;BUCOMAXILOFACIAL/ORTOGNÁTICA;130;3;43.33;0
2023/07;COLOPROCTOLOGIA/3;135;5;27.0;0
2023/04;CIRURGIA CARDÍACA - ADULTO;268;15;17.87;15
2024/04;CERFIS/1;27;3;9.0;0
2025/04;ONCOLOGIA/UROLOGIA;169;7;24.14;0
2025/11;NEUROCIRURGIA;793;5;158.6;24
2026/03;CIRURGIA VASCULAR/7;7;1;7.0;0
2024/08;NEUROCIRURGIA/4;1187;10;118.7;0
2026/04;CIRURGIA DE CABEÇA E PESCOÇO;176;3;58.67;7
2023/10;CIRURGIA VASCULAR/2;12;4;3.0;0
2024/08;ONCOLOGIA/CIRURGIA GERAL;547;18;30.39;0
2023/05;ONCOLOGIA/MASTOLOGIA;119;6;19.83;0
2023/07;CIRURGIA GERAL/3;1119;55;20.35;0
2026/09;ORTOPEDIA/COTOVELO;5082;19;267.47;0
2023/12;CIRURGIA GERAL/3;2784;40;69.6;0
2025/12;ORTOPEDIA/MÃO E PUNHO;19;1;19.0;0
2023/04;ODONTOLOGIA PARA PACIENTES COM NECESSIDADES ESPECIAIS;515;14;36.79;13
2023/04;OTORRINOLARINGOLOGIA/OUVIDO 1;33;3;11.0;0
2024/01;OFTALMOLOGIA/PTERIGIO OD;216;121;1.79;0
2026/08;ONCOLOGIA;2225;62;35.89;148
2025/09;UROLOGIA/TROCA DE DUPLO J;1108;23;48.17;0
2026/05;COLOPROCTOLOGIA/1;2351;28;83.96;0
2025/06;OTORRINOLARINGOLOGIA/OUVIDO 3;424;3;141.33;0
2023/01;CIRURGIA PEDIÁTRICA/3;37;2;18.5;0
2025/01;CIRURGIA GERAL/6;0;2;0.0;0
2023/08;GINECOLOGIA/3;593;8;74.13;0
2024/02;ONCOLOGIA/GINECOLOGIA;128;13;9.85;0
2024/08;CIRURGIA CARDÍACA - ANGIOPLASTIA;272;28;9.71;28
2023/06;ORTOPEDIA/QUADRIL PEDIÁTRICA;92;1;92.0;0
2023/07;ORTOPEDIA/PEDIÁTRICA GERAL;87;1;87.0;0
2025/04;CIRURGIA PLÁSTICA/9;152;1;152.0;0
2024/08;CIRURGIA CARDÍACA - PEDIATRICA/CIRURGIA CARDÍACA;500;4;125.0;0
2023/09;CIRURGIA GERAL;24337;937;25.97;1040
2025/11;CIRURGIA PLÁSTICA/5;1078;3;359.33;0
2025/08;ORTOPEDIA/PLEXO BRAQUIAL;76;1;76.0;0
2024/08;CIRURGIA TORÁCICA/4;73;1;73.0;0
2023/11;CIRURGIA GERAL/6;95;4;23.75;0
2026/09;CIRURGIA PLÁSTICA/8;20130;51;394.71;0
2023/12;ORTOPEDIA/6;0;1;0.0;0
2025/11;CIRURGIA DE CABEÇA E PESCOÇO/2;3976;12;331.33;0
2025/07;ONCOLOGIA;6261;106;59.07;190
2026/07;ORTOPEDIA/COTOVELO;318;5;63.6;0
2025/01;CIRURGIA GERAL;35825;997;35.93;1168
2026/08;ORTOPEDIA/COLUNA (DEFORMIDADES);1433;8;179.13;0
2025/07;BUCOMAXILOFACIAL;102;6;17.0;21
2023/07;GINECOLOGIA/3;122;2;61.0;0
2025/01;CIRURGIA VASCULAR/1;136;20;6.8;0
2024/11;OTORRINOLARINGOLOGIA/CIRURGIAS PLÁSTICAS;294;5;58.8;0
2024/12;NEUROCIRURGIA/4;152;3;50.67;0
2025/10;ORTOPEDIA/RETIRADA DE FIO OU PINO;1374;13;105.69;0
2023/08;MASTOLOGIA/4;30;2;15.0;0
2025/05;ORTOPEDIA/COTOVELO;182;4;45.5;0
2023/01;COLOPROCTOLOGIA/2;11;3;3.67;0
2024/06;ORTOPEDIA/OMBRO;5587;58;96.33;0
2026/08;UROLOGIA/6;1424;3;474.67;0
2023/08;UROLOGIA/TRANSPLANTE RENAL 1;7;1;7.0;0
2024/02;CIRURGIA DE CABEÇA E PESCOÇO/2;602;5;120.4;0
2024/12;ORTOPEDIA/JOELHO (ATJ);2401;7;343.0;0
2024/10;CIRURGIA GERAL/2;309;17;18.18;0
2026/05;CARDIOLOGIA ANGIOPLASTIA;4691;21;223.38;18
2023/06;MASTOLOGIA/3;291;19;15.32;0
2023/04;PCCO - BARIATRICA;234;11;21.27;11
2023/09;DERMATOLOGIA;828;20;41.4;17
2024/06;GINECOLOGIA/GERAL;290;12;24.17;0
2023/06;CIRURGIA PLÁSTICA/6;205;3;68.33;0
2023/09;CIRURGIA VASCULAR/2;101;5;20.2;0
2025/06;CIRURGIA VASCULAR/7;447;1;447.0;0
2023/09;ORTOPEDIA/2;240;21;11.43;0
2025/03;COLOPROCTOLOGIA/1;3974;44;90.32;0
2025/07;CIRURGIA CARDÍACA - PEDIATRICA/CIRURGIA CARDÍACA;2191;12;182.58;0
2026/05;OTORRINOLARINGOLOGIA/NARIZ 1;335;10;33.5;0
2024/01;CIRURGIA GERAL/3;2210;33;66.97;0
2025/10;GINECOLOGIA/3;189;2;94.5;0
2025/12;OTORRINOLARINGOLOGIA/NARIZ 1;793;12;66.08;0
2026/08;CIRURGIA GERAL/1;448;4;112.0;0
2025/01;ORTOPEDIA/ARTROPLASTIA;708;1;708.0;0
2024/03;MASTOLOGIA/4;13;1;13.0;0
2023/10;CIRURGIA GERAL/FIGADO E VIAS BILIARES;3886;73;53.23;0
2024/11;DERMATOLOGIA;285;20;14.25;19
2024/06;ORTOPEDIA/10;368;1;368.0;0
2024/07;UROLOGIA/RETIRADA DE DUPLO J;1059;77;13.75;0
2023/03;ORTOPEDIA/OMBRO;884;62;14.26;0
2024/09;OTORRINOLARINGOLOGIA;1078;34;31.71;98
2026/01;OTORRINOLARINGOLOGIA/1;1336;10;133.6;0
2025/02;CIRURGIA GERAL/10;146;1;146.0;0
2023/10;UROLOGIA/1;954;27;35.33;0
2025/05;CIRURGIA PLÁSTICA/6;716;5;143.2;0
2025/01;ORTOPEDIA/RETIRADA;1331;12;110.92;0
2025/09;CIRURGIA GERAL/1;17;1;17.0;0
2024/07;BUCOMAXILOFACIAL/GERAL;238;13;18.31;0
2025/01;CIRURGIA GERAL/3;347;33;10.52;0
2024/10;OTORRINOLARINGOLOGIA/LARINGE;229;3;76.33;0
2023/09;CIRURGIA PLÁSTICA/4;120;1;120.0;0
2024/01;CIRURGIA VASCULAR/GERAL;8252;57;144.77;0
2025/07;OTORRINOLARINGOLOGIA/OUVIDO 2;386;3;128.67;0
2026/08;CIRURGIA GERAL/6;922;5;184.4;0
2024/12;ORTOPEDIA/1;977;76;12.86;0
2024/03;NEUROCIRURGIA/5;187;3;62.33;0
2024/03;ORTOPEDIA;21498;644;33.38;1192
2023/05;COLOPROCTOLOGIA/2;206;7;29.43;0
2023/07;MASTOLOGIA/4;28;2;14.0;0
2025/01;CIRURGIA GERAL/PAREDE E CAVIDADE ABDOMINAL;2538;44;57.68;0
2023/03;CIRURGIA PLÁSTICA/1;30;3;10.0;0
2025/08;CIRURGIA GERAL/FIGADO E VIAS BILIARES;697;48;14.52;0
2026/01;OTORRINOLARINGOLOGIA/LARINGE;369;4;92.25;0
2023/04;CIRURGIA GERAL/1;0;2;0.0;0
2025/05;CERFIS/1;83;6;13.83;0
2023/05;ORTOPEDIA/PÉ/TORNOZELO;490;11;44.55;0
2025/12;ORTOPEDIA/3;106;2;53.0;0
2026/01;CIRURGIA VASCULAR/2;544;16;34.0;0
2025/03;ORTOPEDIA/2;441;32;13.78;0
2026/09;COLOPROCTOLOGIA/4;945;3;315.0;0
2024/09;ORTOPEDIA/PÉ/TORNOZELO;1128;25;45.12;0
2026/08;CIRURGIA GERAL/5;304;3;101.33;0
2023/01;CIRURGIA GERAL/2;29;24;1.21;0
2023/11;CIRURGIA CARDÍACA - PEDIATRICA/HEMODINÂMICA;212;3;70.67;0
2025/03;CIRURGIA TORÁCICA/5;764;1;764.0;0
2023/06;CIRURGIA GERAL/3;1104;58;19.03;0
2026/07;CIRURGIA CARDÍACA - ADULTO/CIRURGIA CARDÍACA;6020;15;401.33;0
2025/03;UROLOGIA;6757;102;66.25;461
2025/08;ORTOPEDIA/OMBRO;8459;77;109.86;0
2026/05;ORTOPEDIA/FIXADOR EXTERNO;766;10;76.6;0
2024/07;NEUROCIRURGIA/5;284;4;71.0;0
2024/06;UROLOGIA/3;2897;17;170.41;0
2024/02;OTORRINOLARINGOLOGIA/NARIZ 1;697;16;43.56;0
2026/08;GINECOLOGIA/9;1480;3;493.33;0
2024/12;ORTOPEDIA;26248;549;47.81;829
2025/08;ONCOLOGIA/GINECOLOGIA;178;10;17.8;0
2024/05;MASTOLOGIA/5;114;3;38.0;0
2023/04;ORTOPEDIA/QUADRIL PEDIÁTRICA;26;1;26.0;0
2025/12;CIRURGIA TORÁCICA/3;12;1;12.0;0
2024/10;OTORRINOLARINGOLOGIA/OUVIDO 3;197;2;98.5;0
2026/01;CIRURGIA TORÁCICA/3;106;4;26.5;0
2023/07;ORTOPEDIA/GERAL;1854;192;9.66;0
2026/09;UROLOGIA/TROCA DE DUPLO J;4054;112;36.2;0
2026/01;NEUROCIRURGIA/1;1574;13;121.08;0
2023/04;CIRURGIA PEDIÁTRICA/1;791;23;34.39;0
2026/01;ORTOPEDIA/TUMOR;641;12;53.42;0
2024/03;ORTOPEDIA/FIXADOR EXTERNO;363;20;18.15;0
2024/07;CIRURGIA GERAL/10;2317;6;386.17;0
2026/07;ORTOPEDIA/8;3570;6;595.0;0
2024/03;ORTOPEDIA/JOELHO (ATJ);1414;8;176.75;0
2024/09;OTORRINOLARINGOLOGIA/2;107;3;35.67;0
2026/08;ORTOPEDIA/1;1466;78;18.79;0
2023/11;ORTOPEDIA/1;301;65;4.63;0
2025/02;ORTOPEDIA/COLUNA (BLOQUEIOS);598;3;199.33;0
2025/04;OTORRINOLARINGOLOGIA/1;1263;18;70.17;0
2024/09;ONCOLOGIA;750;37;20.27;105
2023/03;NEUROCIRURGIA/5;96;3;32.0;0
2026/08;CIRURGIA PLÁSTICA/5;3136;5;627.2;0
2025/11;CIRURGIA CARDÍACA - ANGIOPLASTIA;1984;32;62.0;31
2025/12;OFTALMOLOGIA/CATARATA OE;546;121;4.51;0
2024/02;GINECOLOGIA/HISTERECTOMIA;11;1;11.0;0
2024/07;ODONTOLOGIA PARA PACIENTES COM NECESSIDADES ESPECIAIS;3901;39;100.03;26
2024/12;CIRURGIA CARDÍACA - ADULTO;543;14;38.79;35
2026/09;MASTOLOGIA/3;734;24;30.58;0
2023/06;CIRURGIA GERAL;16030;847;18.93;1029
2025/05;UROLOGIA/7;1141;4;285.25;0
2023/11;OFTALMOLOGIA/OD;15333;341;44.96;0
2025/11;GINECOLOGIA/GERAL;2790;42;66.43;0
2024/09;OTORRINOLARINGOLOGIA/3;1154;5;230.8;0
2025/03;GINECOLOGIA;20339;345;58.95;351
2024/06;CIRURGIA PLÁSTICA/1;1354;7;193.43;0
2024/10;ONCOLOGIA/MASTOLOGIA;219;8;27.38;0
2025/08;OFTALMOLOGIA/OE;29449;453;65.01;0
2024/03;CIRURGIA GERAL/2;169;20;8.45;0
2024/09;GINECOLOGIA/3;70;2;35.0;0
2026/04;CIRURGIA PLÁSTICA/6;2703;10;270.3;0
2025/02;OTORRINOLARINGOLOGIA/OUVIDO 1;149;5;29.8;0
2024/01;CIRURGIA PLÁSTICA/2;234;1;234.0;0
2025/11;CIRURGIA PLÁSTICA/6;104;4;26.0;0
2025/06;CIRURGIA CARDÍACA - ADULTO;547;8;68.38;9
2026/03;ORTOPEDIA/COTOVELO;705;3;235.0;0
2023/09;ORTOPEDIA/PÉ/TORNOZELO;1326;24;55.25;0
2024/04;ORTOPEDIA/8;627;3;209.0;0
2026/03;OFTALMOLOGIA/CATARATA OD;616;122;5.05;0
2023/10;CIRURGIA GERAL/PAREDE E CAVIDADE ABDOMINAL;1567;47;33.34;0
2025/04;CIRURGIA GERAL/FIGADO E VIAS BILIARES;3149;54;58.31;0
2023/09;COLOPROCTOLOGIA/2;143;3;47.67;0
2024/09;CIRURGIA CARDÍACA - ANGIOPLASTIA;288;26;11.08;24
2026/01;MASTOLOGIA/5;249;3;83.0;0
2023/07;UROLOGIA/GERAL;2568;60;42.8;0
2024/06;CIRURGIA CARDÍACA - PEDIATRICA/HEMODINÂMICA;991;6;165.17;0
2024/01;OTORRINOLARINGOLOGIA/2;210;6;35.0;0
2023/03;CIRURGIA PEDIÁTRICA/3;190;3;63.33;0
2025/11;ORTOPEDIA/PÉ/TORNOZELO;2220;51;43.53;0
2024/12;ORTOPEDIA/COLUNA (BLOQUEIOS);239;4;59.75;0
2024/04;CIRURGIA GERAL/ESTOMAGO E INTESTINOS;261;39;6.69;0
2025/09;CIRURGIA GERAL/4;1573;24;65.54;0
2024/02;CIRURGIA GERAL/ESTOMAGO E INTESTINOS;369;43;8.58;0
2025/05;ORTOPEDIA/RETIRADA;3407;31;109.9;0
2026/05;OTORRINOLARINGOLOGIA/OUVIDO 1;219;4;54.75;0
2023/12;CIRURGIA PEDIÁTRICA/1;912;76;12.0;0
2026/05;ONCOLOGIA/MASTOLOGIA;38;3;12.67;0
2025/03;CIRURGIA GERAL/3;289;27;10.7;0
2025/05;OTORRINOLARINGOLOGIA/2;288;4;72.0;0
2023/09;OTORRINOLARINGOLOGIA/3;508;7;72.57;0
2025/11;CIRURGIA CARDÍACA - ADULTO/MARCAPASSO;61;4;15.25;0
2026/05;ORTOPEDIA/6;1419;3;473.0;0
2025/01;BUCOMAXILOFACIAL/GERAL;500;15;33.33;0
2025/11;ORTOPEDIA/RETIRADA DE FIXADOR EXTERNO;694;35;19.83;0
2026/03;UROLOGIA/5;1096;6;182.67;0
2023/06;OFTALMOLOGIA/PTERIGIO OE;305;101;3.02;0
2023/07;ONCOLOGIA;291;14;20.79;45
2023/10;ORTOPEDIA/REVISÃO QUADRIL;0;3;0.0;0
2024/07;CIRURGIA VASCULAR;8635;167;51.71;273
2024/05;OTORRINOLARINGOLOGIA/IMPLANTE COCLEAR;1090;4;272.5;0
2025/04;OFTALMOLOGIA/AMBULATORIAL - OE;10807;258;41.89;0
2026/08;ORTOPEDIA/FIXADOR EXTERNO;14949;39;383.31;0
2024/08;OFTALMOLOGIA/CATARATA OD;394;124;3.18;0
2024/11;CERFIS/2;433;14;30.93;0
2024/07;ORTOPEDIA/RETIRADA;899;14;64.21;0
2024/07;ORTOPEDIA/RETIRADA DE MATERIAL SÍNTESE;2844;29;98.07;0
2025/03;CIRURGIA VASCULAR/2;247;11;22.45;0
2026/03;COLOPROCTOLOGIA/1;2109;30;70.3;0
2025/01;UROLOGIA/4;145;4;36.25;0
2024/03;CIRURGIA CARDÍACA - ANGIOPLASTIA;545;34;16.03;31
2024/07;ORTOPEDIA/2;234;23;10.17;0
2026/09;CIRURGIA PLÁSTICA/2;544;4;136.0;0
2024/06;OTORRINOLARINGOLOGIA/3;2615;14;186.79;0
2026/07;BUCOMAXILOFACIAL/ORTOGNÁTICA;357;5;71.4;0
2023/12;CIRURGIA GERAL/5;329;4;82.25;0
2024/07;COLOPROCTOLOGIA/3;550;4;137.5;0
2026/09;OTORRINOLARINGOLOGIA;31332;370;84.68;107
2026/07;MASTOLOGIA/2;203;1;203.0;0
2025/03;BUCOMAXILOFACIAL;52;11;4.73;26
2024/05;ORTOPEDIA/COLUNA (BLOQUEIOS);1092;6;182.0;0
2024/03;OTORRINOLARINGOLOGIA;1781;50;35.62;112
2026/09;NEUROCIRURGIA/2;11310;32;353.44;0
2023/02;CIRURGIA DE CABEÇA E PESCOÇO/1;25;3;8.33;0
2026/03;OTORRINOLARINGOLOGIA/OUVIDO 2;135;1;135.0;0
2024/06;CIRURGIA GERAL/3;287;28;10.25;0
2025/11;OFTALMOLOGIA/OE;16291;370;44.03;0
2024/07;ORTOPEDIA/FIXADOR EXTERNO;1675;21;79.76;0
2025/02;GINECOLOGIA/4;529;3;176.33;0
2024/12;CIRURGIA GERAL/4;476;10;47.6;0
2025/10;GINECOLOGIA/HISTERECTOMIA;521;9;57.89;0
2023/07;UROLOGIA/6;507;3;169.0;0
2024/02;BUCOMAXILOFACIAL/ORTOGNÁTICA;278;6;46.33;0
2024/02;CIRURGIA PLÁSTICA/9;176;1;176.0;0
2025/08;ORTOPEDIA/QUADRIL PEDIÁTRICA;1511;6;251.83;0
2025/07;CIRURGIA PLÁSTICA/6;1054;6;175.67;0
2025/10;CIRURGIA VASCULAR;13002;166;78.33;225
2026/02;ORTOPEDIA/COLUNA (DEFORMIDADES);1737;5;347.4;0
2026/08;ORTOPEDIA/GERAL E TRAUMATOLOGIA;104;7;14.86;0
2024/02;CIRURGIA CARDÍACA - PEDIATRICA/HEMODINÂMICA;86;1;86.0;0
2024/01;CIRURGIA TORÁCICA;41;3;13.67;11
2023/02;OTORRINOLARINGOLOGIA/NARIZ 1;95;12;7.92;0
2024/02;PROGRAMA TRANSEXUALIZADOR;549;6;91.5;6
2024/09;BUCOMAXILOFACIAL/ORTOGNÁTICA;151;4;37.75;0
2025/09;ORTOPEDIA/COTOVELO;420;10;42.0;0
2024/02;NEUROCIRURGIA;38;3;12.67;29
2026/09;OTORRINOLARINGOLOGIA/CAVIDADE ORAL;730;22;33.18;0
2025/06;GASTROENTEROLOGIA;134;3;44.67;2
2024/06;OTORRINOLARINGOLOGIA/NARIZ 1;231;14;16.5;0
2025/05;CIRURGIA PLÁSTICA/3;443;1;443.0;0
2025/05;CIRURGIA PEDIÁTRICA/2;425;6;70.83;0
2026/08;ORTOPEDIA/12;395;1;395.0;0
2026/04;CIRURGIA TORÁCICA/4;6;1;6.0;0
2024/01;CIRURGIA PLÁSTICA/5;506;2;253.0;0
2024/10;CIRURGIA TORÁCICA;201;2;100.5;9
2024/07;ORTOPEDIA/RETIRADA DE MATERIAL;1337;6;222.83;0
2023/01;OTORRINOLARINGOLOGIA/3;22;3;7.33;0
2025/02;GINECOLOGIA/GERAL;6236;38;164.11;0
2023/11;OTORRINOLARINGOLOGIA;1599;41;39.0;124
2023/10;UROLOGIA/3;413;16;25.81;0
2026/04;ORTOPEDIA/COTOVELO;15;4;3.75;0
2023/02;UROLOGIA/LITIASE;122;9;13.56;0
2026/07;ORTOPEDIA/9;1099;5;219.8;0
2025/03;GINECOLOGIA/GERAL;6413;42;152.69;0
2023/05;CIRURGIA VASCULAR/3;82;4;20.5;0
2024/12;OTORRINOLARINGOLOGIA/NARIZ 2;11;1;11.0;0
2024/08;CIRURGIA TORÁCICA;161;4;40.25;11
2025/09;CIRURGIA VASCULAR/3;838;8;104.75;0
2024/03;CIRURGIA GERAL/10;537;2;268.5;0
2024/09;OFTALMOLOGIA/HOSPITALAR - OD;367;24;15.29;0
2026/03;ORTOPEDIA/COLUNA (DEFORMIDADES);714;4;178.5;0
2024/10;ORTOPEDIA/TUMOR;71;1;71.0;0
2025/03;OFTALMOLOGIA/CATARATA OD;328;121;2.71;0
2024/01;GINECOLOGIA/5;97;2;48.5;0
2025/06;MASTOLOGIA/3;148;13;11.38;0
2023/05;ONCOLOGIA/CIRURGIA GERAL;274;22;12.45;0
2025/04;CIRURGIA GERAL/7;2799;8;349.88;0
2024/02;NEUROCIRURGIA/5;296;3;98.67;0
2026/05;UROLOGIA/7;1604;3;534.67;0
2025/03;ORTOPEDIA/COTOVELO;8;2;4.0;0
2023/03;CIRURGIA VASCULAR/5;26;1;26.0;0
2025/11;NEUROCIRURGIA/1;1460;10;146.0;0
2025/05;NEUROCIRURGIA/5;27;1;27.0;0
2025/07;CIRURGIA CARDÍACA - ADULTO/CIRURGIA CARDÍACA;701;1;701.0;0
2025/08;ORTOPEDIA/1;1746;114;15.32;0
2024/06;CIRURGIA GERAL/4;124;7;17.71;0
2025/03;GINECOLOGIA/1;119;3;39.67;0
2025/11;BUCOMAXILOFACIAL/ORTOGNÁTICA;327;5;65.4;0
2023/01;CIRURGIA GERAL;3023;393;7.69;501
2025/07;CIRURGIA GERAL/10;23;1;23.0;0
2026/04;CIRURGIA GERAL/ESTOMAGO E INTESTINOS;1359;41;33.15;0
2023/09;OFTALMOLOGIA/OD;14108;335;42.11;0
2024/12;ORTOPEDIA/COLUNA (ARTRODESE);487;10;48.7;0
2025/12;OFTALMOLOGIA/AMBULATORIAL - OE;14560;154;94.55;0
2025/03;COLOPROCTOLOGIA/2;256;2;128.0;0
2025/02;OFTALMOLOGIA/AO;1612;26;62.0;0
2025/09;ORTOPEDIA/10;3971;6;661.83;0
2025/09;COLOPROCTOLOGIA/1;1725;35;49.29;0
2024/01;UROLOGIA/6;628;2;314.0;0
2024/01;CIRURGIA PLÁSTICA/4;252;4;63.0;0
2024/02;CIRURGIA PLÁSTICA/10;154;1;154.0;0
2024/09;COLOPROCTOLOGIA/1;2216;22;100.73;0
2024/10;CIRURGIA GERAL/1;99;3;33.0;0
2024/02;ORTOPEDIA/9;177;5;35.4;0
2025/01;OFTALMOLOGIA/AMBULATORIAL - OE;8832;235;37.58;0
2024/04;ORTOPEDIA;19460;719;27.07;1223
2026/03;MASTOLOGIA/2;206;2;103.0;0
2025/07;ONCOLOGIA/APARELHO DIGESTIVO;46;2;23.0;0
2025/09;ORTOPEDIA/7;736;1;736.0;0
2024/05;UROLOGIA;8362;317;26.38;429
2025/01;CIRURGIA CARDÍACA - ANGIOPLASTIA;299;27;11.07;26
2025/09;GINECOLOGIA/2;80;1;80.0;0
2024/06;GINECOLOGIA/2;352;5;70.4;0
2026/01;GINECOLOGIA/GERAL;3607;45;80.16;0
2026/05;CIRURGIA GERAL/2;675;12;56.25;0
2023/07;ORTOPEDIA/REVISÃO JOELHO;29;2;14.5;0
2025/03;MASTOLOGIA;187;7;26.71;21
2024/05;CIRURGIA PEDIÁTRICA;1213;36;33.69;154
2023/09;CIRURGIA CARDÍACA - ADULTO/MARCAPASSO;62;1;62.0;0
2023/06;OTORRINOLARINGOLOGIA/OUVIDO 3;155;3;51.67;0
2025/07;ORTOPEDIA/FIXADOR EXTERNO;626;22;28.45;0
2023/08;CIRURGIA PLÁSTICA/1;0;1;0.0;0
2023/11;CIRURGIA VASCULAR/1;10;14;0.71;0
2025/05;NEUROCIRURGIA/1;1470;20;73.5;0
2023/03;OFTALMOLOGIA/PTERIGIO OD;205;160;1.28;0
2026/02;OFTALMOLOGIA/CATARATA OD;309;122;2.53;0
2026/01;CIRURGIA PLÁSTICA/2;210;1;210.0;0
2026/05;CIRURGIA CARDÍACA - PEDIATRICA/CIRURGIA CARDÍACA;853;8;106.63;0
2025/07;CERFIS/2;1753;24;73.04;0
2024/10;CIRURGIA GERAL;29119;941;30.94;1112
2024/07;GINECOLOGIA/5;110;6;18.33;0
2024/04;ORTOPEDIA/RETIRADA;2159;21;102.81;0
2026/03;COLOPROCTOLOGIA/2;346;4;86.5;0
2025/02;ORTOPEDIA/JOELHO;316;4;79.0;0
2024/01;CIRURGIA VASCULAR/6;1362;8;170.25;0
2025/04;GINECOLOGIA/HISTERECTOMIA;318;5;63.6;0
2023/05;CIRURGIA TORÁCICA/4;0;1;0.0;0
2025/09;CARDIOLOGIA ANGIOPLASTIA;114;1;114.0;1
2023/07;CIRURGIA GERAL/PAREDE E CAVIDADE ABDOMINAL;2470;76;32.5;0
2023/10;CIRURGIA GERAL/8;0;4;0.0;0
2023/08;CIRURGIA PLÁSTICA/6;347;6;57.83;0
2025/08;CIRURGIA GERAL/GERAL;3441;62;55.5;0
2024/03;PCCO - BARIATRICA;427;36;11.86;36
2025/09;CIRURGIA PEDIÁTRICA;4333;46;94.2;130
2026/03;ORTOPEDIA/5;1618;3;539.33;0
2025/11;ORTOPEDIA/COLUNA (BLOQUEIOS);334;4;83.5;0
2025/02;CIRURGIA PLÁSTICA/3;63;1;63.0;0
2024/07;OTORRINOLARINGOLOGIA/NARIZ 2;226;9;25.11;0
2025/04;ORTOPEDIA/3;405;9;45.0;0
2025/02;CIRURGIA PLÁSTICA/9;106;1;106.0;0
2023/08;ODONTOLOGIA PARA PACIENTES COM NECESSIDADES ESPECIAIS;1478;22;67.18;21
2025/10;OTORRINOLARINGOLOGIA/NARIZ 2;263;8;32.88;0
2025/06;CIRURGIA GERAL;30903;942;32.81;1051
2023/06;CIRURGIA VASCULAR/1;11;15;0.73;0
2023/03;OFTALMOLOGIA/OD;9543;444;21.49;0
2024/06;UROLOGIA/2;1942;33;58.85;0
2024/12;PCCO - BARIATRICA;195;20;9.75;20
2024/07;CARDIOLOGIA;21;3;7.0;3
2025/08;OFTALMOLOGIA/CATARATA OE;608;125;4.86;0
2023/11;CIRURGIA PEDIÁTRICA;398;38;10.47;103
2025/08;GINECOLOGIA/HISTERECTOMIA;598;10;59.8;0
2026/07;NEUROCIRURGIA/4;2706;16;169.13;0
2025/12;ORTOPEDIA/7;498;5;99.6;0
2023/08;CIRURGIA GERAL/6;19;9;2.11;0
2024/07;MASTOLOGIA/4;12;2;6.0;0
2023/06;COLOPROCTOLOGIA;27;1;27.0;24
2026/09;CERFIS/2;1282;24;53.42;0
2024/02;ORTOPEDIA/REVISÃO QUADRIL;99;6;16.5;0
2023/05;CIRURGIA VASCULAR/4;197;14;14.07;0
2025/06;CIRURGIA PLÁSTICA/9;749;2;374.5;0
2026/02;COLOPROCTOLOGIA;2128;30;70.93;48
2026/04;ORTOPEDIA/FIXADOR EXTERNO;504;14;36.0;0
2025/09;CIRURGIA VASCULAR;11110;175;63.49;220
2024/01;OTORRINOLARINGOLOGIA/OUVIDO 3;277;5;55.4;0
2024/02;ORTOPEDIA/COLUNA (ARTRODESE);631;17;37.12;0
2023/04;GINECOLOGIA/2;152;3;50.67;0
2026/09;CIRURGIA GERAL/5;17829;62;287.56;0
2026/01;UROLOGIA/6;1057;2;528.5;0
2023/06;GINECOLOGIA/3;704;12;58.67;0
2025/05;UROLOGIA/1;1674;33;50.73;0
2024/12;CIRURGIA VASCULAR/3;185;5;37.0;0
2024/09;GINECOLOGIA/6;3687;16;230.44;0
2025/11;UROLOGIA;3497;92;38.01;500
2025/05;ORTOPEDIA/3;1822;9;202.44;0
2025/06;ONCOLOGIA/DERMATOLOGIA;562;48;11.71;0
2024/12;NEUROCIRURGIA/1;1535;16;95.94;0
2023/05;ORTOPEDIA/7;185;3;61.67;0
2026/07;ORTOPEDIA/1;589;76;7.75;0
2024/03;OTORRINOLARINGOLOGIA/CIRURGIAS PLÁSTICAS;2114;9;234.89;0
2024/11;ORTOPEDIA/REVISÃO JOELHO;6;1;6.0;0
2026/03;PROGRAMA TRANSEXUALIZADOR/CIRURGIA PLÁSTICA;566;3;188.67;0
2026/02;CARDIOLOGIA;857;4;214.25;4
2024/05;ORTOPEDIA/QUADRIL PEDIÁTRICA;170;1;170.0;0
2026/03;CIRURGIA VASCULAR;11022;144;76.54;186
2026/07;CIRURGIA GERAL/ESTOMAGO E INTESTINOS;879;39;22.54;0
2024/08;ONCOLOGIA/GINECOLOGIA;770;22;35.0;0
2023/07;UROLOGIA/5;559;12;46.58;0
2023/08;CERFIS/1;211;11;19.18;0
2025/11;CIRURGIA PLÁSTICA/1;147;3;49.0;0
2023/12;PCCO - BARIATRICA;376;34;11.06;33
2025/12;GINECOLOGIA/GERAL;2507;35;71.63;0
2025/07;ORTOPEDIA/JOELHO (ATJ);9388;15;625.87;0
2024/07;CIRURGIA PLÁSTICA/GERAL;123;2;61.5;0
2023/07;CIRURGIA CARDÍACA - ADULTO/CIRURGIA CARDÍACA;21;1;21.0;0
2023/11;OFTALMOLOGIA/PTERIGIO OE;207;108;1.92;0
2024/09;ORTOPEDIA/4;1749;12;145.75;0
2024/01;CIRURGIA PEDIÁTRICA/2;3040;30;101.33;0
2024/08;GINECOLOGIA/2;599;8;74.88;0
2023/03;ORTOPEDIA/9;198;5;39.6;0
2023/07;COLOPROCTOLOGIA/1;592;24;24.67;0
2024/07;CIRURGIA GERAL/4;257;11;23.36;0
2026/09;NEUROCIRURGIA/5;5829;14;416.36;0
2024/08;CIRURGIA TORÁCICA/2;343;5;68.6;0
2025/09;ORTOPEDIA/ARTROPLASTIA;478;1;478.0;0
2025/09;ORTOPEDIA;61741;895;68.98;1413
2024/01;CIRURGIA PLÁSTICA/6;782;7;111.71;0
2023/05;UROLOGIA/4;35;3;11.67;0
2023/07;CERFIS/2;248;18;13.78;0
2024/01;ONCOLOGIA/CIRURGIA GERAL;295;31;9.52;0
2026/07;UROLOGIA/9;24;1;24.0;0
2026/01;BUCOMAXILOFACIAL/GERAL;1135;17;66.76;0
2023/02;OFTALMOLOGIA/OE;5570;281;19.82;0
2025/01;OTORRINOLARINGOLOGIA/3;1046;6;174.33;0
2026/08;ORTOPEDIA/JOELHO (ARTROSCOPIAS);1189;26;45.73;0
2023/08;CIRURGIA GERAL/ESTOMAGO E INTESTINOS;196;46;4.26;0
2023/03;NEUROCIRURGIA/1;153;4;38.25;0
2023/10;CIRURGIA VASCULAR/1;62;11;5.64;0
2025/08;OTORRINOLARINGOLOGIA/OUVIDO 3;203;3;67.67;0
2023/10;COLOPROCTOLOGIA/2;97;3;32.33;0
2024/09;CIRURGIA GERAL/MUTIRÃO;294;10;29.4;0
2024/04;CIRURGIA VASCULAR/4;1230;16;76.88;0
2025/03;CIRURGIA PEDIÁTRICA;4098;37;110.76;128
2024/04;CIRURGIA GERAL/GERAL;0;1;0.0;0
2026/04;OTORRINOLARINGOLOGIA/3;2214;6;369.0;0
2023/07;CIRURGIA GERAL/ESTOMAGO E INTESTINOS;249;41;6.07;0
2025/04;UROLOGIA/3;5260;18;292.22;0
2024/01;ORTOPEDIA/JOELHO (ARTROSCOPIAS);3217;47;68.45;0
2023/01;ORTOPEDIA/RETIRADA DE MATERIAL;50;4;12.5;0
2026/09;UROLOGIA/4;1589;20;79.45;0
2025/11;OTORRINOLARINGOLOGIA/NARIZ 2;42;2;21.0;0
2023/04;CIRURGIA GERAL/6;72;18;4.0;0
2023/06;GINECOLOGIA/2;372;8;46.5;0
2024/08;ORTOPEDIA/JOELHO;23;2;11.5;0
2025/03;ORTOPEDIA/JOELHO;227;5;45.4;0
2023/02;OTORRINOLARINGOLOGIA/3;84;6;14.0;0
2023/12;ORTOPEDIA/QUADRIL PEDIÁTRICA;249;1;249.0;0
2024/02;CIRURGIA GERAL/5;57;9;6.33;0
2023/03;GINECOLOGIA/7;15;1;15.0;0
2023/02;ORTOPEDIA/OMBRO;801;55;14.56;0
2026/09;ONCOLOGIA PEDIATRICA;317;28;11.32;24
2024/08;ORTOPEDIA/QUADRIL;2208;56;39.43;0
2026/05;ORTOPEDIA/RETIRADA DE MATERIAL SÍNTESE;1010;45;22.44;0
2026/01;GINECOLOGIA;46698;382;122.25;386
2025/03;CERFIS/2;413;10;41.3;0
2023/06;OTORRINOLARINGOLOGIA/3;223;4;55.75;0
2024/01;CIRURGIA TORÁCICA/3;642;5;128.4;0
2025/04;UROLOGIA/GERAL;7511;168;44.71;0
2023/09;UROLOGIA;3534;136;25.99;311
2023/04;CIRURGIA GERAL/GERAL;40;1;40.0;0
2026/07;OTORRINOLARINGOLOGIA/OUVIDO 1;103;3;34.33;0
2024/05;GINECOLOGIA/HISTERECTOMIA;75;4;18.75;0
2026/08;UROLOGIA/7;1565;4;391.25;0
2024/04;OTORRINOLARINGOLOGIA;979;42;23.31;126
2025/10;UROLOGIA/5;1744;5;348.8;0
2023/04;BUCOMAXILOFACIAL/ORTOGNÁTICA;109;6;18.17;0
2025/01;CIRURGIA VASCULAR/2;256;10;25.6;0
2025/04;CIRURGIA VASCULAR/1;46;2;23.0;0
2024/02;OTORRINOLARINGOLOGIA/OUVIDO 2;29;1;29.0;0
2026/02;OTORRINOLARINGOLOGIA/NARIZ 1;461;13;35.46;0
2023/09;UROLOGIA/GERAL;3609;55;65.62;0
2024/05;CIRURGIA VASCULAR/4;2013;17;118.41;0
2024/08;COLOPROCTOLOGIA;129;6;21.5;34
2026/04;UROLOGIA/5;723;4;180.75;0
2025/02;MASTOLOGIA/4;38;2;19.0;0
2023/03;UROLOGIA/RETIRADA;630;68;9.26;0
2026/06;OTORRINOLARINGOLOGIA;4389;83;52.88;183
2023/08;UROLOGIA/4;143;8;17.88;0
2025/06;MASTOLOGIA;368;14;26.29;34
2026/07;CIRURGIA CARDÍACA - ADULTO/MARCAPASSO;803;12;66.92;0
2024/03;GINECOLOGIA/3;2008;13;154.46;0
2025/09;CIRURGIA GERAL;45989;1029;44.69;1156
2024/12;OFTALMOLOGIA/CATARATA OE;746;151;4.94;0
2023/12;NEUROCIRURGIA/1;1851;15;123.4;0
2025/10;CIRURGIA GERAL/ESTOMAGO E INTESTINOS;332;30;11.07;0
2026/02;OTORRINOLARINGOLOGIA/OUVIDO 1;217;4;54.25;0
2026/08;MASTOLOGIA/3;1159;21;55.19;0
2025/03;ORTOPEDIA/JOELHO (ARTROSCOPIAS);14930;61;244.75;0
2026/06;NEUROCIRURGIA;627;3;209.0;22
2026/06;OFTALMOLOGIA/HOSPITALAR - OD;91;1;91.0;0
2026/03;ORTOPEDIA/RETIRADA DE MATERIAL SÍNTESE;1191;41;29.05;0
2024/11;ORTOPEDIA/8;4801;11;436.45;0
2026/05;ONCOLOGIA/COLOPROCTOLOGIA;107;6;17.83;0
2026/06;ONCOLOGIA/DERMATOLOGIA;675;48;14.06;0
2024/06;ORTOPEDIA/COLUNA (BLOQUEIOS);1471;9;163.44;0
2025/08;CIRURGIA VASCULAR/6;350;5;70.0;0
2023/10;GINECOLOGIA/6;1676;9;186.22;0
2026/07;ONCOLOGIA;3680;52;70.77;142
2026/03;ORTOPEDIA/PÉ/TORNOZELO;1071;39;27.46;0
2025/02;UROLOGIA/6;1684;4;421.0;0
2023/06;NEUROCIRURGIA/5;96;1;96.0;0
2024/07;ORTOPEDIA/JOELHO (ARTROSCOPIAS);13183;63;209.25;0
2026/03;OTORRINOLARINGOLOGIA/1;5231;22;237.77;0
2026/09;ORTOPEDIA/1;1750;68;25.74;0
2023/06;UROLOGIA/2;2045;40;51.13;0
2025/12;CIRURGIA GERAL/4;845;7;120.71;0
2024/04;UROLOGIA/GERAL;4494;45;99.87;0
2026/01;GINECOLOGIA/9;303;1;303.0;0
2023/02;ORTOPEDIA/QUADRIL;55;54;1.02;0
2023/11;CIRURGIA PLÁSTICA/5;423;2;211.5;0
2025/09;NEUROCIRURGIA/3;54;2;27.0;0
2025/08;GASTROENTEROLOGIA;319;2;159.5;1
2025/11;OTORRINOLARINGOLOGIA/1;1228;10;122.8;0
2025/03;ORTOPEDIA/11;469;1;469.0;0
2026/07;CIRURGIA TORÁCICA;50;2;25.0;3
2025/11;CIRURGIA GERAL/FIGADO E VIAS BILIARES;1188;40;29.7;0
2023/12;CIRURGIA TORÁCICA;203;5;40.6;12
2025/03;CIRURGIA PEDIÁTRICA/1;3125;97;32.22;0
2025/11;OTORRINOLARINGOLOGIA/NARIZ 1;288;8;36.0;0
2025/05;OFTALMOLOGIA/CATARATA OE;376;121;3.11;0
2026/08;CIRURGIA VASCULAR/2;71;8;8.88;0
2026/03;CIRURGIA TORÁCICA/2;110;2;55.0;0
2023/11;CIRURGIA GERAL/2;517;16;32.31;0
2024/03;CIRURGIA VASCULAR/3;613;2;306.5;0
2023/02;CIRURGIA GERAL/8;0;7;0.0;0
2024/05;CIRURGIA GERAL/ESTOMAGO E INTESTINOS;253;33;7.67;0
2026/05;ORTOPEDIA/TUMOR;118;4;29.5;0
2025/05;OFTALMOLOGIA/AO;2470;18;137.22;0
2024/11;CIRURGIA VASCULAR/3;410;6;68.33;0
2023/05;ORTOPEDIA/QUADRIL PEDIÁTRICA;277;4;69.25;0
2024/08;ORTOPEDIA/PLEXO BRAQUIAL;329;1;329.0;0
2026/09;DERMATOLOGIA;310;6;51.67;0
2024/06;ORTOPEDIA/RETIRADA DE MATERIAL;7396;26;284.46;0
2025/11;CIRURGIA GERAL/5;976;6;162.67;0
2024/10;GINECOLOGIA/5;12;1;12.0;0
2025/09;CIRURGIA TORÁCICA/3;94;4;23.5;0
2026/08;CIRURGIA VASCULAR/6;20;2;10.0;0
2024/01;UROLOGIA/3;554;17;32.59;0
2024/02;CIRURGIA GERAL/PAREDE E CAVIDADE ABDOMINAL;1283;31;41.39;0
2026/01;DERMATOLOGIA;117;5;23.4;5
2024/12;OTORRINOLARINGOLOGIA/2;367;5;73.4;0
2025/01;OFTALMOLOGIA/AMBULATORIAL - OD;8098;207;39.12;0
2024/06;CIRURGIA PLÁSTICA/8;366;2;183.0;0
2023/07;CIRURGIA GERAL/1;184;4;46.0;0
2024/08;CIRURGIA VASCULAR/4;304;12;25.33;0
2026/07;ORTOPEDIA/RETIRADA;455;7;65.0;0
2026/03;UROLOGIA/LITIASE;523;9;58.11;0
2024/10;ORTOPEDIA/3;858;7;122.57;0
2026/07;OFTALMOLOGIA/HOSPITALAR - OD;1670;8;208.75;0
2026/03;CIRURGIA PEDIÁTRICA/2;1010;10;101.0;0
2025/05;BUCOMAXILOFACIAL;195;12;16.25;26
2024/06;NEUROCIRURGIA/1;3705;24;154.38;0
2023/05;CIRURGIA GERAL/FIGADO E VIAS BILIARES;2555;34;75.15;0
2023/09;PCCO - BARIATRICA;881;22;40.05;20
2024/09;CIRURGIA GERAL/GERAL;4468;78;57.28;0
2025/10;ORTOPEDIA;129238;989;130.68;1394
2026/04;OTORRINOLARINGOLOGIA/NARIZ 2;143;2;71.5;0
2026/09;GINECOLOGIA/HISTERECTOMIA;8913;77;115.75;0
2026/02;OTORRINOLARINGOLOGIA/CAVIDADE ORAL;497;17;29.24;0
2023/10;CIRURGIA DE CABEÇA E PESCOÇO/2;994;7;142.0;0
2023/04;CIRURGIA GERAL/PAREDE E CAVIDADE ABDOMINAL;1978;39;50.72;0
2023/10;OTORRINOLARINGOLOGIA/NARIZ 2;258;8;32.25;0
2024/12;CIRURGIA GERAL/PAREDE E CAVIDADE ABDOMINAL;1536;22;69.82;0
2026/05;ORTOPEDIA/OMBRO;1911;52;36.75;0
2024/07;CIRURGIA CARDÍACA - ADULTO;434;20;21.7;20
2024/01;GINECOLOGIA/4;133;3;44.33;0
2026/04;ORTOPEDIA/GERAL E TRAUMATOLOGIA;87;7;12.43;0
2023/12;CIRURGIA VASCULAR/1;17;9;1.89;0
2024/01;MASTOLOGIA/5;187;4;46.75;0
2023/02;NEUROCIRURGIA;20;1;20.0;14
2023/06;NEUROCIRURGIA/3;0;1;0.0;0
2025/06;UROLOGIA/2;1004;8;125.5;0
2025/07;OFTALMOLOGIA/AMBULATORIAL - OE;10984;208;52.81;0
2025/05;OFTALMOLOGIA/HOSPITALAR - OD;633;10;63.3;0
2025/02;ORTOPEDIA/2;495;29;17.07;0
2026/09;OFTALMOLOGIA/CATARATA OE;2665;125;21.32;0
2025/05;ORTOPEDIA/GERAL;1717;64;26.83;0
2025/07;GINECOLOGIA/3;1168;8;146.0;0
2026/01;CIRURGIA GERAL/FIGADO E VIAS BILIARES;589;42;14.02;0
2025/11;CIRURGIA GERAL/4;3438;29;118.55;0
2026/03;ONCOLOGIA PEDIATRICA;130;6;21.67;4
2025/01;OFTALMOLOGIA/OD;14860;387;38.4;0
2024/12;ORTOPEDIA/PÉ/TORNOZELO;1995;42;47.5;0
2024/06;OFTALMOLOGIA/CATARATA OE;456;122;3.74;0
2026/09;OTORRINOLARINGOLOGIA/IMPLANTE COCLEAR;6167;37;166.68;0
2025/09;OFTALMOLOGIA/HOSPITALAR - OD;4550;20;227.5;0
2023/08;ORTOPEDIA/MÃO;1537;52;29.56;0
2026/03;ONCOLOGIA;4932;94;52.47;144
2025/04;ORTOPEDIA/PÉ/TORNOZELO;1083;46;23.54;0
2024/11;ORTOPEDIA/RETIRADA DE MATERIAL;6040;20;302.0;0
2024/01;OFTALMOLOGIA/OD;17043;321;53.09;0
2025/01;ODONTOLOGIA PARA PACIENTES COM NECESSIDADES ESPECIAIS;1336;25;53.44;19
2024/10;CARDIOLOGIA;95;4;23.75;4
2025/04;ORTOPEDIA/FIXADOR EXTERNO;1432;15;95.47;0
2026/03;CIRURGIA VASCULAR/2;416;13;32.0;0
2023/10;ORTOPEDIA/QUADRIL PEDIÁTRICA;261;1;261.0;0
2025/12;OTORRINOLARINGOLOGIA/CAVIDADE ORAL;1079;28;38.54;0
2026/07;OTORRINOLARINGOLOGIA/7;49;1;49.0;0
2025/04;OFTALMOLOGIA/CATARATA OD;716;121;5.92;0
2026/06;GINECOLOGIA;25066;429;58.43;438
2024/12;COLOPROCTOLOGIA;556;13;42.77;35
2026/03;CIRURGIA CARDÍACA - PEDIATRICA/CIRURGIA CARDÍACA;1845;14;131.79;0
2026/04;OTORRINOLARINGOLOGIA/LARINGE;17;1;17.0;0
2025/05;CIRURGIA GERAL/GERAL;1572;55;28.58;0
2026/01;CIRURGIA PEDIÁTRICA;4134;30;137.8;117
2026/02;PROGRAMA TRANSEXUALIZADOR/OTORRINOLARINGOLOGIA;448;2;224.0;0
2023/11;OTORRINOLARINGOLOGIA/3;1011;7;144.43;0
2023/11;ORTOPEDIA/7;1255;9;139.44;0
2024/10;ORTOPEDIA/FIXADOR EXTERNO;1021;16;63.81;0
2024/12;ORTOPEDIA/GERAL;348;12;29.0;0
2025/10;ONCOLOGIA/GINECOLOGIA;234;13;18.0;0
2023/07;UROLOGIA/1;1155;38;30.39;0
2025/09;ORTOPEDIA/COLUNA (BLOQUEIOS);542;6;90.33;0
2025/04;ORTOPEDIA/QUADRIL PEDIÁTRICA;1792;7;256.0;0
2023/02;ORTOPEDIA/RETIRADA;82;5;16.4;0
2024/10;CIRURGIA VASCULAR/5;158;2;79.0;0
2023/04;ORTOPEDIA/7;120;3;40.0;0
2025/04;CIRURGIA PLÁSTICA/10;4134;7;590.57;0
2023/05;MASTOLOGIA/2;13;1;13.0;0
2023/04;CIRURGIA VASCULAR/2;0;7;0.0;0
2025/08;MASTOLOGIA/4;25;1;25.0;0
2024/09;CIRURGIA VASCULAR/6;1509;6;251.5;0
2025/12;CIRURGIA VASCULAR/6;13;1;13.0;0
2026/08;CIRURGIA DE CABEÇA E PESCOÇO;250;3;83.33;15
2026/08;ONCOLOGIA/DERMATOLOGIA;471;36;13.08;0
2025/09;CIRURGIA VASCULAR/4;21;1;21.0;0
2025/12;ORTOPEDIA/COLUNA (ARTRODESE);1319;10;131.9;0
2024/01;OTORRINOLARINGOLOGIA/CIRURGIAS PLÁSTICAS;459;7;65.57;0
2024/07;CIRURGIA VASCULAR/7;393;1;393.0;0
2026/03;CIRURGIA CARDÍACA - ADULTO/MARCAPASSO;642;27;23.78;0
2025/04;CIRURGIA DE CABEÇA E PESCOÇO/2;1712;6;285.33;0
2026/06;ORTOPEDIA/9;911;3;303.67;0
2025/10;ORTOPEDIA/QUADRIL;18905;70;270.07;0
2023/04;UROLOGIA/2;633;23;27.52;0
2024/04;OFTALMOLOGIA;599;3;199.67;1446
2023/10;CIRURGIA GERAL/ESTOMAGO E INTESTINOS;214;45;4.76;0
2023/03;CIRURGIA GERAL/2;23;14;1.64;0
2023/04;CIRURGIA GERAL/4;97;5;19.4;0
2026/08;ORTOPEDIA/MÃO E PUNHO;38;4;9.5;0
2024/12;ONCOLOGIA;1839;63;29.19;127
2024/08;GINECOLOGIA;22468;532;42.23;575
2023/06;CIRURGIA GERAL/GERAL;49;1;49.0;0
2025/12;ORTOPEDIA/RETIRADA DE MATERIAL;637;7;91.0;0
2025/03;OTORRINOLARINGOLOGIA/NARIZ 1;531;12;44.25;0
2026/06;UROLOGIA/3;6317;17;371.59;0
2025/12;CERFIS/1;240;6;40.0;0
2023/07;ORTOPEDIA/RETIRADA DE MATERIAL;2030;42;48.33;0
2024/11;ORTOPEDIA/MÃO;4396;23;191.13;0
2024/07;ORTOPEDIA/COLUNA (ARTRODESE);701;12;58.42;0
2023/05;UROLOGIA;1685;75;22.47;278
2023/10;NEUROCIRURGIA/1;1356;12;113.0;0
2023/06;ORTOPEDIA/COLUNA (DEFORMIDADES);150;2;75.0;0
2024/05;OFTALMOLOGIA/OD;20775;562;36.97;0
2023/09;ORTOPEDIA/7;91;2;45.5;0
2025/10;GINECOLOGIA/2;243;3;81.0;0
2025/12;CIRURGIA GERAL;34313;935;36.7;1034
2025/05;PCCO - BARIATRICA;263;23;11.43;21
2023/11;GINECOLOGIA/4;143;2;71.5;0
2025/12;CIRURGIA VASCULAR/7;424;1;424.0;0
2026/02;ORTOPEDIA/COLUNA (BLOQUEIOS);457;7;65.29;0
2026/04;ORTOPEDIA/PÉ E TORNOZELO;23;1;23.0;0
2023/02;CIRURGIA CARDÍACA - ADULTO/MARCAPASSO;81;2;40.5;0
2023/12;CIRURGIA PLÁSTICA/6;445;4;111.25;0
2023/10;NEUROCIRURGIA;240;1;240.0;24
2025/11;ONCOLOGIA/UROLOGIA;240;6;40.0;0
2024/09;ORTOPEDIA/6;347;3;115.67;0
2023/02;ORTOPEDIA/COLUNA (BLOQUEIOS);0;1;0.0;0
2025/07;ODONTOLOGIA PARA PACIENTES COM NECESSIDADES ESPECIAIS;966;30;32.2;24
2025/04;CIRURGIA PEDIÁTRICA;3044;39;78.05;119
2026/02;ORTOPEDIA/4;682;9;75.78;0
2026/09;ORTOPEDIA/OMBRO E COTOVELO;103;8;12.88;0
2026/04;ORTOPEDIA/REVISÃO JOELHO;2547;3;849.0;0
2026/08;OFTALMOLOGIA/HOSPITALAR - OE;4200;13;323.08;0
2025/09;CIRURGIA PLÁSTICA/GERAL;85;1;85.0;0
2025/03;OTORRINOLARINGOLOGIA/IMPLANTE COCLEAR;339;3;113.0;0
2023/01;ORTOPEDIA/6;0;1;0.0;0
2026/01;ORTOPEDIA/QUADRIL PEDIÁTRICA;1321;7;188.71;0
2023/01;COLOPROCTOLOGIA/1;164;14;11.71;0
2024/10;CIRURGIA PEDIÁTRICA/3;681;4;170.25;0
2024/11;MASTOLOGIA/5;379;9;42.11;0
2023/02;NEUROCIRURGIA/5;18;2;9.0;0
2026/01;OTORRINOLARINGOLOGIA/5;195;1;195.0;0
2024/03;CIRURGIA TORÁCICA;0;3;0.0;5
2024/09;GINECOLOGIA/8;20;1;20.0;0
2023/08;CIRURGIA GERAL/5;313;6;52.17;0
2026/04;ONCOLOGIA/CIRURGIA GERAL;146;17;8.59;0
2023/07;ORTOPEDIA/TUMOR;518;12;43.17;0
2025/11;NEUROCIRURGIA/5;1902;2;951.0;0
2023/11;CIRURGIA TORÁCICA/2;288;7;41.14;0
2025/10;UROLOGIA/GERAL;23772;198;120.06;0
2025/05;GINECOLOGIA;17508;321;54.54;400
2026/04;OTORRINOLARINGOLOGIA/5;482;1;482.0;0
2026/06;CIRURGIA CARDÍACA - PEDIATRICA/CIRURGIA CARDÍACA;845;5;169.0;0
2025/12;CIRURGIA GERAL/FIGADO E VIAS BILIARES;1061;46;23.07;0
2025/11;ORTOPEDIA/3;15;3;5.0;0
2023/08;PROGRAMA TRANSEXUALIZADOR;322;3;107.33;3
2024/01;CIRURGIA PEDIÁTRICA/3;3430;16;214.38;0
2025/02;COLOPROCTOLOGIA/2;642;8;80.25;0
2025/07;CIRURGIA GERAL/2;109;8;13.63;0
2025/03;ONCOLOGIA/DERMATOLOGIA;1810;58;31.21;0
2026/09;CIRURGIA GERAL/4;5536;90;61.51;0
2024/03;BUCOMAXILOFACIAL/GERAL;431;14;30.79;0
2025/07;ONCOLOGIA/CIRURGIA GERAL;202;17;11.88;0
2023/04;ORTOPEDIA/COLUNA (BLOQUEIOS);146;2;73.0;0
2023/11;ORTOPEDIA/REVISÃO JOELHO;1;2;0.5;0
2023/08;GINECOLOGIA/4;28;2;14.0;0
2024/12;ONCOLOGIA/GINECOLOGIA;269;10;26.9;0
2024/01;COLOPROCTOLOGIA/2;97;4;24.25;0
2025/12;OFTALMOLOGIA/AMBULATORIAL - OD;12060;143;84.34;0
2026/06;UROLOGIA/6;442;2;221.0;0
2023/02;CIRURGIA GERAL/FIGADO E VIAS BILIARES;100;4;25.0;0
2023/07;CIRURGIA VASCULAR/5;18;1;18.0;0
2024/11;UROLOGIA/RETIRADA DE DUPLO J;2027;119;17.03;0
2025/12;ONCOLOGIA;4663;73;63.88;147
2026/02;CIRURGIA GERAL/2;186;5;37.2;0
2023/12;PROGRAMA TRANSEXUALIZADOR;628;5;125.6;5
2024/11;OTORRINOLARINGOLOGIA/NARIZ 1;195;9;21.67;0
2025/10;ORTOPEDIA/JOELHO (ARTROSCOPIAS);12387;58;213.57;0
2023/01;CIRURGIA CARDÍACA - ANGIOPLASTIA;72;10;7.2;7
2026/04;ORTOPEDIA/3;6;2;3.0;0
2023/07;CIRURGIA PEDIÁTRICA/1;2317;66;35.11;0
2024/05;CIRURGIA VASCULAR/1;0;11;0.0;0
2024/03;ORTOPEDIA/QUADRIL;4024;108;37.26;0
2025/12;CIRURGIA GERAL/7;4249;10;424.9;0
2025/07;UROLOGIA/RETIRADA DE DUPLO J;3482;165;21.1;0
2023/04;UROLOGIA/LITIASE;358;20;17.9;0
2023/09;GINECOLOGIA/4;59;2;29.5;0
2025/12;ORTOPEDIA/11;689;1;689.0;0
2026/09;OFTALMOLOGIA/AMBULATORIAL - OE;207450;1326;156.45;0
2024/01;ORTOPEDIA/7;401;3;133.67;0
2023/08;ONCOLOGIA/MASTOLOGIA;148;9;16.44;0
2025/06;ORTOPEDIA/QUADRIL PEDIÁTRICA;2451;6;408.5;0
2026/08;ONCOLOGIA PEDIATRICA;168;29;5.79;28
2025/12;GINECOLOGIA/4;494;2;247.0;0
2023/10;CIRURGIA PLÁSTICA/1;357;9;39.67;0
2025/03;ORTOPEDIA/ARTROPLASTIA;303;1;303.0;0
2025/05;CIRURGIA GERAL;40247;1026;39.23;1144
2024/03;MASTOLOGIA/2;3;1;3.0;0
2025/06;CIRURGIA DE CABEÇA E PESCOÇO/1;129;1;129.0;0
2025/06;GINECOLOGIA/1;49;2;24.5;0
2026/01;ORTOPEDIA/ARTROPLASTIA;331;1;331.0;0
2025/06;UROLOGIA/GERAL;13824;149;92.78;0
2026/07;ORTOPEDIA/PLEXO BRAQUIAL;792;2;396.0;0
2026/09;ORTOPEDIA/MÃO E PUNHO;56;6;9.33;0
2026/09;NEUROCIRURGIA/4;12789;47;272.11;0
2024/11;CIRURGIA GERAL/8;62;3;20.67;0
2025/01;ONCOLOGIA/CIRURGIA GERAL;292;10;29.2;0
2025/11;COLOPROCTOLOGIA;2151;23;93.52;44
2023/03;CIRURGIA VASCULAR/7;0;1;0.0;0
2024/11;CARDIOLOGIA;24;3;8.0;3
2024/05;OTORRINOLARINGOLOGIA;1138;33;34.48;109
2025/06;OTORRINOLARINGOLOGIA/2;134;1;134.0;0
2025/03;ORTOPEDIA/COLUNA (BLOQUEIOS);60;4;15.0;0
2025/02;OTORRINOLARINGOLOGIA/OUVIDO 3;408;3;136.0;0
2024/02;ORTOPEDIA/MÃO;759;76;9.99;0
2025/06;CIRURGIA PLÁSTICA/6;934;7;133.43;0
2023/05;CERFIS/1;279;8;34.88;0
2023/02;CIRURGIA GERAL/PAREDE E CAVIDADE ABDOMINAL;611;22;27.77;0
2026/05;UROLOGIA/2;3198;13;246.0;0
2024/08;OTORRINOLARINGOLOGIA/OUVIDO 1;518;7;74.0;0
2025/06;OTORRINOLARINGOLOGIA/1;1206;14;86.14;0
2026/02;COLOPROCTOLOGIA/1;1011;23;43.96;0
2026/09;CIRURGIA PLÁSTICA/3;445;5;89.0;0
2024/11;CIRURGIA GERAL/7;1251;4;312.75;0
2023/12;OFTALMOLOGIA/OD;15751;345;45.66;0
2025/06;ORTOPEDIA/RETIRADA DE MATERIAL SÍNTESE;677;30;22.57;0
2026/03;CERFIS/2;136;11;12.36;0
2026/05;OTORRINOLARINGOLOGIA/OUVIDO 3;401;2;200.5;0
2024/06;GINECOLOGIA/6;1159;5;231.8;0
2026/06;OTORRINOLARINGOLOGIA/CAVIDADE ORAL;1134;49;23.14;0
2024/09;ORTOPEDIA/7;667;4;166.75;0
2024/01;CIRURGIA GERAL/PAREDE E CAVIDADE ABDOMINAL;1861;38;48.97;0
2023/04;CIRURGIA GERAL/7;68;1;68.0;0
2024/01;CIRURGIA PLÁSTICA/GERAL;193;2;96.5;0
2023/01;OFTALMOLOGIA/PTERIGIO OD;366;125;2.93;0
2026/05;OFTALMOLOGIA/AMBULATORIAL - OD;24659;259;95.21;0
2026/05;UROLOGIA/4;562;7;80.29;0
2025/11;UROLOGIA/TROCA DE DUPLO J;1796;41;43.8;0
2025/08;CIRURGIA PLÁSTICA/5;2026;3;675.33;0
2026/02;CIRURGIA GERAL/5;1208;6;201.33;0
2023/09;CIRURGIA VASCULAR;6253;99;63.16;172
2023/06;CIRURGIA GERAL/1;23;2;11.5;0
2025/09;UROLOGIA;3893;86;45.27;452
2023/04;ORTOPEDIA/JOELHO (ARTROSCOPIAS);959;31;30.94;0
2024/06;CIRURGIA TORÁCICA/3;804;5;160.8;0
2025/02;UROLOGIA;11217;151;74.28;468
2024/05;BUCOMAXILOFACIAL/ORTOGNÁTICA;595;9;66.11;0
2025/01;CIRURGIA TORÁCICA/3;2318;7;331.14;0
2024/12;ORTOPEDIA/PEDIÁTRICA GERAL;1678;11;152.55;0
2026/05;ORTOPEDIA/7;1905;7;272.14;0
2026/07;CIRURGIA GERAL/2;138;3;46.0;0
2023/10;OFTALMOLOGIA/OE;22263;359;62.01;0
2026/09;ORTOPEDIA/JOELHO;77375;222;348.54;0
2024/01;ORTOPEDIA/GERAL;940;121;7.77;0
2025/12;PROGRAMA TRANSEXUALIZADOR/CIRURGIA PLÁSTICA;155;1;155.0;0
2023/08;CIRURGIA PEDIÁTRICA/2;1851;16;115.69;0
2024/03;UROLOGIA/5;1148;13;88.31;0
2025/03;GINECOLOGIA/8;9;1;9.0;0
2026/02;NEUROCIRURGIA/4;772;4;193.0;0
2023/08;CIRURGIA VASCULAR;5253;93;56.48;154
2025/07;MASTOLOGIA/5;39;1;39.0;0
2024/10;OTORRINOLARINGOLOGIA/4;1554;6;259.0;0
2024/10;ORTOPEDIA/OMBRO;1522;57;26.7;0
2025/05;OTORRINOLARINGOLOGIA/OUVIDO 1;457;10;45.7;0
2023/12;OFTALMOLOGIA/PTERIGIO OD;137;119;1.15;0
2026/09;CIRURGIA VASCULAR;174885;881;198.51;167
2026/02;UROLOGIA/8;1337;11;121.55;0
2023/04;CIRURGIA GERAL/10;81;1;81.0;0
2026/08;NEUROCIRURGIA/4;2339;10;233.9;0
2025/02;OFTALMOLOGIA/HOSPITALAR - OE;376;18;20.89;0
2023/10;OTORRINOLARINGOLOGIA/2;462;8;57.75;0
2023/05;CIRURGIA CARDÍACA - ADULTO/MARCAPASSO;83;2;41.5;0
2024/08;ORTOPEDIA/5;275;1;275.0;0
2023/12;GINECOLOGIA/2;133;3;44.33;0
2025/05;CIRURGIA VASCULAR/7;96;1;96.0;0
2023/09;GASTROENTEROLOGIA;214;6;35.67;4
2024/04;ONCOLOGIA/DERMATOLOGIA;603;33;18.27;0
2026/09;CIRURGIA TORÁCICA/2;597;10;59.7;0
2023/09;UROLOGIA/2;812;25;32.48;0
2023/01;CIRURGIA TORÁCICA/2;0;1;0.0;0
2025/03;MASTOLOGIA/3;59;4;14.75;0
2025/10;ONCOLOGIA PEDIATRICA;158;17;9.29;17
2024/03;COLOPROCTOLOGIA/4;11;1;11.0;0
2023/12;NEUROCIRURGIA;278;6;46.33;20
2025/09;CIRURGIA PLÁSTICA/8;193;2;96.5;0
2026/09;GINECOLOGIA;318044;1910;166.52;320
2023/12;ORTOPEDIA/RETIRADA DE MATERIAL;2258;53;42.6;0
2025/10;ORTOPEDIA/FIXADOR EXTERNO;3575;24;148.96;0
2024/05;CIRURGIA PEDIÁTRICA/1;2859;114;25.08;0
2023/09;ORTOPEDIA/FIXADOR EXTERNO;591;16;36.94;0
2025/07;PROGRAMA TRANSEXUALIZADOR;680;1;680.0;12
2023/09;OFTALMOLOGIA/PTERIGIO OE;772;104;7.42;0
2024/07;CIRURGIA VASCULAR/MUTIRÃO;264;20;13.2;0
2026/02;MASTOLOGIA/3;665;18;36.94;0
2025/09;ONCOLOGIA/UROLOGIA;227;9;25.22;0
2026/09;BUCOMAXILOFACIAL/ORTOGNÁTICA;2012;20;100.6;0
2023/03;OTORRINOLARINGOLOGIA/OUVIDO 3;64;2;32.0;0
2024/08;UROLOGIA/RETIRADA DE DUPLO J;1326;114;11.63;0
2025/09;UROLOGIA/RETIRADA DE DUPLO J;1658;117;14.17;0
2025/06;GINECOLOGIA/HISTERECTOMIA;218;3;72.67;0
2026/06;GINECOLOGIA/3;372;1;372.0;0
2025/07;OTORRINOLARINGOLOGIA/OUVIDO 1;142;6;23.67;0
2026/09;CIRURGIA PLÁSTICA/GERAL;398;3;132.67;0
2025/07;OFTALMOLOGIA/AO;3562;21;169.62;0
2025/03;CIRURGIA VASCULAR/1;75;10;7.5;0
2025/10;ORTOPEDIA/REVISÃO JOELHO;785;1;785.0;0
2025/02;ORTOPEDIA/9;533;2;266.5;0
2025/07;PROGRAMA TRANSEXUALIZADOR/CIRURGIA PLÁSTICA;1509;3;503.0;0
2024/02;OFTALMOLOGIA/CATARATA OD;1076;146;7.37;0
2024/07;CIRURGIA VASCULAR/1;61;13;4.69;0
2024/01;BUCOMAXILOFACIAL;23;1;23.0;21
2023/01;OTORRINOLARINGOLOGIA/LARINGE;7;1;7.0;0
2024/04;BUCOMAXILOFACIAL/GERAL;562;14;40.14;0
2024/09;CIRURGIA PEDIÁTRICA;219;21;10.43;104
2024/02;ONCOLOGIA/MASTOLOGIA;28;2;14.0;0
2023/04;UROLOGIA/GERAL;1510;32;47.19;0
2025/11;CIRURGIA TORÁCICA;311;2;155.5;3
2025/02;CIRURGIA CARDÍACA - ANGIOPLASTIA;351;23;15.26;22
2026/09;OTORRINOLARINGOLOGIA/LARINGE;3591;17;211.24;0
2023/06;NEUROCIRURGIA/2;104;3;34.67;0
2023/04;ORTOPEDIA/COTOVELO;5;1;5.0;0
2025/01;UROLOGIA/5;1162;11;105.64;0
2023/10;OTORRINOLARINGOLOGIA/1;1175;19;61.84;0
2024/12;CIRURGIA CARDÍACA - PEDIATRICA/CIRURGIA CARDÍACA;464;4;116.0;0
2023/05;CIRURGIA CARDÍACA - PEDIATRICA;295;3;98.33;7
2026/07;OTORRINOLARINGOLOGIA/4;1704;3;568.0;0
2023/08;ORTOPEDIA/GERAL;1258;168;7.49;0
2023/09;CIRURGIA CARDÍACA - ANGIOPLASTIA;1064;16;66.5;15
2023/09;ORTOPEDIA/RETIRADA DE MATERIAL;1450;52;27.88;0
2026/05;ORTOPEDIA/COLUNA (BLOQUEIOS);284;11;25.82;0
2026/09;COLOPROCTOLOGIA/1;1255;50;25.1;0
2023/02;CIRURGIA TORÁCICA/1;0;1;0.0;0
2024/07;OFTALMOLOGIA/CATARATA OE;630;127;4.96;0
2026/05;CIRURGIA PEDIÁTRICA/2;419;3;139.67;0
2023/02;ORTOPEDIA/REVISÃO QUADRIL;0;4;0.0;0
2025/08;UROLOGIA/TROCA DE DUPLO J;2033;43;47.28;0
2023/03;UROLOGIA/2;862;46;18.74;0
2024/10;OFTALMOLOGIA/CATARATA OD;767;134;5.72;0
2025/04;OFTALMOLOGIA/AO;2134;28;76.21;0
2023/02;NEUROCIRURGIA/2;35;1;35.0;0
2025/06;ODONTOLOGIA PARA PACIENTES COM NECESSIDADES ESPECIAIS;643;31;20.74;28
2024/02;NEUROCIRURGIA/4;548;6;91.33;0
2023/05;ORTOPEDIA/REVISÃO JOELHO;46;2;23.0;0
2023/09;ONCOLOGIA/CIRURGIA GERAL;474;25;18.96;0
2026/03;NEUROCIRURGIA/1;3102;22;141.0;0
2024/04;OTORRINOLARINGOLOGIA/NARIZ 2;590;10;59.0;0
2024/10;PCCO - BARIATRICA;327;12;27.25;11
2026/02;CIRURGIA CARDÍACA - ANGIOPLASTIA;664;11;60.36;11
2024/10;OTORRINOLARINGOLOGIA;736;43;17.12;141
2025/03;NEUROCIRURGIA/4;1675;9;186.11;0
2025/03;ORTOPEDIA/COLUNA (DEFORMIDADES);1899;4;474.75;0
2024/06;OTORRINOLARINGOLOGIA/2;534;6;89.0;0
2023/03;CIRURGIA DE CABEÇA E PESCOÇO/1;34;2;17.0;0
2024/01;CIRURGIA CARDÍACA - ADULTO;280;15;18.67;20
2023/08;BUCOMAXILOFACIAL/ORTOGNÁTICA;64;2;32.0;0
2025/11;CIRURGIA GERAL/GERAL;4918;71;69.27;0
2026/02;OTORRINOLARINGOLOGIA/OUVIDO 2;1142;2;571.0;0
2023/01;CIRURGIA GERAL/8;0;5;0.0;0
2026/04;CIRURGIA GERAL/1;17;1;17.0;0
2025/10;CIRURGIA GERAL/5;522;4;130.5;0
2023/01;CIRURGIA GERAL/6;0;7;0.0;0
2024/06;UROLOGIA/RETIRADA;767;15;51.13;0
2025/12;CIRURGIA PEDIÁTRICA/3;499;4;124.75;0
2023/11;NEUROCIRURGIA/2;312;4;78.0;0
2026/07;ORTOPEDIA/TUMOR;136;6;22.67;0
2024/12;CIRURGIA VASCULAR/7;27;1;27.0;0
2024/07;COLOPROCTOLOGIA/2;137;7;19.57;0
2025/04;ONCOLOGIA/COLOPROCTOLOGIA;75;4;18.75;0
2023/06;CIRURGIA GERAL/FIGADO E VIAS BILIARES;6046;60;100.77;0
2025/02;PROGRAMA TRANSEXUALIZADOR/CIRURGIA PLÁSTICA;1044;8;130.5;0
2024/12;UROLOGIA/3;351;10;35.1;0
2026/05;UROLOGIA/6;839;2;419.5;0
2023/05;NEUROCIRURGIA/4;418;12;34.83;0
2025/10;ORTOPEDIA/9;3004;4;751.0;0
2023/01;ORTOPEDIA/FIXADOR EXTERNO;7;2;3.5;0
2024/09;MASTOLOGIA;302;15;20.13;40
2023/10;NEUROCIRURGIA/2;345;5;69.0;0
2024/09;ORTOPEDIA/PLEXO BRAQUIAL;284;2;142.0;0
2025/11;ORTOPEDIA/PEDIÁTRICA GERAL;1181;22;53.68;0
2025/06;OTORRINOLARINGOLOGIA/OUVIDO 2;124;2;62.0;0
2025/10;ORTOPEDIA/2;1643;50;32.86;0
2024/02;CIRURGIA PLÁSTICA/1;1446;7;206.57;0
2024/01;ONCOLOGIA/UROLOGIA;99;8;12.38;0
2023/11;CIRURGIA GERAL/8;0;3;0.0;0
2025/07;CIRURGIA GERAL/PAREDE E CAVIDADE ABDOMINAL;1193;35;34.09;0
2024/09;OTORRINOLARINGOLOGIA/OUVIDO 1;118;3;39.33;0
2026/05;CERFIS/1;60;3;20.0;0
2023/04;CIRURGIA CARDÍACA - ADULTO/MARCAPASSO;135;2;67.5;0
2024/07;NEUROCIRURGIA/1;4647;37;125.59;0
2024/04;ORTOPEDIA/6;556;2;278.0;0
2024/09;OTORRINOLARINGOLOGIA/NARIZ 1;921;14;65.79;0
2025/07;NEUROCIRURGIA/4;260;4;65.0;0
2025/11;ORTOPEDIA/TUMOR;1003;7;143.29;0
2024/06;OFTALMOLOGIA/CATARATA OD;674;125;5.39;0
2024/05;ORTOPEDIA/PEDIÁTRICA GERAL;2954;10;295.4;0
2024/10;CIRURGIA PLÁSTICA/4;821;5;164.2;0
2023/07;UROLOGIA/2;2010;41;49.02;0
2026/03;OFTALMOLOGIA/AMBULATORIAL - OE;27052;289;93.61;0
2023/01;ORTOPEDIA/COLUNA (BLOQUEIOS);15;1;15.0;0
2024/05;UROLOGIA/TRANSPLANTE RENAL 1;0;1;0.0;0
2024/03;CIRURGIA DE CABEÇA E PESCOÇO/2;1221;8;152.63;0
2023/04;CIRURGIA VASCULAR/7;19;1;19.0;0
2025/02;COLOPROCTOLOGIA/3;999;5;199.8;0
2023/09;GINECOLOGIA/3;601;6;100.17;0
2024/09;ORTOPEDIA/10;327;1;327.0;0
2026/07;UROLOGIA/6;531;2;265.5;0
2024/05;ORTOPEDIA/RETIRADA DE MATERIAL;3388;27;125.48;0
2025/01;UROLOGIA/GERAL;15975;210;76.07;0
2023/11;ONCOLOGIA/DERMATOLOGIA;247;27;9.15;0
2023/10;CIRURGIA PLÁSTICA/2;238;1;238.0;0
2024/05;CIRURGIA PLÁSTICA/GERAL;561;4;140.25;0
2024/11;MASTOLOGIA/3;305;17;17.94;0
2025/05;MASTOLOGIA/3;219;16;13.69;0
2026/05;PROGRAMA TRANSEXUALIZADOR/OTORRINOLARINGOLOGIA;670;3;223.33;0
2025/08;CIRURGIA PLÁSTICA/4;642;2;321.0;0
2026/08;ODONTOLOGIA PARA PACIENTES COM NECESSIDADES ESPECIAIS;3853;48;80.27;45
2026/05;ORTOPEDIA/5;1052;1;1052.0;0
2025/06;ONCOLOGIA;3671;98;37.46;181
2026/03;ORTOPEDIA/PEDIÁTRICA GERAL;1020;25;40.8;0
2024/08;NEUROCIRURGIA/5;425;3;141.67;0
2024/09;CIRURGIA TORÁCICA/1;503;2;251.5;0
2025/11;MASTOLOGIA/2;55;1;55.0;0
2025/06;NEUROCIRURGIA/4;521;3;173.67;0
2026/01;ORTOPEDIA/6;1439;2;719.5;0
2026/08;ONCOLOGIA/GINECOLOGIA;157;9;17.44;0
2023/06;OFTALMOLOGIA/CATARATA OE;304;101;3.01;0
2023/08;COLOPROCTOLOGIA/3;34;1;34.0;0
2026/03;ORTOPEDIA/MÃO;2488;46;54.09;0
2025/10;OFTALMOLOGIA/AO;4223;33;127.97;0
2024/12;NEUROCIRURGIA/2;200;3;66.67;0
2023/11;UROLOGIA/4;72;3;24.0;0
2023/03;NEUROCIRURGIA/4;318;14;22.71;0
2025/09;CIRURGIA GERAL/2;22;2;11.0;0
2023/12;CIRURGIA PLÁSTICA/10;272;2;136.0;0
2026/02;MASTOLOGIA;989;7;141.29;24
2025/10;NEUROCIRURGIA/5;3419;4;854.75;0
2026/05;BUCOMAXILOFACIAL/ORTOGNÁTICA;94;3;31.33;0
2025/03;ORTOPEDIA/8;2561;6;426.83;0
2025/11;ONCOLOGIA/CIRURGIA GERAL;397;18;22.06;0
2023/02;MASTOLOGIA/3;113;6;18.83;0
2025/12;CIRURGIA PLÁSTICA/7;49;1;49.0;0
2025/11;CIRURGIA CARDÍACA - PEDIATRICA/CIRURGIA CARDÍACA;1570;17;92.35;0
2024/01;CIRURGIA GERAL/1;380;4;95.0;0
2025/03;CIRURGIA GERAL/10;2930;8;366.25;0
2024/10;OTORRINOLARINGOLOGIA/CAVIDADE ORAL;1379;39;35.36;0
2026/08;CIRURGIA GERAL/GERAL;2011;186;10.81;0
2023/09;ORTOPEDIA/1;769;86;8.94;0
2024/04;CIRURGIA CARDÍACA - PEDIATRICA/CIRURGIA CARDÍACA;1626;10;162.6;0
2023/08;OTORRINOLARINGOLOGIA/CIRURGIAS PLÁSTICAS;273;9;30.33;0
2026/07;GINECOLOGIA/HISTERECTOMIA;1320;7;188.57;0
2024/06;ONCOLOGIA/DERMATOLOGIA;720;22;32.73;0
2026/07;ORTOPEDIA/ARTROPLASTIA;749;5;149.8;0
2024/09;NEUROCIRURGIA;24;1;24.0;24
2025/07;NEUROCIRURGIA/1;859;13;66.08;0
2024/02;CIRURGIA VASCULAR/4;1003;19;52.79;0
2024/06;PCCO - BARIATRICA;905;27;33.52;27
2024/11;CIRURGIA VASCULAR/1;31;14;2.21;0
2025/08;OTORRINOLARINGOLOGIA;9360;78;120.0;149
2026/05;CIRURGIA VASCULAR;19709;165;119.45;212
2025/10;CIRURGIA DE CABEÇA E PESCOÇO/2;3243;7;463.29;0
2024/12;OTORRINOLARINGOLOGIA/CAVIDADE ORAL;199;12;16.58;0
2024/11;OTORRINOLARINGOLOGIA;2547;57;44.68;125
2025/10;OFTALMOLOGIA/CATARATA OD;686;122;5.62;0
2026/03;UROLOGIA/GERAL;15278;176;86.81;0
2025/07;ORTOPEDIA/RETIRADA DE MATERIAL SÍNTESE;930;39;23.85;0
2024/05;CIRURGIA PLÁSTICA/1;1213;5;242.6;0
2024/09;CIRURGIA PLÁSTICA/1;2120;9;235.56;0
2026/02;NEUROCIRURGIA/1;688;4;172.0;0
2025/10;ONCOLOGIA/COLOPROCTOLOGIA;67;5;13.4;0
2026/01;NEUROCIRURGIA/3;73;1;73.0;0
2025/10;ORTOPEDIA/COLUNA (ARTRODESE);3347;18;185.94;0
2023/11;OTORRINOLARINGOLOGIA/NARIZ 1;604;13;46.46;0
2024/01;UROLOGIA;9033;175;51.62;382
2026/01;CARDIOLOGIA;733;4;183.25;4
2025/03;CIRURGIA GERAL/1;58;4;14.5;0
2024/09;ORTOPEDIA/FIXADOR EXTERNO;890;13;68.46;0
2024/03;OFTALMOLOGIA/CATARATA OE;630;147;4.29;0
2025/03;MASTOLOGIA/5;716;10;71.6;0
2024/04;GINECOLOGIA/3;854;8;106.75;0
2023/12;UROLOGIA/6;306;1;306.0;0
2023/02;OTORRINOLARINGOLOGIA/2;169;11;15.36;0
2024/08;CIRURGIA GERAL/FIGADO E VIAS BILIARES;3843;39;98.54;0
2023/10;MASTOLOGIA/4;29;3;9.67;0
2024/03;COLOPROCTOLOGIA/1;802;21;38.19;0
2026/06;ORTOPEDIA/JOELHO (ARTROSCOPIAS);3514;68;51.68;0
2023/10;CIRURGIA VASCULAR/6;301;8;37.63;0
2023/08;CERFIS/2;211;21;10.05;0
2023/03;BUCOMAXILOFACIAL;35;1;35.0;12
2025/06;OTORRINOLARINGOLOGIA/LARINGE;592;4;148.0;0
2024/05;GINECOLOGIA/5;18;1;18.0;0
2024/05;CIRURGIA GERAL/8;244;7;34.86;0
2023/08;CIRURGIA PLÁSTICA/8;468;4;117.0;0
2026/09;OFTALMOLOGIA/AMBULATORIAL - OD;197375;1226;160.99;0
2026/09;CIRURGIA VASCULAR/5;7573;17;445.47;0
2025/10;CIRURGIA TORÁCICA/3;64;2;32.0;0
2024/03;CIRURGIA TORÁCICA/2;201;2;100.5;0
2025/11;CIRURGIA VASCULAR/GERAL;12183;78;156.19;0
2023/12;OFTALMOLOGIA/CATARATA OD;469;125;3.75;0
2025/08;UROLOGIA/5;1541;11;140.09;0
2024/06;CIRURGIA GERAL/5;58;7;8.29;0
2025/06;DERMATOLOGIA;202;11;18.36;11
2026/08;DERMATOLOGIA;86;3;28.67;3
2025/06;OTORRINOLARINGOLOGIA/NARIZ 2;122;3;40.67;0
2026/02;MASTOLOGIA/1;202;1;202.0;0
2024/06;ONCOLOGIA/UROLOGIA;171;9;19.0;0
2024/08;CIRURGIA GERAL/8;20;3;6.67;0
2024/10;COLOPROCTOLOGIA;325;8;40.63;45
2025/11;ONCOLOGIA/DERMATOLOGIA;694;49;14.16;0
2025/01;CIRURGIA PLÁSTICA/8;415;2;207.5;0
2024/03;CIRURGIA CARDÍACA - ADULTO;334;19;17.58;18
2026/08;GASTROENTEROLOGIA;189;4;47.25;2
2025/09;ORTOPEDIA/PÉ/TORNOZELO;3407;61;55.85;0
2026/02;CIRURGIA GERAL/1;242;3;80.67;0
2023/04;OFTALMOLOGIA/OE;14757;529;27.9;0
2024/09;NEUROCIRURGIA/5;509;4;127.25;0
2023/07;OTORRINOLARINGOLOGIA/CIRURGIAS PLÁSTICAS;254;8;31.75;0
2026/09;ORTOPEDIA/13;1256;1;1256.0;0
2025/10;CIRURGIA PLÁSTICA/GERAL;998;2;499.0;0
2024/07;UROLOGIA/4;1008;9;112.0;0
2024/03;GINECOLOGIA;17126;606;28.26;621
2026/01;ONCOLOGIA/DERMATOLOGIA;1292;50;25.84;0
2026/03;NEUROCIRURGIA/5;1085;3;361.67;0
2023/09;OTORRINOLARINGOLOGIA/2;125;5;25.0;0
2026/04;CIRURGIA GERAL/5;34;1;34.0;0
2025/04;OFTALMOLOGIA/OE;52667;572;92.08;0
2023/03;ORTOPEDIA/1;427;57;7.49;0
2024/05;CIRURGIA VASCULAR/6;34;1;34.0;0
2024/12;COLOPROCTOLOGIA/3;897;4;224.25;0
2026/04;ORTOPEDIA/RETIRADA;531;10;53.1;0
2026/01;CIRURGIA PLÁSTICA/8;486;2;243.0;0
2023/12;UROLOGIA/5;450;8;56.25;0
2024/09;GINECOLOGIA/1;14;1;14.0;0
2025/05;ORTOPEDIA/RETIRADA DE MATERIAL SÍNTESE;268;28;9.57;0
2025/06;CERFIS/1;229;4;57.25;0
2023/06;ORTOPEDIA/GERAL;1119;202;5.54;0
2025/01;UROLOGIA/RETIRADA DE DUPLO J;1038;65;15.97;0
2023/05;ORTOPEDIA/TUMOR;316;7;45.14;0
2024/05;CIRURGIA PLÁSTICA/10;217;1;217.0;0
2025/10;OFTALMOLOGIA/OE;35200;512;68.75;0
2024/10;OTORRINOLARINGOLOGIA/OUVIDO 2;686;2;343.0;0
2026/06;OFTALMOLOGIA/AO;5039;50;100.78;0
2025/08;COLOPROCTOLOGIA/1;1774;38;46.68;0
2024/06;UROLOGIA/7;928;4;232.0;0
2025/01;CIRURGIA GERAL/4;1867;26;71.81;0
2023/07;ONCOLOGIA/CIRURGIA GERAL;281;25;11.24;0
2025/07;ORTOPEDIA/8;1685;3;561.67;0
2023/01;OFTALMOLOGIA/OD;2885;291;9.91;0
2024/01;ORTOPEDIA/13;242;1;242.0;0
2024/09;UROLOGIA/6;1438;3;479.33;0
2025/04;BUCOMAXILOFACIAL/ORTOGNÁTICA;191;4;47.75;0
2024/08;CIRURGIA TORÁCICA/6;0;2;0.0;0
2024/04;ORTOPEDIA/OMBRO;4069;111;36.66;0
2025/12;ORTOPEDIA/PEDIÁTRICA GERAL;1701;22;77.32;0
2023/06;OTORRINOLARINGOLOGIA;1879;30;62.63;85
2024/04;UROLOGIA/RETIRADA;2506;54;46.41;0
2025/05;ORTOPEDIA/JOELHO (ARTROSCOPIAS);7465;50;149.3;0
2023/12;OTORRINOLARINGOLOGIA;1646;46;35.78;124
2024/09;CIRURGIA GERAL/6;0;4;0.0;0
2025/05;UROLOGIA/3;4656;18;258.67;0
2026/06;COLOPROCTOLOGIA/3;1362;6;227.0;0
2026/09;UROLOGIA/1;33925;277;122.47;0
2024/09;CERFIS/1;161;8;20.13;0
2023/01;PCCO - BARIATRICA;36;2;18.0;2
2023/07;OTORRINOLARINGOLOGIA/OUVIDO 3;310;2;155.0;0
2023/07;CIRURGIA GERAL/7;167;4;41.75;0
2023/05;UROLOGIA/6;98;1;98.0;0
2025/10;UROLOGIA/2;1186;10;118.6;0
2023/02;PCCO - BARIATRICA;37;3;12.33;3
2025/12;ONCOLOGIA/GINECOLOGIA;176;9;19.56;0
2024/03;COLOPROCTOLOGIA/2;258;4;64.5;0
2023/09;ORTOPEDIA;16819;631;26.65;1211
2026/03;CARDIOLOGIA ANGIOPLASTIA;28;1;28.0;1
2025/08;CIRURGIA CARDÍACA - PEDIATRICA/CIRURGIA CARDÍACA;295;6;49.17;0
2023/06;CIRURGIA PEDIÁTRICA/3;1442;16;90.13;0
2024/07;COLOPROCTOLOGIA;554;6;92.33;36
2026/09;PCCO - BARIATRICA;1956;54;36.22;12
2024/06;ORTOPEDIA/JOELHO (ATJ);764;4;191.0;0
2023/04;ORTOPEDIA/MÃO;475;43;11.05;0
2025/11;CIRURGIA PEDIÁTRICA/3;64;1;64.0;0
2024/05;CIRURGIA CARDÍACA - ADULTO/CIRURGIA CARDÍACA;1722;8;215.25;0
2024/12;CIRURGIA PLÁSTICA/5;617;1;617.0;0
2024/09;DERMATOLOGIA;527;26;20.27;25
2024/07;ONCOLOGIA;385;17;22.65;88
2026/01;CIRURGIA PLÁSTICA/10;5412;10;541.2;0
2026/04;CIRURGIA GERAL/6;315;4;78.75;0
2026/02;ORTOPEDIA/7;136;1;136.0;0
2026/09;CIRURGIA VASCULAR/GERAL;17319;227;76.3;0
2025/05;UROLOGIA/4;176;4;44.0;0
2025/06;ONCOLOGIA/MASTOLOGIA;379;8;47.38;0
2024/02;GINECOLOGIA/3;1237;8;154.63;0
2026/09;ONCOLOGIA/UROLOGIA;155;8;19.38;0
2023/12;CIRURGIA CARDÍACA - ANGIOPLASTIA;689;26;26.5;23
2025/04;COLOPROCTOLOGIA/3;146;1;146.0;0
2025/01;ORTOPEDIA/9;628;7;89.71;0
2023/06;COLOPROCTOLOGIA/2;85;6;14.17;0
2025/01;OFTALMOLOGIA/CATARATA OE;506;141;3.59;0
2026/08;OFTALMOLOGIA/AMBULATORIAL - OD;30841;338;91.25;0
2023/08;ORTOPEDIA/RETIRADA DE MATERIAL;2615;42;62.26;0
2025/03;GINECOLOGIA/9;4919;10;491.9;0
2025/12;ORTOPEDIA/5;3901;6;650.17;0
2025/07;ORTOPEDIA/TUMOR;551;2;275.5;0
2024/08;NEUROCIRURGIA/1;1050;20;52.5;0
2025/12;GINECOLOGIA/3;35;1;35.0;0
2026/05;CIRURGIA GERAL/7;5185;10;518.5;0
2024/07;UROLOGIA;6814;168;40.56;448
2025/05;ORTOPEDIA/FIXADOR EXTERNO;1024;24;42.67;0
2025/11;GINECOLOGIA/HISTERECTOMIA;424;7;60.57;0
2024/05;UROLOGIA/7;556;2;278.0;0
2024/04;ORTOPEDIA/2;930;30;31.0;0
2025/05;CIRURGIA PLÁSTICA/8;538;5;107.6;0
2025/05;CIRURGIA GERAL/3;582;45;12.93;0
2025/12;CIRURGIA GERAL/3;959;25;38.36;0
2024/04;MASTOLOGIA;113;4;28.25;24
2024/07;CIRURGIA GERAL/MUTIRÃO;2449;79;31.0;0
2023/08;OTORRINOLARINGOLOGIA/OUVIDO 3;514;7;73.43;0
2026/09;MASTOLOGIA/1;238;1;238.0;0
2023/08;OTORRINOLARINGOLOGIA/2;358;6;59.67;0
2026/04;COLOPROCTOLOGIA;3128;23;136.0;53
2025/02;ONCOLOGIA/UROLOGIA;86;5;17.2;0
2023/08;OTORRINOLARINGOLOGIA/LARINGE;374;4;93.5;0
2026/02;CIRURGIA GERAL/4;1487;17;87.47;0
2023/08;CIRURGIA PLÁSTICA/7;78;1;78.0;0
2026/06;ORTOPEDIA/QUADRIL;3524;47;74.98;0
2025/01;CIRURGIA GERAL/7;670;3;223.33;0
2024/02;OFTALMOLOGIA;2386;15;159.07;1340
2023/07;CIRURGIA PLÁSTICA/4;178;1;178.0;0
2025/07;UROLOGIA/7;120;1;120.0;0
2024/04;MASTOLOGIA/3;282;17;16.59;0
2026/05;ORTOPEDIA/GERAL E TRAUMATOLOGIA;7;1;7.0;0
2024/06;ORTOPEDIA/QUADRIL PEDIÁTRICA;832;4;208.0;0
2023/10;CIRURGIA CARDÍACA - ADULTO;127;11;11.55;8
2025/06;ORTOPEDIA/FIXADOR EXTERNO;1895;29;65.34;0
2024/06;UROLOGIA/LITIASE;920;21;43.81;0
2023/07;BUCOMAXILOFACIAL;19;5;3.8;21
2026/01;UROLOGIA/7;79;1;79.0;0
2026/05;OTORRINOLARINGOLOGIA/4;949;2;474.5;0
2024/06;OTORRINOLARINGOLOGIA/NARIZ 2;516;13;39.69;0
2026/09;ORTOPEDIA/JOELHO (ARTROSCOPIAS);4688;89;52.67;0
2024/05;GINECOLOGIA/8;16;1;16.0;0
2025/09;CIRURGIA GERAL/5;1761;7;251.57;0
2023/03;ORTOPEDIA/TUMOR;185;5;37.0;0
2025/12;CIRURGIA PEDIÁTRICA;2707;28;96.68;148
2026/09;ONCOLOGIA/GINECOLOGIA;247;15;16.47;0
2025/01;ONCOLOGIA/UROLOGIA;66;5;13.2;0
2024/04;GINECOLOGIA/GERAL;225;16;14.06;0
2026/01;CIRURGIA PLÁSTICA/5;3272;4;818.0;0
2025/10;CIRURGIA DE CABEÇA E PESCOÇO;522;9;58.0;14
2026/06;UROLOGIA/LITIASE;2843;17;167.24;0
2023/08;UROLOGIA/6;273;2;136.5;0
2025/08;CIRURGIA TORÁCICA/5;43;1;43.0;0
2026/02;NEUROCIRURGIA/3;743;1;743.0;0
2026/02;ONCOLOGIA/APARELHO DIGESTIVO;77;1;77.0;0
2026/01;CIRURGIA CARDÍACA - ADULTO/CIRURGIA CARDÍACA;3098;10;309.8;0
2025/09;CIRURGIA TORÁCICA/1;43;1;43.0;0
2024/02;CIRURGIA TORÁCICA/4;0;1;0.0;0
2024/07;ORTOPEDIA/11;284;1;284.0;0
2026/06;ORTOPEDIA/OMBRO;3957;63;62.81;0
2025/02;CIRURGIA GERAL;30346;1028;29.52;1158
2023/04;OTORRINOLARINGOLOGIA/NARIZ 2;144;6;24.0;0
2024/10;ORTOPEDIA/PÉ/TORNOZELO;1315;33;39.85;0
2024/08;UROLOGIA/1;2064;38;54.32;0
2024/01;ORTOPEDIA/COLUNA (BLOQUEIOS);624;5;124.8;0
2026/06;ORTOPEDIA/RETIRADA DE MATERIAL;3370;17;198.24;0
2025/07;ORTOPEDIA/GERAL;2101;64;32.83;0
2024/01;CIRURGIA CARDÍACA - ANGIOPLASTIA;636;30;21.2;27
2024/04;GINECOLOGIA/5;16;1;16.0;0
2025/09;ONCOLOGIA/GINECOLOGIA;167;14;11.93;0
2025/06;ONCOLOGIA/CIRURGIA GERAL;453;20;22.65;0
2023/03;CIRURGIA PEDIÁTRICA/2;15;1;15.0;0
2024/04;OTORRINOLARINGOLOGIA/OUVIDO 3;8;2;4.0;0
2026/04;ORTOPEDIA/5;1428;2;714.0;0
2025/09;ORTOPEDIA/11;676;1;676.0;0
2025/02;CIRURGIA VASCULAR/5;110;4;27.5;0
2025/03;ONCOLOGIA;3516;75;46.88;154
2026/05;UROLOGIA;2639;90;29.32;483
2023/06;CIRURGIA PLÁSTICA/GERAL;49;1;49.0;0
2024/07;CIRURGIA CARDÍACA - PEDIATRICA/CIRURGIA CARDÍACA;687;6;114.5;0
2026/08;OTORRINOLARINGOLOGIA/4;385;1;385.0;0
2026/03;CIRURGIA PLÁSTICA/1;1161;5;232.2;0
2023/06;ORTOPEDIA/RETIRADA DE MATERIAL;3035;67;45.3;0
2025/06;UROLOGIA/7;742;2;371.0;0
2025/07;ORTOPEDIA;67813;931;72.84;1372
2026/06;ORTOPEDIA/JOELHO;56;2;28.0;0
2025/05;OTORRINOLARINGOLOGIA/NARIZ 1;436;10;43.6;0
2026/09;ORTOPEDIA/6;1413;11;128.45;0
2026/06;ONCOLOGIA;2266;61;37.15;138
2025/03;ORTOPEDIA/OMBRO;7507;46;163.2;0
2025/12;ONCOLOGIA/MASTOLOGIA;303;9;33.67;0
2024/05;UROLOGIA/5;893;11;81.18;0
2023/05;ORTOPEDIA/3;19;4;4.75;0
2025/04;ORTOPEDIA/PEDIÁTRICA GERAL;4126;22;187.55;0
2026/08;ONCOLOGIA/COLOPROCTOLOGIA;113;7;16.14;0
2023/02;ORTOPEDIA/7;43;1;43.0;0
2025/07;ORTOPEDIA/RETIRADA;604;7;86.29;0
2024/09;CIRURGIA TORÁCICA/4;377;2;188.5;0
2025/03;NEUROCIRURGIA/3;97;2;48.5;0
2025/02;ORTOPEDIA/JOELHO (ATJ);5514;10;551.4;0
2025/12;PROGRAMA TRANSEXUALIZADOR/OTORRINOLARINGOLOGIA;175;1;175.0;0
2026/08;CIRURGIA VASCULAR;18221;174;104.72;229
2024/11;ORTOPEDIA/13;507;1;507.0;0
2024/12;CIRURGIA TORÁCICA/3;2795;12;232.92;0
2023/12;MASTOLOGIA;194;4;48.5;26
2025/10;UROLOGIA/1;5790;60;96.5;0
2026/02;GINECOLOGIA;49594;425;116.69;395
2023/08;GINECOLOGIA/GERAL;848;16;53.0;0
2026/07;ORTOPEDIA/7;1123;4;280.75;0
2023/07;CIRURGIA VASCULAR/3;157;2;78.5;0
2024/07;ORTOPEDIA/PEDIÁTRICA GERAL;3718;19;195.68;0
2025/09;OTORRINOLARINGOLOGIA/2;596;8;74.5;0
2024/05;CIRURGIA CARDÍACA - ADULTO/MARCAPASSO;397;1;397.0;0
2023/04;GINECOLOGIA/4;46;2;23.0;0
2024/01;CIRURGIA DE CABEÇA E PESCOÇO/1;155;2;77.5;0
2026/03;CIRURGIA GERAL/ESTOMAGO E INTESTINOS;813;30;27.1;0
2025/12;CIRURGIA VASCULAR/4;237;6;39.5;0
2023/12;ONCOLOGIA/MASTOLOGIA;57;7;8.14;0
2023/10;GINECOLOGIA/5;14;1;14.0;0
2023/08;CIRURGIA DE CABEÇA E PESCOÇO/2;2142;18;119.0;0
2026/01;ORTOPEDIA/JOELHO (ATJ);12280;16;767.5;0
2025/01;CERFIS/1;203;5;40.6;0
2025/10;BUCOMAXILOFACIAL/GERAL;1009;17;59.35;0
2026/02;CERFIS/1;5;1;5.0;0
2023/06;NEUROCIRURGIA;72;1;72.0;8
2025/01;ORTOPEDIA/COLUNA (BLOQUEIOS);215;6;35.83;0
2025/03;OTORRINOLARINGOLOGIA/LARINGE;132;3;44.0;0
2026/07;ORTOPEDIA/GERAL E TRAUMATOLOGIA;152;14;10.86;0
2023/11;GASTROENTEROLOGIA;201;7;28.71;4
2026/02;OTORRINOLARINGOLOGIA/LARINGE;291;2;145.5;0
2025/07;ORTOPEDIA/OMBRO;7060;77;91.69;0
2026/07;NEUROCIRURGIA/2;528;6;88.0;0
2025/06;GINECOLOGIA/GERAL;13093;76;172.28;0
2025/11;ORTOPEDIA MUTIRÃO;1965;6;327.5;3
2025/01;CIRURGIA GERAL/2;76;8;9.5;0
2025/10;ORTOPEDIA/OMBRO;5400;82;65.85;0
2023/11;ORTOPEDIA/5;44;1;44.0;0
2025/04;CIRURGIA VASCULAR/5;19;1;19.0;0
2024/03;ONCOLOGIA/UROLOGIA;151;10;15.1;0
2023/02;CIRURGIA GERAL/3;432;48;9.0;0
2026/06;ORTOPEDIA/PÉ/TORNOZELO;1663;52;31.98;0
2026/04;CIRURGIA TORÁCICA/2;26;2;13.0;0
2024/01;CIRURGIA VASCULAR;6517;88;74.06;128
2025/02;CIRURGIA DE CABEÇA E PESCOÇO/2;2801;9;311.22;0
2025/10;GINECOLOGIA;50039;515;97.16;475
2025/10;BUCOMAXILOFACIAL/ORTOGNÁTICA;156;3;52.0;0
2023/11;COLOPROCTOLOGIA/2;162;7;23.14;0
2024/06;CIRURGIA VASCULAR/2;253;10;25.3;0
2025/02;OFTALMOLOGIA/CATARATA OE;356;124;2.87;0
2026/02;ORTOPEDIA/GERAL E TRAUMATOLOGIA;95;5;19.0;0
2026/09;ONCOLOGIA/MASTOLOGIA;53;6;8.83;0
2023/12;CIRURGIA DE CABEÇA E PESCOÇO/2;269;4;67.25;0
2025/06;CIRURGIA VASCULAR/1;41;2;20.5;0
2026/06;OFTALMOLOGIA/AMBULATORIAL - OD;11339;181;62.65;0
2025/07;CIRURGIA TORÁCICA/2;338;2;169.0;0
2023/08;UROLOGIA/3;637;23;27.7;0
2026/06;ORTOPEDIA/PLEXO BRAQUIAL;24;1;24.0;0
2025/08;ORTOPEDIA/RETIRADA DE MATERIAL SÍNTESE;789;35;22.54;0
2025/09;ORTOPEDIA/RETIRADA DE FIXADOR EXTERNO;1829;47;38.91;0
2026/04;CIRURGIA PEDIÁTRICA/3;356;3;118.67;0
2026/06;OFTALMOLOGIA/CATARATA OD;505;122;4.14;0
2026/09;GINECOLOGIA/2;1065;9;118.33;0
2024/05;ORTOPEDIA/REVISÃO QUADRIL;0;2;0.0;0
2023/12;OTORRINOLARINGOLOGIA/OUVIDO 3;206;5;41.2;0
2026/04;ORTOPEDIA/7;350;2;175.0;0
2024/08;CIRURGIA TORÁCICA/3;528;2;264.0;0
2023/12;ORTOPEDIA/TUMOR;844;22;38.36;0
2024/09;UROLOGIA/GERAL;6044;161;37.54;0
2025/01;GINECOLOGIA/8;26;1;26.0;0
2024/10;COLOPROCTOLOGIA/1;3772;33;114.3;0
2023/05;OFTALMOLOGIA/CATARATA OE;488;101;4.83;0
2026/06;NEUROCIRURGIA/7;972;2;486.0;0
2024/08;GINECOLOGIA/HISTERECTOMIA;98;4;24.5;0
2023/02;OFTALMOLOGIA/CATARATA OD;199;55;3.62;0
2023/11;GINECOLOGIA/5;97;3;32.33;0
2024/11;UROLOGIA/LITIASE;486;16;30.38;0
2024/03;MASTOLOGIA/3;205;15;13.67;0
2025/04;GINECOLOGIA/6;2418;10;241.8;0
2023/10;OFTALMOLOGIA/CATARATA OD;351;111;3.16;0
2026/01;OFTALMOLOGIA/AMBULATORIAL - OE;19433;201;96.68;0
2023/01;UROLOGIA/LITIASE;59;13;4.54;0
2025/12;ORTOPEDIA/QUADRIL PEDIÁTRICA;159;3;53.0;0
2025/06;ORTOPEDIA;54381;707;76.92;1079
2026/08;COLOPROCTOLOGIA/2;789;4;197.25;0
2026/08;OTORRINOLARINGOLOGIA/3;829;4;207.25;0
2023/03;CIRURGIA TORÁCICA;82;2;41.0;24
2023/10;ORTOPEDIA/2;330;27;12.22;0
2023/09;ORTOPEDIA/RETIRADA;99;8;12.38;0
2025/02;GASTROENTEROLOGIA;511;6;85.17;3
2024/06;COLOPROCTOLOGIA;463;11;42.09;39
2024/02;CERFIS/1;28;3;9.33;0
2023/12;CIRURGIA PLÁSTICA/5;381;3;127.0;0
2025/09;ORTOPEDIA/OMBRO;5407;78;69.32;0
2023/05;COLOPROCTOLOGIA/1;791;30;26.37;0
2026/04;OFTALMOLOGIA/AMBULATORIAL - OD;6937;153;45.34;0
2025/04;ORTOPEDIA/6;651;2;325.5;0
2023/12;GINECOLOGIA/GERAL;240;5;48.0;0
2026/04;ONCOLOGIA/MASTOLOGIA;30;2;15.0;0
2023/05;ONCOLOGIA/GINECOLOGIA;82;8;10.25;0
2023/11;COLOPROCTOLOGIA/4;68;1;68.0;0
2024/11;CIRURGIA VASCULAR/2;298;7;42.57;0
2023/03;NEUROCIRURGIA/2;187;5;37.4;0
2026/04;ORTOPEDIA/JOELHO;51;4;12.75;0
2023/12;MASTOLOGIA/3;385;20;19.25;0
2026/08;ORTOPEDIA/6;1983;5;396.6;0
2023/02;ORTOPEDIA;3953;285;13.87;630
2023/04;OFTALMOLOGIA/PTERIGIO OD;412;101;4.08;0
2023/02;CERFIS/2;230;14;16.43;0
2026/02;GINECOLOGIA/GERAL;2302;38;60.58;0
2024/12;UROLOGIA/8;1291;10;129.1;0
2025/11;NEUROCIRURGIA/3;40;1;40.0;0
2024/11;CIRURGIA PLÁSTICA/GERAL;13;1;13.0;0
2024/10;ORTOPEDIA/RETIRADA;1433;11;130.27;0
2023/01;CIRURGIA GERAL/FIGADO E VIAS BILIARES;1;1;1.0;0
2025/05;UROLOGIA/RETIRADA DE DUPLO J;2216;119;18.62;0
2024/09;CIRURGIA VASCULAR/3;3153;20;157.65;0
2023/04;UROLOGIA/4;123;4;30.75;0
2025/07;OTORRINOLARINGOLOGIA/3;2521;9;280.11;0
2026/05;ONCOLOGIA/DERMATOLOGIA;498;40;12.45;0
2023/08;ORTOPEDIA;8391;632;13.28;1169
2026/08;OFTALMOLOGIA/CATARATA OD;549;120;4.58;0
2024/08;GINECOLOGIA/1;174;5;34.8;0
2025/07;COLOPROCTOLOGIA/3;463;3;154.33;0
2023/06;ORTOPEDIA/8;114;1;114.0;0
2025/02;CIRURGIA GERAL/6;393;5;78.6;0
2025/04;UROLOGIA/5;476;5;95.2;0
2025/11;OFTALMOLOGIA/AO;2143;19;112.79;0
2024/11;ORTOPEDIA/3;275;5;55.0;0
2023/09;CIRURGIA VASCULAR/3;865;6;144.17;0
2024/04;DERMATOLOGIA;202;10;20.2;10
2024/09;NEUROCIRURGIA/1;791;10;79.1;0
2023/09;OTORRINOLARINGOLOGIA/NARIZ 2;285;8;35.63;0
2024/10;COLOPROCTOLOGIA/3;967;5;193.4;0
2024/03;ORTOPEDIA/COLUNA (BLOQUEIOS);404;4;101.0;0
2025/12;OFTALMOLOGIA/OD;18818;319;58.99;0
2026/05;OFTALMOLOGIA/AO;3792;36;105.33;0
2025/05;ORTOPEDIA/TUMOR;291;11;26.45;0
2026/03;OTORRINOLARINGOLOGIA/CIRURGIAS PLÁSTICAS;221;1;221.0;0
2024/09;CIRURGIA VASCULAR/4;665;7;95.0;0
2025/10;ORTOPEDIA/QUADRIL PEDIÁTRICA;686;5;137.2;0
2026/06;CIRURGIA PEDIÁTRICA;7770;31;250.65;82
2025/09;UROLOGIA/3;9117;29;314.38;0
2023/07;ONCOLOGIA/UROLOGIA;48;3;16.0;0
2024/07;GINECOLOGIA/HISTERECTOMIA;83;4;20.75;0
2026/02;ORTOPEDIA/OMBRO E COTOVELO;20;3;6.67;0
2025/02;CIRURGIA VASCULAR/4;330;8;41.25;0
2024/03;OTORRINOLARINGOLOGIA/3;1953;11;177.55;0
2026/02;OTORRINOLARINGOLOGIA/2;100;1;100.0;0
2025/07;CIRURGIA VASCULAR/2;393;9;43.67;0
2024/10;ORTOPEDIA/COLUNA (BLOQUEIOS);1249;6;208.17;0
2023/09;OTORRINOLARINGOLOGIA/CIRURGIAS PLÁSTICAS;108;3;36.0;0
2023/07;MASTOLOGIA/3;221;15;14.73;0
2026/04;COLOPROCTOLOGIA/1;2745;32;85.78;0
2026/08;GINECOLOGIA;32127;421;76.31;405
2024/03;UROLOGIA/1;644;45;14.31;0
2026/01;COLOPROCTOLOGIA/1;890;17;52.35;0
2024/10;OTORRINOLARINGOLOGIA/CIRURGIAS PLÁSTICAS;285;6;47.5;0
2026/04;UROLOGIA/RETIRADA DE DUPLO J;2191;163;13.44;0
2025/01;OFTALMOLOGIA/CATARATA OD;703;139;5.06;0
2024/01;CIRURGIA DE CABEÇA E PESCOÇO/2;1086;7;155.14;0
2025/07;NEUROCIRURGIA/5;2707;4;676.75;0
2023/04;CIRURGIA GERAL;10729;567;18.92;741
2025/08;UROLOGIA/4;198;1;198.0;0
2024/07;OFTALMOLOGIA/OE;24139;422;57.2;0
2023/02;COLOPROCTOLOGIA/1;383;25;15.32;0
2025/03;OTORRINOLARINGOLOGIA/OUVIDO 1;87;4;21.75;0
2024/07;CIRURGIA CARDÍACA - ANGIOPLASTIA;520;30;17.33;26
2023/11;PCCO - BARIATRICA;1015;34;29.85;31
2023/03;CIRURGIA GERAL/5;139;14;9.93;0
2023/07;OTORRINOLARINGOLOGIA/3;207;2;103.5;0
2024/05;ONCOLOGIA;658;14;47.0;76
2024/01;ORTOPEDIA/TUMOR;1057;14;75.5;0
2026/05;CIRURGIA TORÁCICA/3;115;3;38.33;0
2023/12;ORTOPEDIA/JOELHO (ATJ);20;1;20.0;0
2024/03;UROLOGIA/2;3503;36;97.31;0
2024/08;ORTOPEDIA/PÉ/TORNOZELO;977;31;31.52;0
2025/07;ORTOPEDIA/4;856;8;107.0;0
2023/12;ORTOPEDIA/7;378;3;126.0;0
2025/09;ORTOPEDIA/JOELHO (ARTROSCOPIAS);11708;43;272.28;0
2023/11;PROGRAMA TRANSEXUALIZADOR;83;1;83.0;1
2025/04;OTORRINOLARINGOLOGIA/IMPLANTE COCLEAR;1024;4;256.0;0
2026/06;ORTOPEDIA/7;1619;5;323.8;0
2024/08;ORTOPEDIA/PEDIÁTRICA GERAL;4540;19;238.95;0
2023/12;NEUROCIRURGIA/2;252;3;84.0;0
2025/04;CIRURGIA PEDIÁTRICA/2;1618;14;115.57;0
2024/04;ORTOPEDIA/FIXADOR EXTERNO;707;17;41.59;0
2025/06;CERFIS/2;606;7;86.57;0
2023/05;UROLOGIA/3;791;21;37.67;0
2026/07;ORTOPEDIA/10;1868;3;622.67;0
2026/08;ORTOPEDIA/ARTROPLASTIA;341;1;341.0;0
2023/12;CIRURGIA PLÁSTICA/1;548;4;137.0;0
2026/06;ORTOPEDIA/OMBRO E COTOVELO;39;2;19.5;0
2024/04;UROLOGIA/RETIRADA DE DUPLO J;0;11;0.0;0
2025/03;UROLOGIA/LITIASE;465;22;21.14;0
2025/07;ONCOLOGIA/DERMATOLOGIA;635;42;15.12;0
2023/03;COLOPROCTOLOGIA/2;93;4;23.25;0
2026/08;ORTOPEDIA/8;3314;7;473.43;0
2026/04;CIRURGIA GERAL;38549;890;43.31;1129
2023/05;ORTOPEDIA/RETIRADA;87;5;17.4;0
2023/05;PCCO - BARIATRICA;828;46;18.0;46
2024/06;ODONTOLOGIA PARA PACIENTES COM NECESSIDADES ESPECIAIS;1314;39;33.69;35
2026/04;CIRURGIA GERAL/7;2090;5;418.0;0
2024/06;MASTOLOGIA/5;335;5;67.0;0
2023/11;CIRURGIA PEDIÁTRICA/2;1567;15;104.47;0
2024/04;CIRURGIA GERAL/4;255;8;31.88;0
2023/07;CIRURGIA GERAL/GERAL;317;4;79.25;0
2026/03;CIRURGIA VASCULAR/4;955;5;191.0;0
2023/05;CIRURGIA TORÁCICA;153;7;21.86;17
2024/08;OTORRINOLARINGOLOGIA/IMPLANTE COCLEAR;581;3;193.67;0
2026/06;GINECOLOGIA/GERAL;1515;33;45.91;0
2023/06;ORTOPEDIA/7;14;1;14.0;0
2024/08;CIRURGIA PEDIÁTRICA;1246;27;46.15;129
2026/04;UROLOGIA;2013;65;30.97;482
2025/06;ORTOPEDIA/ARTROPLASTIA;1350;3;450.0;0
2026/03;ONCOLOGIA/MASTOLOGIA;46;4;11.5;0
2023/08;UROLOGIA/7;15;1;15.0;0
2025/04;BUCOMAXILOFACIAL;77;15;5.13;21
2023/07;CIRURGIA DE CABEÇA E PESCOÇO/2;790;8;98.75;0
2026/01;OTORRINOLARINGOLOGIA/CAVIDADE ORAL;1375;35;39.29;0
2023/01;ORTOPEDIA/JOELHO;13;1;13.0;0
2025/04;MASTOLOGIA/3;217;15;14.47;0
2023/09;CIRURGIA CARDÍACA - ADULTO/CIRURGIA CARDÍACA;157;2;78.5;0
2023/05;OFTALMOLOGIA/CATARATA OD;390;100;3.9;0
2023/12;OFTALMOLOGIA/CATARATA OE;544;127;4.28;0
2025/02;ONCOLOGIA/COLOPROCTOLOGIA;61;2;30.5;0
2025/03;COLOPROCTOLOGIA;822;21;39.14;63
2023/05;ORTOPEDIA/RETIRADA DE MATERIAL;1911;42;45.5;0
2025/11;OFTALMOLOGIA/CATARATA OD;567;125;4.54;0
2024/11;OTORRINOLARINGOLOGIA/OUVIDO 3;93;3;31.0;0
2025/08;ONCOLOGIA;4688;87;53.89;155
2026/03;OTORRINOLARINGOLOGIA;5952;78;76.31;151
2023/09;ORTOPEDIA/PEDIÁTRICA GERAL;196;1;196.0;0
2025/12;ORTOPEDIA/TUMOR;246;6;41.0;0
2024/05;COLOPROCTOLOGIA/3;127;3;42.33;0
2026/07;ONCOLOGIA/GINECOLOGIA;143;7;20.43;0
2024/06;CIRURGIA PEDIÁTRICA/3;173;5;34.6;0
2026/01;ORTOPEDIA/COLUNA (BLOQUEIOS);142;2;71.0;0
2026/01;UROLOGIA/4;87;1;87.0;0
2025/04;MASTOLOGIA/4;201;1;201.0;0
2026/01;CERFIS/1;510;6;85.0;0
2024/06;ORTOPEDIA/2;978;27;36.22;0
2025/06;UROLOGIA;4025;72;55.9;395
2023/05;CIRURGIA VASCULAR/1;0;20;0.0;0
2026/05;ORTOPEDIA/MÃO E PUNHO;81;4;20.25;0
2024/10;ORTOPEDIA/RETIRADA DE MATERIAL;6190;20;309.5;0
2023/06;CIRURGIA VASCULAR/4;174;12;14.5;0
2025/03;ORTOPEDIA/PLEXO BRAQUIAL;245;3;81.67;0
2024/03;ONCOLOGIA/CIRURGIA GERAL;276;19;14.53;0
2023/09;CIRURGIA PLÁSTICA/7;131;1;131.0;0
2024/05;ORTOPEDIA/5;169;1;169.0;0
2023/04;OTORRINOLARINGOLOGIA;736;16;46.0;93
2023/05;NEUROCIRURGIA/2;376;9;41.78;0
2026/05;CIRURGIA VASCULAR/GERAL;2677;59;45.37;0
2026/06;ORTOPEDIA/GERAL;2648;40;66.2;0
2025/11;ORTOPEDIA/RETIRADA DE MATERIAL SÍNTESE;924;27;34.22;0
2024/04;ONCOLOGIA/GINECOLOGIA;316;15;21.07;0
2025/08;CIRURGIA PEDIÁTRICA;4407;43;102.49;116
2025/11;CIRURGIA GERAL/1;252;1;252.0;0
2025/07;OTORRINOLARINGOLOGIA/NARIZ 2;63;4;15.75;0
2026/05;ORTOPEDIA/REVISÃO JOELHO;532;1;532.0;0
2023/07;CIRURGIA VASCULAR;2597;74;35.09;138
2023/07;ORTOPEDIA/REVISÃO QUADRIL;0;5;0.0;0
2026/03;OFTALMOLOGIA/HOSPITALAR - OE;1369;12;114.08;0
2023/12;OTORRINOLARINGOLOGIA/NARIZ 2;371;5;74.2;0
2023/07;CIRURGIA TORÁCICA;116;4;29.0;8
2025/12;COLOPROCTOLOGIA;2317;31;74.74;40
2026/03;NEUROCIRURGIA/7;986;2;493.0;0
2024/07;CIRURGIA PLÁSTICA/5;1820;8;227.5;0
2025/07;UROLOGIA/GERAL;21678;184;117.82;0
2024/06;OTORRINOLARINGOLOGIA/4;990;3;330.0;0
2023/08;OTORRINOLARINGOLOGIA/3;347;4;86.75;0
2025/02;ORTOPEDIA/TUMOR;439;6;73.17;0
2024/09;CIRURGIA VASCULAR;13549;141;96.09;256
2025/01;OTORRINOLARINGOLOGIA/OUVIDO 1;77;4;19.25;0
2025/07;CIRURGIA VASCULAR/3;156;5;31.2;0
2025/01;CIRURGIA VASCULAR/3;353;8;44.13;0
2025/02;UROLOGIA/3;1260;17;74.12;0
2024/05;CIRURGIA GERAL/3;258;24;10.75;0
2024/10;OTORRINOLARINGOLOGIA/OUVIDO 1;320;9;35.56;0
2023/09;CIRURGIA GERAL/ESTOMAGO E INTESTINOS;356;39;9.13;0
2025/05;CIRURGIA GERAL/8;5;1;5.0;0
2023/09;CIRURGIA PLÁSTICA/1;0;1;0.0;0
2023/08;CIRURGIA GERAL/PAREDE E CAVIDADE ABDOMINAL;1590;42;37.86;0
2025/11;GINECOLOGIA;40976;418;98.03;415
2024/09;CIRURGIA PLÁSTICA/9;68;1;68.0;0
2023/09;OTORRINOLARINGOLOGIA/OUVIDO 1;231;3;77.0;0
2026/06;CIRURGIA GERAL;34150;923;37.0;1189
2024/12;ORTOPEDIA/7;356;2;178.0;0
2024/05;CIRURGIA TORÁCICA/2;36;5;7.2;0
2025/09;ORTOPEDIA/6;1595;3;531.67;0
2025/07;CIRURGIA CARDÍACA - ADULTO;167;6;27.83;6
2025/08;ORTOPEDIA;48299;776;62.24;1263
2024/01;GINECOLOGIA/3;1381;8;172.63;0
2023/12;ORTOPEDIA/JOELHO (ARTROSCOPIAS);1803;36;50.08;0
2026/06;OTORRINOLARINGOLOGIA/NARIZ 2;27;1;27.0;0
2024/06;CIRURGIA PEDIÁTRICA/2;953;8;119.13;0
2023/08;UROLOGIA/1;1437;55;26.13;0
2024/10;ORTOPEDIA/QUADRIL;2148;42;51.14;0
2024/06;ONCOLOGIA/MASTOLOGIA;382;11;34.73;0
2025/04;OTORRINOLARINGOLOGIA/2;548;9;60.89;0
2023/12;CIRURGIA VASCULAR;4060;67;60.6;136
2025/02;ORTOPEDIA/RETIRADA;1719;8;214.88;0
2024/12;MASTOLOGIA/5;106;4;26.5;0
2024/11;CIRURGIA GERAL/10;2005;4;501.25;0
2023/11;OTORRINOLARINGOLOGIA/NARIZ 2;405;9;45.0;0
2026/07;MASTOLOGIA/3;695;19;36.58;0
2026/09;CIRURGIA PEDIÁTRICA/2;5963;69;86.42;0
2026/09;NEUROCIRURGIA/3;122;8;15.25;0
2024/06;CIRURGIA TORÁCICA;105;2;52.5;6
2023/02;OTORRINOLARINGOLOGIA/OUVIDO 2;23;1;23.0;0
2025/09;PROGRAMA TRANSEXUALIZADOR/GINECOLOGIA;335;5;67.0;0
2025/10;GINECOLOGIA/6;927;14;66.21;0
2023/01;UROLOGIA/RETIRADA;505;53;9.53;0
2025/12;ORTOPEDIA/ARTROPLASTIA;937;1;937.0;0
2023/09;NEUROCIRURGIA/4;655;11;59.55;0
2026/04;ORTOPEDIA/QUADRIL;1976;43;45.95;0
2023/02;GINECOLOGIA;4054;197;20.58;203
2024/03;UROLOGIA/LITIASE;2093;41;51.05;0
2024/10;ORTOPEDIA/PLEXO BRAQUIAL;165;3;55.0;0
2024/11;CIRURGIA CARDÍACA - ADULTO;90;10;9.0;11
2023/02;CIRURGIA CARDÍACA - ADULTO;196;18;10.89;15
2025/07;GINECOLOGIA/9;3035;9;337.22;0
2025/07;COLOPROCTOLOGIA;727;10;72.7;39
2023/04;CIRURGIA GERAL/8;0;8;0.0;0
2023/12;CIRURGIA VASCULAR/GERAL;7331;54;135.76;0
2026/01;CIRURGIA TORÁCICA/2;7;1;7.0;0
2025/08;ORTOPEDIA/5;2460;4;615.0;0
2025/11;CIRURGIA DE CABEÇA E PESCOÇO;471;8;58.88;16
2025/01;ORTOPEDIA/1;649;65;9.98;0
2025/02;ORTOPEDIA/RETIRADA DE MATERIAL SÍNTESE;728;36;20.22;0
2025/03;CIRURGIA DE CABEÇA E PESCOÇO/2;1038;7;148.29;0
2025/11;ORTOPEDIA/JOELHO;119;7;17.0;0
2025/12;OTORRINOLARINGOLOGIA/IMPLANTE COCLEAR;69;1;69.0;0
2024/07;ORTOPEDIA/JOELHO;97;1;97.0;0
2025/12;ODONTOLOGIA PARA PACIENTES COM NECESSIDADES ESPECIAIS;2393;38;62.97;35
2023/06;UROLOGIA/1;770;19;40.53;0
2024/11;CIRURGIA GERAL/4;472;9;52.44;0
2026/09;ORTOPEDIA/RETIRADA DE FIXADOR EXTERNO;471;27;17.44;0
2026/02;UROLOGIA/5;869;6;144.83;0
2024/09;CIRURGIA PEDIÁTRICA/2;601;10;60.1;0
2023/01;UROLOGIA;129;15;8.6;160
2023/03;OTORRINOLARINGOLOGIA/NARIZ 2;42;4;10.5;0
2026/01;BUCOMAXILOFACIAL/ORTOGNÁTICA;310;3;103.33;0
2026/01;UROLOGIA/RETIRADA DE DUPLO J;3341;129;25.9;0
2026/01;GINECOLOGIA/6;1725;15;115.0;0
2023/06;ORTOPEDIA/OMBRO;2114;87;24.3;0
2023/02;ORTOPEDIA/MÃO;232;51;4.55;0
2024/06;NEUROCIRURGIA/4;1709;7;244.14;0
2026/09;NEUROCIRURGIA/7;17761;51;348.25;0
2025/04;ORTOPEDIA/JOELHO (ATJ);5476;9;608.44;0
2023/08;CIRURGIA CARDÍACA - ADULTO/GERAL;761;4;190.25;0
2026/02;CIRURGIA PLÁSTICA/6;1373;8;171.63;0
2024/05;CERFIS/1;58;6;9.67;0
2025/10;ORTOPEDIA MUTIRÃO;2963;15;197.53;15
2025/10;CIRURGIA PLÁSTICA/4;109;1;109.0;0
2026/08;CIRURGIA GERAL/FIGADO E VIAS BILIARES;1091;50;21.82;0
2026/03;OFTALMOLOGIA/HOSPITALAR - OD;2551;16;159.44;0
2025/10;ORTOPEDIA/OMBRO (ARTROPLASTIAS);458;1;458.0;0
2026/09;CIRURGIA PLÁSTICA/4;2764;6;460.67;0
2024/04;CIRURGIA VASCULAR;6862;94;73.0;161
2024/05;NEUROCIRURGIA/5;373;2;186.5;0
2026/08;NEUROCIRURGIA/2;734;9;81.56;0
2024/05;ORTOPEDIA/PÉ/TORNOZELO;1028;46;22.35;0
2026/04;CIRURGIA GERAL/3;2828;33;85.7;0
2025/01;CIRURGIA PLÁSTICA/3;80;1;80.0;0
2026/07;ORTOPEDIA/PÉ/TORNOZELO;6816;42;162.29;0
2023/10;CERFIS/1;160;10;16.0;0
2026/08;ONCOLOGIA/UROLOGIA;229;16;14.31;0
2024/08;CIRURGIA GERAL/10;1741;5;348.2;0
2026/02;BUCOMAXILOFACIAL;294;15;19.6;31
2026/07;ORTOPEDIA/11;358;1;358.0;0
2024/04;OFTALMOLOGIA/CATARATA OE;867;147;5.9;0
2024/08;ORTOPEDIA/RETIRADA DE MATERIAL;1735;5;347.0;0
2024/08;CIRURGIA PLÁSTICA/4;675;7;96.43;0
2026/04;COLOPROCTOLOGIA/2;157;2;78.5;0
2023/02;CIRURGIA CARDÍACA - ANGIOPLASTIA;173;19;9.11;17
2025/05;MASTOLOGIA/4;38;3;12.67;0
2025/10;OTORRINOLARINGOLOGIA;5449;82;66.45;166
2023/12;ORTOPEDIA/3;2;1;2.0;0
2026/06;ONCOLOGIA/CIRURGIA GERAL;340;25;13.6;0
2026/03;PROGRAMA TRANSEXUALIZADOR/OTORRINOLARINGOLOGIA;783;4;195.75;0
2025/03;CIRURGIA CARDÍACA - ADULTO;213;9;23.67;13
2026/03;CIRURGIA GERAL/1;93;1;93.0;0
2025/10;CIRURGIA GERAL/GERAL;4163;70;59.47;0
2024/09;GINECOLOGIA/2;434;5;86.8;0
2025/07;OFTALMOLOGIA/HOSPITALAR - OD;1222;12;101.83;0
2023/10;GASTROENTEROLOGIA;254;5;50.8;4
2024/10;CIRURGIA TORÁCICA/2;864;6;144.0;0
2025/07;GASTROENTEROLOGIA;9;1;9.0;1
2026/05;ORTOPEDIA/PÉ/TORNOZELO;2438;43;56.7;0
2023/03;CIRURGIA VASCULAR/GERAL;1289;37;34.84;0
2023/03;UROLOGIA;2133;96;22.22;318
2024/10;GINECOLOGIA/9;828;2;414.0;0
2024/10;UROLOGIA/LITIASE;367;13;28.23;0
2024/04;UROLOGIA/LITIASE;1449;26;55.73;0
2024/05;CIRURGIA PEDIÁTRICA/3;1013;5;202.6;0
2025/08;MASTOLOGIA;483;13;37.15;32
2026/08;OFTALMOLOGIA/CATARATA OE;741;120;6.18;0
2025/02;ORTOPEDIA/GERAL;4010;29;138.28;0
2024/12;OFTALMOLOGIA/OE;14101;331;42.6;0
2023/08;GINECOLOGIA/8;145;1;145.0;0
2025/11;COLOPROCTOLOGIA/4;12;1;12.0;0
2025/10;OFTALMOLOGIA/OD;25319;563;44.97;0
2023/04;NEUROCIRURGIA;42;1;42.0;17
2024/04;ORTOPEDIA/4;968;14;69.14;0
2024/01;ORTOPEDIA/JOELHO;95;5;19.0;0
2026/03;CIRURGIA DE CABEÇA E PESCOÇO/2;5988;12;499.0;0
2024/05;ORTOPEDIA/2;108;15;7.2;0
2024/11;CIRURGIA GERAL/ESTOMAGO E INTESTINOS;683;42;16.26;0
2024/01;CIRURGIA GERAL/8;23;3;7.67;0
2023/07;CIRURGIA CARDÍACA - ADULTO/MARCAPASSO;34;1;34.0;0
2026/05;CIRURGIA PLÁSTICA/1;830;3;276.67;0
2025/06;CIRURGIA GERAL/GERAL;2040;69;29.57;0
2023/10;DERMATOLOGIA;646;17;38.0;17
2025/04;CIRURGIA PLÁSTICA/GERAL;57;2;28.5;0
2026/02;OTORRINOLARINGOLOGIA/CIRURGIAS PLÁSTICAS;75;1;75.0;0
2024/05;OTORRINOLARINGOLOGIA/CAVIDADE ORAL;426;19;22.42;0
2024/05;ORTOPEDIA/GERAL;4576;56;81.71;0
2024/01;CIRURGIA VASCULAR/3;562;2;281.0;0
2023/06;MASTOLOGIA/2;26;1;26.0;0
2023/05;ORTOPEDIA/1;204;64;3.19;0
2025/05;ORTOPEDIA/10;1816;4;454.0;0
2024/10;NEUROCIRURGIA/5;140;1;140.0;0
2025/06;OTORRINOLARINGOLOGIA/IMPLANTE COCLEAR;124;2;62.0;0
2024/03;ORTOPEDIA/PEDIÁTRICA GERAL;1312;5;262.4;0
2024/10;OTORRINOLARINGOLOGIA/1;136;12;11.33;0
2024/01;GINECOLOGIA/1;289;1;289.0;0
2026/09;GINECOLOGIA/9;34952;108;323.63;0
2025/06;ORTOPEDIA/OMBRO;7235;74;97.77;0
2023/10;CIRURGIA PEDIÁTRICA;1033;31;33.32;105
2025/08;CIRURGIA PLÁSTICA/8;529;4;132.25;0
2025/10;UROLOGIA/TROCA DE DUPLO J;3330;68;48.97;0
2026/06;CIRURGIA GERAL/4;4749;33;143.91;0
2025/08;ONCOLOGIA/DERMATOLOGIA;535;45;11.89;0
2023/07;UROLOGIA/4;9;2;4.5;0
2025/06;ORTOPEDIA/8;3987;8;498.38;0
2025/11;ORTOPEDIA/RETIRADA DE MATERIAL;4144;12;345.33;0
2023/03;GINECOLOGIA/6;222;6;37.0;0
2024/03;ORTOPEDIA/9;169;4;42.25;0
2024/03;OTORRINOLARINGOLOGIA/OUVIDO 2;3;1;3.0;0
2024/01;UROLOGIA/LITIASE;1983;20;99.15;0
2024/03;ORTOPEDIA/1;190;44;4.32;0
2026/02;CIRURGIA CARDÍACA - PEDIATRICA/CIRURGIA CARDÍACA;316;5;63.2;0
2026/09;OTORRINOLARINGOLOGIA/NARIZ 1;1431;24;59.63;0
2024/08;OTORRINOLARINGOLOGIA/LARINGE;610;4;152.5;0
2026/03;CIRURGIA GERAL/3;1851;32;57.84;0
2024/05;UROLOGIA/RETIRADA;477;12;39.75;0
2026/02;CIRURGIA GERAL/GERAL;8947;101;88.58;0
2024/05;CIRURGIA PLÁSTICA/6;1574;8;196.75;0
2025/12;CIRURGIA PEDIÁTRICA/2;377;3;125.67;0
2023/10;MASTOLOGIA;141;4;35.25;25
2023/10;ORTOPEDIA/5;7;1;7.0;0
2024/12;CERFIS/2;395;11;35.91;0
2025/08;UROLOGIA/8;2141;10;214.1;0
2025/05;COLOPROCTOLOGIA/3;1051;6;175.17;0
2023/03;ORTOPEDIA/RETIRADA;17;5;3.4;0
2023/04;CIRURGIA CARDÍACA - ANGIOPLASTIA;337;17;19.82;14
2026/01;PROGRAMA TRANSEXUALIZADOR/CIRURGIA PLÁSTICA;3393;6;565.5;0
2024/02;GASTROENTEROLOGIA;213;5;42.6;4
2023/08;UROLOGIA/RETIRADA;867;76;11.41;0
2024/03;GINECOLOGIA/HISTERECTOMIA;261;6;43.5;0
2025/05;OFTALMOLOGIA/OE;32360;494;65.51;0
2024/06;ORTOPEDIA/RETIRADA;2001;43;46.53;0
2026/08;OTORRINOLARINGOLOGIA/NARIZ 1;1006;20;50.3;0
2023/07;ORTOPEDIA/4;417;7;59.57;0
2025/04;GINECOLOGIA/GERAL;2332;23;101.39;0
2026/04;ORTOPEDIA/9;1264;6;210.67;0
2024/03;CIRURGIA GERAL;24985;982;25.44;1124
2025/01;ORTOPEDIA/4;600;8;75.0;0
2023/11;OFTALMOLOGIA/PTERIGIO OD;195;106;1.84;0
2025/09;CIRURGIA CARDÍACA - ADULTO;36;8;4.5;13
2025/05;PROGRAMA TRANSEXUALIZADOR/GINECOLOGIA;858;8;107.25;0
2025/12;COLOPROCTOLOGIA/2;153;2;76.5;0
2026/01;ORTOPEDIA/PÉ/TORNOZELO;1416;42;33.71;0
2026/07;OFTALMOLOGIA/AO;3653;27;135.3;0
2025/10;OTORRINOLARINGOLOGIA/MUTIRÃO;3388;21;161.33;0
2025/08;ONCOLOGIA/COLOPROCTOLOGIA;109;5;21.8;0
2023/10;GINECOLOGIA/8;755;8;94.38;0
2024/11;UROLOGIA/6;912;3;304.0;0
2025/02;ORTOPEDIA/7;605;2;302.5;0
2026/02;GASTROENTEROLOGIA;177;3;59.0;1
2025/04;UROLOGIA/1;1273;38;33.5;0
2023/01;ORTOPEDIA/TUMOR;24;2;12.0;0
2025/03;UROLOGIA/7;1501;4;375.25;0
2025/01;OTORRINOLARINGOLOGIA/IMPLANTE COCLEAR;592;2;296.0;0
2026/03;ORTOPEDIA/GERAL;1919;25;76.76;0
2026/07;ONCOLOGIA/COLOPROCTOLOGIA;159;3;53.0;0
2023/07;CIRURGIA GERAL/5;359;11;32.64;0
2026/08;ORTOPEDIA;50394;633;79.61;1172
2026/06;UROLOGIA/RETIRADA DE DUPLO J;1391;118;11.79;0
2023/02;NEUROCIRURGIA/4;52;3;17.33;0
2025/05;CIRURGIA TORÁCICA/2;146;1;146.0;0
2026/08;PROGRAMA TRANSEXUALIZADOR/GINECOLOGIA;682;9;75.78;0
2025/08;CIRURGIA TORÁCICA/3;281;3;93.67;0
2025/09;OFTALMOLOGIA/AO;8566;37;231.51;0
2025/02;ORTOPEDIA/COLUNA (ARTRODESE);800;13;61.54;0
2025/02;CIRURGIA GERAL/8;31;5;6.2;0
2025/10;ORTOPEDIA/PÉ/TORNOZELO;4852;60;80.87;0
2025/11;ORTOPEDIA/PLEXO BRAQUIAL;91;1;91.0;0
2026/05;ORTOPEDIA/2;2666;34;78.41;0
2026/09;PROGRAMA TRANSEXUALIZADOR/GINECOLOGIA;1265;15;84.33;0
2023/09;ORTOPEDIA/JOELHO (ATJ);252;2;126.0;0
2023/08;GINECOLOGIA/6;278;2;139.0;0
2023/09;ONCOLOGIA/MASTOLOGIA;206;8;25.75;0
2025/10;OTORRINOLARINGOLOGIA/OUVIDO 3;45;1;45.0;0
2024/03;ORTOPEDIA/GERAL;316;122;2.59;0
2025/11;PROGRAMA TRANSEXUALIZADOR/GINECOLOGIA;125;3;41.67;0
2024/11;CIRURGIA PLÁSTICA/5;958;2;479.0;0
2026/04;ORTOPEDIA/PEDIÁTRICA GERAL;1525;26;58.65;0
2023/01;CIRURGIA CARDÍACA - ADULTO;61;8;7.63;10
2025/11;UROLOGIA/5;617;6;102.83;0
2025/03;CIRURGIA GERAL/PAREDE E CAVIDADE ABDOMINAL;2051;22;93.23;0
2023/04;ORTOPEDIA/RETIRADA DE MATERIAL;808;24;33.67;0
2026/08;UROLOGIA/3;6754;16;422.13;0
2024/01;ORTOPEDIA/5;103;1;103.0;0
2025/01;NEUROCIRURGIA/3;101;3;33.67;0
2025/04;CIRURGIA VASCULAR;5918;150;39.45;207
2026/02;ORTOPEDIA/RETIRADA DE MATERIAL;3697;14;264.07;0
2025/11;ORTOPEDIA/COLUNA (ARTRODESE);1259;9;139.89;0
2026/07;CIRURGIA PEDIÁTRICA/2;1551;21;73.86;0
2024/07;OTORRINOLARINGOLOGIA/NARIZ 1;372;17;21.88;0
2025/08;DERMATOLOGIA;406;18;22.56;18
2025/06;CIRURGIA PEDIÁTRICA;3080;33;93.33;95
2023/08;CIRURGIA PEDIÁTRICA;1284;37;34.7;115
2025/08;ORTOPEDIA/RETIRADA DE MATERIAL;1938;30;64.6;0
2024/06;CIRURGIA VASCULAR/3;1703;11;154.82;0
2024/06;CIRURGIA VASCULAR/4;818;9;90.89;0
2024/12;UROLOGIA/1;1633;50;32.66;0
2024/08;CIRURGIA GERAL/PAREDE E CAVIDADE ABDOMINAL;971;32;30.34;0
2024/02;CIRURGIA GERAL/GERAL;133;2;66.5;0
2024/08;OTORRINOLARINGOLOGIA/2;379;7;54.14;0
2026/04;ONCOLOGIA/COLOPROCTOLOGIA;35;4;8.75;0
2025/01;OFTALMOLOGIA/OE;25816;386;66.88;0
2025/08;CIRURGIA DE CABEÇA E PESCOÇO/1;898;3;299.33;0
2024/12;UROLOGIA/RETIRADA DE DUPLO J;1290;37;34.86;0
2024/12;CIRURGIA VASCULAR/6;88;3;29.33;0
2026/06;ODONTOLOGIA PARA PACIENTES COM NECESSIDADES ESPECIAIS;2445;31;78.87;27
2024/07;ORTOPEDIA/OMBRO;1823;50;36.46;0
2024/09;CIRURGIA PLÁSTICA/5;748;2;374.0;0
2025/12;COLOPROCTOLOGIA/4;56;1;56.0;0
2025/05;GINECOLOGIA/1;14;1;14.0;0
2024/02;ORTOPEDIA/COLUNA (DEFORMIDADES);99;2;49.5;0
2025/10;CIRURGIA GERAL/3;2339;56;41.77;0
2023/12;OTORRINOLARINGOLOGIA/3;2433;15;162.2;0
2024/01;MASTOLOGIA/3;539;20;26.95;0
2024/04;OFTALMOLOGIA/OD;17324;519;33.38;0
2026/08;CIRURGIA VASCULAR/3;790;5;158.0;0
2025/01;MASTOLOGIA/3;372;16;23.25;0
2025/01;MASTOLOGIA;860;12;71.67;30
2024/05;OFTALMOLOGIA/CATARATA OD;910;155;5.87;0
2024/07;OTORRINOLARINGOLOGIA/IMPLANTE COCLEAR;245;2;122.5;0
2023/06;OFTALMOLOGIA/CATARATA OD;247;102;2.42;0
2025/01;COLOPROCTOLOGIA/3;1076;5;215.2;0
2024/02;BUCOMAXILOFACIAL;22;1;22.0;21
2025/01;ORTOPEDIA/GERAL;3941;26;151.58;0
2025/03;CIRURGIA VASCULAR/5;39;2;19.5;0
2026/01;CIRURGIA PLÁSTICA/3;88;1;88.0;0
2025/04;GINECOLOGIA/9;589;2;294.5;0
2023/05;NEUROCIRURGIA/3;56;1;56.0;0
2025/10;ORTOPEDIA/10;1371;2;685.5;0
2026/08;CIRURGIA DE CABEÇA E PESCOÇO/2;2257;9;250.78;0
2024/11;ORTOPEDIA/OMBRO;1774;52;34.12;0
2024/03;OFTALMOLOGIA/PTERIGIO OD;175;126;1.39;0
2025/12;ORTOPEDIA/OMBRO E COTOVELO;106;2;53.0;0
2026/04;CIRURGIA GERAL/GERAL;9218;204;45.19;0
2024/11;ORTOPEDIA/RETIRADA DE MATERIAL SÍNTESE;330;23;14.35;0
2026/03;CIRURGIA TORÁCICA/3;72;2;36.0;0
2023/07;CIRURGIA CARDÍACA - PEDIATRICA/CIRURGIA CARDÍACA;148;2;74.0;0
2023/07;ORTOPEDIA/COLUNA (ARTRODESE);582;13;44.77;0
2026/09;ORTOPEDIA/OMBRO (ARTROPLASTIAS);59382;79;751.67;0
2025/05;GINECOLOGIA/6;2559;11;232.64;0
2026/06;NEUROCIRURGIA/5;5565;6;927.5;0
2023/04;CERFIS/2;225;15;15.0;0
2024/01;ORTOPEDIA/PÉ/TORNOZELO;928;31;29.94;0
2025/11;ORTOPEDIA/COLUNA (DEFORMIDADES);1481;3;493.67;0
2024/01;CIRURGIA PLÁSTICA/1;424;4;106.0;0
2024/01;ORTOPEDIA/QUADRIL PEDIÁTRICA;163;1;163.0;0
2025/05;CIRURGIA VASCULAR/5;215;2;107.5;0
2026/08;CIRURGIA GERAL/4;1169;19;61.53;0
2023/05;CIRURGIA DE CABEÇA E PESCOÇO/2;540;6;90.0;0
2024/11;ORTOPEDIA/COLUNA (ARTRODESE);1033;14;73.79;0
2024/03;ORTOPEDIA/8;353;2;176.5;0
2026/07;UROLOGIA;1498;52;28.81;459
2026/08;CIRURGIA PEDIÁTRICA/2;1966;14;140.43;0
2026/06;CIRURGIA DE CABEÇA E PESCOÇO/2;2986;9;331.78;0
2024/09;CIRURGIA VASCULAR/5;28;2;14.0;0
2024/06;OFTALMOLOGIA/PTERIGIO OD;264;118;2.24;0
2024/02;ODONTOLOGIA PARA PACIENTES COM NECESSIDADES ESPECIAIS;4904;31;158.19;29
2026/03;OTORRINOLARINGOLOGIA/NARIZ 2;70;1;70.0;0
2024/03;DERMATOLOGIA;956;21;45.52;16
2025/04;ORTOPEDIA/QUADRIL;8660;70;123.71;0
2023/11;GINECOLOGIA/GERAL;290;2;145.0;0
2023/12;CIRURGIA CARDÍACA - ADULTO/GERAL;325;1;325.0;0
2023/11;ORTOPEDIA/8;193;1;193.0;0
2025/10;ORTOPEDIA/MUTIRÃO;11930;28;426.07;0
2023/04;UROLOGIA/3;520;18;28.89;0
2025/05;ORTOPEDIA/5;1080;2;540.0;0
2025/09;ORTOPEDIA/MUTIRÃO;6412;16;400.75;0
2023/06;ORTOPEDIA/JOELHO (ARTROSCOPIAS);884;19;46.53;0
2025/02;ORTOPEDIA/1;1820;91;20.0;0
2026/02;ORTOPEDIA/REVISÃO QUADRIL;385;1;385.0;0
2026/07;UROLOGIA/5;898;9;99.78;0
2023/03;UROLOGIA/GERAL;1099;38;28.92;0
2024/01;ORTOPEDIA/10;424;2;212.0;0
2024/03;ORTOPEDIA/REVISÃO JOELHO;0;2;0.0;0
2026/06;OFTALMOLOGIA/AMBULATORIAL - OE;10349;192;53.9;0
2024/06;OFTALMOLOGIA/OD;19628;599;32.77;0
2024/08;GINECOLOGIA/3;652;5;130.4;0
2026/05;GINECOLOGIA/8;277;2;138.5;0
2023/11;CIRURGIA PLÁSTICA/4;77;1;77.0;0
2026/01;UROLOGIA/LITIASE;1209;16;75.56;0
2024/05;GINECOLOGIA/6;4693;15;312.87;0
2024/08;UROLOGIA/4;411;6;68.5;0
2024/09;ORTOPEDIA/1;707;59;11.98;0
2025/07;ORTOPEDIA/QUADRIL PEDIÁTRICA;1608;8;201.0;0
2024/04;CIRURGIA VASCULAR/7;386;2;193.0;0
2026/04;CIRURGIA PEDIÁTRICA/1;2144;52;41.23;0
2025/10;CIRURGIA CARDÍACA - PEDIATRICA/CIRURGIA CARDÍACA;3657;20;182.85;0
2025/05;GINECOLOGIA/HISTERECTOMIA;169;3;56.33;0
2025/04;CIRURGIA TORÁCICA/3;927;5;185.4;0
2025/04;MASTOLOGIA/5;373;8;46.63;0
2024/01;UROLOGIA/GERAL;2336;46;50.78;0
2026/04;ORTOPEDIA/COLUNA (BLOQUEIOS);946;12;78.83;0
2023/04;UROLOGIA/RETIRADA;886;77;11.51;0
2023/11;CIRURGIA PEDIÁTRICA/3;612;5;122.4;0
2023/10;ORTOPEDIA/COLUNA (BLOQUEIOS);519;7;74.14;0
2023/05;CIRURGIA VASCULAR/7;0;1;0.0;0
2026/09;CIRURGIA GERAL/1;7844;42;186.76;0
2026/05;NEUROCIRURGIA/7;306;2;153.0;0
2025/02;CIRURGIA VASCULAR/7;886;2;443.0;0
2024/09;CIRURGIA PEDIÁTRICA/1;2590;83;31.2;0
2025/03;ORTOPEDIA/REVISÃO QUADRIL;574;1;574.0;0
2025/03;ORTOPEDIA/1;1390;54;25.74;0
2025/11;OTORRINOLARINGOLOGIA/CAVIDADE ORAL;1354;34;39.82;0
2024/09;CIRURGIA CARDÍACA - ADULTO;244;9;27.11;17
2023/06;ORTOPEDIA/JOELHO;19;2;9.5;0
2023/09;ORTOPEDIA/COLUNA (BLOQUEIOS);234;2;117.0;0
2023/12;CIRURGIA GERAL/ESTOMAGO E INTESTINOS;252;37;6.81;0
2024/07;OTORRINOLARINGOLOGIA;1436;50;28.72;131
2025/06;BUCOMAXILOFACIAL/GERAL;827;16;51.69;0
2024/03;OTORRINOLARINGOLOGIA/NARIZ 2;322;7;46.0;0
2025/12;OTORRINOLARINGOLOGIA;6257;99;63.2;153
2023/08;ORTOPEDIA/FIXADOR EXTERNO;955;12;79.58;0
2024/05;ONCOLOGIA/UROLOGIA;150;9;16.67;0
2026/08;COLOPROCTOLOGIA/1;787;32;24.59;0
2025/11;UROLOGIA/3;1502;18;83.44;0
2023/01;CIRURGIA VASCULAR/3;0;1;0.0;0
2026/06;OFTALMOLOGIA/OD;38548;492;78.35;0
2023/11;CIRURGIA GERAL/FIGADO E VIAS BILIARES;5799;76;76.3;0
2025/09;ORTOPEDIA/13;812;1;812.0;0
2025/02;CIRURGIA GERAL/2;103;11;9.36;0
2024/07;OTORRINOLARINGOLOGIA/1;534;10;53.4;0
2024/06;UROLOGIA/GERAL;11085;108;102.64;0
2026/08;ORTOPEDIA/RETIRADA DE MATERIAL SÍNTESE;721;43;16.77;0
2024/09;MASTOLOGIA/3;505;20;25.25;0
2023/05;UROLOGIA/GERAL;3872;78;49.64;0
2024/10;OFTALMOLOGIA/HOSPITALAR - OD;286;21;13.62;0
2025/08;NEUROCIRURGIA/4;1177;7;168.14;0
2025/07;UROLOGIA/5;540;4;135.0;0
2024/04;CIRURGIA PLÁSTICA/1;987;6;164.5;0
2025/11;CIRURGIA PEDIÁTRICA/1;5937;91;65.24;0
2025/06;UROLOGIA/LITIASE;1108;16;69.25;0
2026/08;OTORRINOLARINGOLOGIA/IMPLANTE COCLEAR;373;1;373.0;0
2024/02;ORTOPEDIA/QUADRIL;3671;92;39.9;0
2025/03;ORTOPEDIA MUTIRÃO;476;1;476.0;0
2024/05;UROLOGIA/2;2969;35;84.83;0
2023/11;MASTOLOGIA/3;850;23;36.96;0
2024/10;ORTOPEDIA/2;155;19;8.16;0
2026/08;UROLOGIA/GERAL;6836;122;56.03;0
2024/08;CIRURGIA VASCULAR/3;3993;20;199.65;0
2026/09;CIRURGIA GERAL/2;991;20;49.55;0
2024/05;GASTROENTEROLOGIA;380;9;42.22;5
2025/03;UROLOGIA/RETIRADA DE DUPLO J;2032;125;16.26;0
2023/01;CIRURGIA GERAL/7;0;1;0.0;0
2026/08;CIRURGIA VASCULAR/1;14;1;14.0;0
2023/03;MASTOLOGIA/5;7;1;7.0;0
2024/04;CIRURGIA GERAL/10;311;1;311.0;0
2023/08;ORTOPEDIA/2;708;41;17.27;0
2026/03;CARDIOLOGIA;557;2;278.5;2
2024/12;UROLOGIA/4;266;6;44.33;0
2026/03;ORTOPEDIA/JOELHO;1807;6;301.17;0
2026/05;BUCOMAXILOFACIAL;161;11;14.64;39
2023/10;NEUROCIRURGIA/5;232;3;77.33;0
2026/06;NEUROCIRURGIA/4;414;3;138.0;0
2024/11;UROLOGIA/7;211;2;105.5;0
2024/05;ORTOPEDIA/FIXADOR EXTERNO;649;21;30.9;0
2023/08;GINECOLOGIA/HISTERECTOMIA;2173;14;155.21;0
2026/07;ORTOPEDIA/QUADRIL PEDIÁTRICA;131;1;131.0;0
2025/06;CIRURGIA GERAL/7;2411;7;344.43;0
2025/02;ORTOPEDIA/REVISÃO QUADRIL;1373;3;457.67;0
2023/01;UROLOGIA/TRANSPLANTE RENAL 1;0;2;0.0;0
2025/02;UROLOGIA/2;1005;10;100.5;0
2024/04;COLOPROCTOLOGIA/2;820;9;91.11;0
2024/06;OTORRINOLARINGOLOGIA;1075;38;28.29;116
2026/05;ORTOPEDIA/JOELHO;63;9;7.0;0
2023/05;UROLOGIA/5;879;19;46.26;0
2026/02;ORTOPEDIA/JOELHO (ATJ);16945;21;806.9;0
2026/03;CIRURGIA PLÁSTICA/GERAL;63;1;63.0;0
2023/10;OTORRINOLARINGOLOGIA/CAVIDADE ORAL;1887;35;53.91;0
2026/06;MASTOLOGIA/2;10;1;10.0;0
2024/12;ORTOPEDIA/8;4553;10;455.3;0
2026/03;ONCOLOGIA/UROLOGIA;777;10;77.7;0
2025/06;CIRURGIA CARDÍACA - ADULTO/MARCAPASSO;72;3;24.0;0
2026/07;GINECOLOGIA/8;770;2;385.0;0
2025/12;MASTOLOGIA;294;5;58.8;20
2023/02;UROLOGIA/10;0;9;0.0;0
2025/07;UROLOGIA/4;100;1;100.0;0
2025/08;CIRURGIA GERAL/PAREDE E CAVIDADE ABDOMINAL;754;44;17.14;0
2024/02;NEUROCIRURGIA/6;0;1;0.0;0
2023/10;CIRURGIA VASCULAR/GERAL;5096;44;115.82;0
2024/10;ODONTOLOGIA PARA PACIENTES COM NECESSIDADES ESPECIAIS;1968;32;61.5;25
2025/07;CERFIS/1;13;1;13.0;0
2024/03;UROLOGIA/GERAL;6579;60;109.65;0
2026/09;CIRURGIA PLÁSTICA/7;548;3;182.67;0
2025/12;CIRURGIA GERAL/5;309;3;103.0;0
2026/02;UROLOGIA/2;59;1;59.0;0
2023/03;OTORRINOLARINGOLOGIA/OUVIDO 2;84;2;42.0;0
2026/08;UROLOGIA/TROCA DE DUPLO J;3231;67;48.22;0
2026/04;CIRURGIA PLÁSTICA/8;232;1;232.0;0
2023/04;CIRURGIA TORÁCICA/2;152;14;10.86;0
2024/12;CIRURGIA PLÁSTICA/10;4097;7;585.29;0
2024/11;CIRURGIA VASCULAR;6461;146;44.25;229
2025/03;PROGRAMA TRANSEXUALIZADOR/GINECOLOGIA;2178;11;198.0;0
2025/11;GINECOLOGIA/5;324;1;324.0;0
2026/07;GASTROENTEROLOGIA;106;2;53.0;0
2023/09;CIRURGIA CARDÍACA - PEDIATRICA/CIRURGIA CARDÍACA;398;4;99.5;0
2026/07;ORTOPEDIA/RETIRADA DE FIXADOR EXTERNO;2086;44;47.41;0
2024/12;OFTALMOLOGIA/CATARATA OD;718;149;4.82;0
2024/04;CIRURGIA TORÁCICA;0;1;0.0;9
2025/05;UROLOGIA/2;857;8;107.13;0
2024/06;CIRURGIA GERAL/2;819;24;34.13;0
2024/07;ORTOPEDIA/7;853;6;142.17;0
2026/03;MASTOLOGIA/5;194;4;48.5;0
2025/08;CIRURGIA VASCULAR/3;1360;8;170.0;0
2024/09;CIRURGIA GERAL/5;342;4;85.5;0
2024/06;ORTOPEDIA/GERAL;5602;20;280.1;0
2024/09;GINECOLOGIA/9;1715;5;343.0;0
2024/07;CIRURGIA VASCULAR/2;206;6;34.33;0
2026/08;ORTOPEDIA/TUMOR;48;4;12.0;0
2026/09;OTORRINOLARINGOLOGIA/OUVIDO 1;4560;24;190.0;0
2023/01;BUCOMAXILOFACIAL/GERAL;78;8;9.75;0
2023/06;CIRURGIA PEDIÁTRICA;1010;18;56.11;67
2024/01;CIRURGIA PLÁSTICA/9;340;2;170.0;0
2023/12;CIRURGIA GERAL/1;0;1;0.0;0
2023/04;DERMATOLOGIA;259;10;25.9;10
2025/04;GINECOLOGIA/5;370;1;370.0;0
2024/11;CIRURGIA GERAL/6;81;4;20.25;0
2026/02;CIRURGIA VASCULAR/1;25;3;8.33;0
2026/07;NEUROCIRURGIA;1908;12;159.0;43
2023/11;CIRURGIA PEDIÁTRICA/1;880;50;17.6;0
2023/04;ORTOPEDIA/REVISÃO JOELHO;32;1;32.0;0
2026/09;OTORRINOLARINGOLOGIA/5;21440;23;932.17;0
2025/03;CIRURGIA GERAL/6;33;2;16.5;0
2025/03;NEUROCIRURGIA/5;52;1;52.0;0
2025/02;BUCOMAXILOFACIAL;60;5;12.0;19
2024/04;CIRURGIA PLÁSTICA/8;548;2;274.0;0
2025/03;UROLOGIA/1;2545;58;43.88;0
2023/08;OFTALMOLOGIA/PTERIGIO OE;209;101;2.07;0
2025/11;UROLOGIA/7;935;4;233.75;0
2023/06;CIRURGIA TORÁCICA/2;0;4;0.0;0
2023/07;CIRURGIA TORÁCICA/2;0;2;0.0;0
2024/01;MASTOLOGIA;30;1;30.0;24
2025/05;CIRURGIA PLÁSTICA/GERAL;55;2;27.5;0
2025/07;UROLOGIA/LITIASE;1380;8;172.5;0
2026/03;ORTOPEDIA;77026;764;100.82;1205
2025/09;CIRURGIA GERAL/ESTOMAGO E INTESTINOS;699;27;25.89;0
2025/08;ORTOPEDIA/QUADRIL;28801;88;327.28;0
2024/02;CIRURGIA PLÁSTICA/6;1118;4;279.5;0
2023/09;ONCOLOGIA/GINECOLOGIA;160;9;17.78;0
2025/02;ORTOPEDIA/6;180;2;90.0;0
2024/06;CIRURGIA VASCULAR/6;272;4;68.0;0
2026/09;NEUROCIRURGIA/1;5467;45;121.49;0
2023/08;CIRURGIA TORÁCICA;18;3;6.0;8
2025/06;GINECOLOGIA/8;51;1;51.0;0
2026/07;ORTOPEDIA/GERAL;19036;82;232.15;0
2025/05;ORTOPEDIA/RETIRADA DE MATERIAL;2407;54;44.57;0
2026/02;GINECOLOGIA/3;549;4;137.25;0
2024/11;OTORRINOLARINGOLOGIA/4;246;1;246.0;0
2025/10;CERFIS/1;136;7;19.43;0
2025/09;ORTOPEDIA/JOELHO (ATJ);9760;18;542.22;0
2023/09;NEUROCIRURGIA/5;56;1;56.0;0
2025/07;CIRURGIA PEDIÁTRICA/1;4572;78;58.62;0
2026/04;MASTOLOGIA/3;998;19;52.53;0
2023/04;ORTOPEDIA/REVISÃO OMBRO;71;1;71.0;0
2025/09;CIRURGIA PEDIÁTRICA/1;6190;90;68.78;0
2025/07;ONCOLOGIA/GINECOLOGIA;91;10;9.1;0
2024/08;OTORRINOLARINGOLOGIA;1379;42;32.83;140
2026/08;OTORRINOLARINGOLOGIA/CAVIDADE ORAL;491;28;17.54;0
2025/03;UROLOGIA/8;1995;18;110.83;0
2024/02;UROLOGIA;8409;195;43.12;429
2025/09;CIRURGIA DE CABEÇA E PESCOÇO;518;10;51.8;16
2025/08;ORTOPEDIA/PÉ/TORNOZELO;6950;63;110.32;0
2023/06;CIRURGIA VASCULAR/7;194;4;48.5;0
2023/07;ORTOPEDIA/OMBRO;1649;89;18.53;0
2023/11;UROLOGIA/1;2147;63;34.08;0
2023/10;OFTALMOLOGIA/PTERIGIO OE;481;118;4.08;0
2023/06;ORTOPEDIA/FIXADOR EXTERNO;156;8;19.5;0
2023/06;ORTOPEDIA/COTOVELO;24;2;12.0;0
2025/06;CIRURGIA GERAL/ESTOMAGO E INTESTINOS;461;31;14.87;0
2025/08;ORTOPEDIA/JOELHO (ATJ);16846;23;732.43;0
2026/03;CIRURGIA GERAL/FIGADO E VIAS BILIARES;483;36;13.42;0
2024/07;OTORRINOLARINGOLOGIA/OUVIDO 3;385;4;96.25;0
2024/10;CIRURGIA PLÁSTICA/3;141;1;141.0;0
2024/02;CIRURGIA PEDIÁTRICA/1;1703;118;14.43;0
2026/02;ODONTOLOGIA PARA PACIENTES COM NECESSIDADES ESPECIAIS;1272;29;43.86;26
2025/11;ORTOPEDIA/5;2919;4;729.75;0
2026/02;CIRURGIA GERAL;48264;958;50.38;1061
2024/10;CIRURGIA PLÁSTICA/8;52;1;52.0;0
2023/09;ORTOPEDIA/JOELHO (ARTROSCOPIAS);1977;41;48.22;0
2025/07;PROGRAMA TRANSEXUALIZADOR/GINECOLOGIA;180;8;22.5;0
2026/03;GASTROENTEROLOGIA;184;3;61.33;3
2026/02;OFTALMOLOGIA/HOSPITALAR - OE;1981;10;198.1;0
2023/09;ORTOPEDIA/4;265;7;37.86;0
2026/01;CIRURGIA GERAL/ESTOMAGO E INTESTINOS;209;24;8.71;0
2026/03;OTORRINOLARINGOLOGIA/IMPLANTE COCLEAR;961;4;240.25;0
2024/02;NEUROCIRURGIA/1;3265;19;171.84;0
2025/05;CIRURGIA PEDIÁTRICA/1;3575;78;45.83;0
2024/03;CIRURGIA PEDIÁTRICA/2;2128;9;236.44;0
2024/02;CIRURGIA CARDÍACA - ANGIOPLASTIA;511;32;15.97;28
2026/05;NEUROCIRURGIA/1;1701;12;141.75;0
2024/10;UROLOGIA;10121;148;68.39;487
2025/08;COLOPROCTOLOGIA;774;15;51.6;53
2025/10;UROLOGIA/LITIASE;1419;23;61.7;0
2026/03;ORTOPEDIA/RETIRADA DE FIO OU PINO;391;8;48.88;0
2024/09;UROLOGIA/3;2994;13;230.31;0
2026/05;ORTOPEDIA/GERAL;1241;57;21.77;0
2025/10;CIRURGIA VASCULAR/GERAL;12241;82;149.28;0
2026/06;GINECOLOGIA/6;2359;30;78.63;0
2023/11;CIRURGIA CARDÍACA - ANGIOPLASTIA;923;29;31.83;24
2024/06;ORTOPEDIA/JOELHO;1;1;1.0;0
2023/11;GINECOLOGIA;11175;356;31.39;370
2025/02;OFTALMOLOGIA/CATARATA OD;418;123;3.4;0
2023/04;ORTOPEDIA/REVISÃO QUADRIL;0;4;0.0;0
2023/09;GINECOLOGIA/2;388;10;38.8;0
2024/05;ORTOPEDIA/QUADRIL;2382;117;20.36;0
2025/05;ORTOPEDIA/PEDIÁTRICA GERAL;3133;20;156.65;0
2026/05;ODONTOLOGIA PARA PACIENTES COM NECESSIDADES ESPECIAIS;2389;36;66.36;34
2023/11;ORTOPEDIA/REVISÃO QUADRIL;0;1;0.0;0
2025/06;CIRURGIA VASCULAR/6;407;3;135.67;0
2026/04;OFTALMOLOGIA/HOSPITALAR - OE;328;2;164.0;0
2025/02;CIRURGIA GERAL/FIGADO E VIAS BILIARES;7411;85;87.19;0
2025/10;CIRURGIA PLÁSTICA/8;431;3;143.67;0
2023/09;ORTOPEDIA/QUADRIL;6952;109;63.78;0
2025/06;OTORRINOLARINGOLOGIA/CIRURGIAS PLÁSTICAS;218;6;36.33;0
2025/08;ORTOPEDIA/4;1570;8;196.25;0
2023/09;CIRURGIA PLÁSTICA/6;243;5;48.6;0
2025/07;CIRURGIA GERAL/7;1213;9;134.78;0
2023/10;BUCOMAXILOFACIAL/GERAL;370;14;26.43;0
2025/12;OFTALMOLOGIA/HOSPITALAR - OE;1072;7;153.14;0
2026/01;ODONTOLOGIA PARA PACIENTES COM NECESSIDADES ESPECIAIS;2443;36;67.86;32
2024/04;NEUROCIRURGIA/1;1146;9;127.33;0
2024/03;OTORRINOLARINGOLOGIA/CAVIDADE ORAL;460;15;30.67;0
2025/10;OFTALMOLOGIA/AMBULATORIAL - OE;24357;316;77.08;0
2026/01;UROLOGIA/8;1553;12;129.42;0
2023/06;BUCOMAXILOFACIAL/GERAL;91;6;15.17;0
2023/01;OTORRINOLARINGOLOGIA/1;59;6;9.83;0
2024/03;UROLOGIA/7;736;3;245.33;0
2024/12;CIRURGIA GERAL/3;2017;40;50.43;0
2023/03;BUCOMAXILOFACIAL/ORTOGNÁTICA;30;3;10.0;0
2024/12;CIRURGIA GERAL;19917;783;25.44;974
2026/08;NEUROCIRURGIA/5;1215;6;202.5;0
2025/12;ORTOPEDIA/2;2302;42;54.81;0
2026/04;UROLOGIA/TROCA DE DUPLO J;878;32;27.44;0
2026/01;ORTOPEDIA/RETIRADA DE MATERIAL SÍNTESE;897;32;28.03;0
2026/07;UROLOGIA/3;4939;17;290.53;0
2023/03;UROLOGIA/1;587;30;19.57;0
2023/03;UROLOGIA/4;35;3;11.67;0
2025/03;CIRURGIA TORÁCICA;203;1;203.0;6
2026/07;ORTOPEDIA/RETIRADA DE MATERIAL SÍNTESE;428;28;15.29;0
2026/04;UROLOGIA/6;2260;5;452.0;0
2026/01;CIRURGIA GERAL/5;2406;4;601.5;0
2023/12;OTORRINOLARINGOLOGIA/4;499;3;166.33;0
2024/03;CIRURGIA CARDÍACA - PEDIATRICA/CIRURGIA CARDÍACA;1141;7;163.0;0
2023/03;ORTOPEDIA/JOELHO;15;1;15.0;0
2025/08;NEUROCIRURGIA/2;1109;3;369.67;0
2023/09;COLOPROCTOLOGIA;790;7;112.86;39
2023/02;CIRURGIA GERAL/GERAL;25;4;6.25;0
2026/04;ORTOPEDIA/JOELHO (ATJ);12174;16;760.88;0
2026/09;OTORRINOLARINGOLOGIA/OUVIDO 3;149966;228;657.75;0
2025/02;CIRURGIA GERAL/5;31;3;10.33;0
2024/07;GASTROENTEROLOGIA;72;5;14.4;4
2023/03;ORTOPEDIA/COTOVELO;17;3;5.67;0
2025/12;CIRURGIA VASCULAR;11353;168;67.58;235
2023/05;ORTOPEDIA/FIXADOR EXTERNO;188;5;37.6;0
2025/04;CIRURGIA TORÁCICA/2;4;1;4.0;0
2024/05;ORTOPEDIA/JOELHO;18;3;6.0;0
2026/04;ODONTOLOGIA PARA PACIENTES COM NECESSIDADES ESPECIAIS;2275;27;84.26;24
2026/02;CIRURGIA CARDÍACA - ADULTO/CIRURGIA CARDÍACA;1153;7;164.71;0
2024/03;GINECOLOGIA/GERAL;165;10;16.5;0
2026/04;ORTOPEDIA/RETIRADA DE MATERIAL;766;3;255.33;0
2023/12;ODONTOLOGIA PARA PACIENTES COM NECESSIDADES ESPECIAIS;3151;23;137.0;21
2023/07;CIRURGIA GERAL;17015;868;19.6;1098
2025/03;CIRURGIA GERAL/2;24;8;3.0;0
2024/12;CIRURGIA PLÁSTICA/1;680;7;97.14;0
2024/02;MASTOLOGIA/5;983;11;89.36;0
2023/08;OTORRINOLARINGOLOGIA/4;191;1;191.0;0
2026/09;ONCOLOGIA;13377;175;76.44;106
2026/09;ORTOPEDIA/QUADRIL PEDIÁTRICA;7213;26;277.42;0
2025/02;COLOPROCTOLOGIA/1;2933;36;81.47;0
2023/05;ORTOPEDIA/2;117;23;5.09;0
2026/05;GINECOLOGIA/3;318;1;318.0;0
2026/05;ORTOPEDIA/RETIRADA DE MATERIAL;181;2;90.5;0
2026/02;CIRURGIA PEDIÁTRICA;2571;26;98.88;162
2024/12;PROGRAMA TRANSEXUALIZADOR;901;5;180.2;5
2023/12;OFTALMOLOGIA/OE;11428;280;40.81;0
2023/08;CIRURGIA PEDIÁTRICA/3;1969;14;140.64;0
2026/01;ORTOPEDIA/OMBRO;5500;84;65.48;0
2023/11;ORTOPEDIA/RETIRADA DE MATERIAL;3046;60;50.77;0
2024/05;ORTOPEDIA/9;140;4;35.0;0
2026/05;GINECOLOGIA/9;633;2;316.5;0
2025/03;ORTOPEDIA/RETIRADA;949;8;118.63;0
2024/11;GINECOLOGIA/GERAL;2758;32;86.19;0
2025/04;GINECOLOGIA/3;472;5;94.4;0
2025/03;ODONTOLOGIA PARA PACIENTES COM NECESSIDADES ESPECIAIS;1122;32;35.06;29
2023/01;ORTOPEDIA/9;7;1;7.0;0
2024/03;OFTALMOLOGIA/PTERIGIO OE;187;124;1.51;0
2025/02;CIRURGIA CARDÍACA - ADULTO/CIRURGIA CARDÍACA;2105;5;421.0;0
2024/10;MASTOLOGIA;707;13;54.38;44
2024/03;CIRURGIA VASCULAR/4;976;20;48.8;0
2026/06;UROLOGIA/4;473;6;78.83;0
2026/05;ORTOPEDIA/PEDIÁTRICA GERAL;1077;18;59.83;0
2024/10;OFTALMOLOGIA/OD;17188;437;39.33;0
2026/05;GINECOLOGIA/2;276;3;92.0;0
2024/02;ORTOPEDIA/5;156;1;156.0;0
2025/02;NEUROCIRURGIA/5;266;1;266.0;0
2024/08;GINECOLOGIA/9;1014;3;338.0;0
2026/06;CARDIOLOGIA ANGIOPLASTIA;6553;25;262.12;11
2023/03;ORTOPEDIA/QUADRIL;438;71;6.17;0
2023/12;ORTOPEDIA/JOELHO;59;4;14.75;0
2024/08;CIRURGIA VASCULAR/1;382;12;31.83;0
2023/12;UROLOGIA/RETIRADA;2682;96;27.94;0
2023/03;CIRURGIA CARDÍACA - ANGIOPLASTIA;429;22;19.5;15
2026/09;COLOPROCTOLOGIA/3;4960;23;215.65;0
2026/04;CIRURGIA CARDÍACA - ADULTO/CIRURGIA CARDÍACA;3356;10;335.6;0
2026/01;ORTOPEDIA/RETIRADA;2224;9;247.11;0
2026/03;ORTOPEDIA/2;233;22;10.59;0
2026/04;CIRURGIA DE CABEÇA E PESCOÇO/2;2745;6;457.5;0
2026/09;UROLOGIA/3;165901;376;441.23;0
2026/03;ORTOPEDIA/MÃO E PUNHO;22;2;11.0;0
2024/06;CIRURGIA GERAL/7;677;3;225.67;0
2024/04;ONCOLOGIA;633;23;27.52;87
2026/01;CIRURGIA CARDÍACA - PEDIATRICA/CIRURGIA CARDÍACA;657;3;219.0;0
2026/06;OTORRINOLARINGOLOGIA/IMPLANTE COCLEAR;443;3;147.67;0
2026/09;OTORRINOLARINGOLOGIA/1;39472;225;175.43;0
2024/10;ORTOPEDIA/7;105;1;105.0;0
2026/07;CIRURGIA PLÁSTICA/6;3953;14;282.36;0
2026/08;UROLOGIA/RETIRADA DE DUPLO J;2349;145;16.2;0
2025/08;CIRURGIA GERAL/2;43;2;21.5;0
2024/06;MASTOLOGIA/4;6;1;6.0;0
2024/02;GINECOLOGIA/GERAL;139;7;19.86;0
2026/01;ORTOPEDIA/QUADRIL;4746;66;71.91;0
2024/02;CIRURGIA VASCULAR/GERAL;7425;49;151.53;0
2025/08;CIRURGIA PLÁSTICA/9;465;2;232.5;0
2026/02;OTORRINOLARINGOLOGIA/NARIZ 2;73;2;36.5;0
2025/01;ORTOPEDIA/10;957;2;478.5;0
2025/11;ONCOLOGIA/MASTOLOGIA;123;5;24.6;0
2026/04;OFTALMOLOGIA/HOSPITALAR - OD;862;6;143.67;0
2023/04;ONCOLOGIA;196;8;24.5;59
2025/09;CIRURGIA PLÁSTICA/10;3027;4;756.75;0
2026/07;CIRURGIA GERAL/PAREDE E CAVIDADE ABDOMINAL;433;31;13.97;0
2025/08;ORTOPEDIA/COTOVELO;179;6;29.83;0
2026/02;ONCOLOGIA/UROLOGIA;413;6;68.83;0
2024/01;ORTOPEDIA/OMBRO;4230;96;44.06;0
2024/09;ORTOPEDIA/COLUNA (ARTRODESE);179;4;44.75;0
2026/08;OFTALMOLOGIA/HOSPITALAR - OD;2735;15;182.33;0
2024/04;ORTOPEDIA/9;274;6;45.67;0
2025/10;OFTALMOLOGIA/HOSPITALAR - OE;1555;14;111.07;0
2024/11;OFTALMOLOGIA/AMBULATORIAL - OE;22128;415;53.32;0
2026/04;UROLOGIA/1;11622;98;118.59;0
2026/05;OTORRINOLARINGOLOGIA/LARINGE;49;1;49.0;0
2024/10;UROLOGIA/1;1864;31;60.13;0
2026/05;ORTOPEDIA/3;434;2;217.0;0
2026/05;OTORRINOLARINGOLOGIA/NARIZ 2;117;2;58.5;0
2025/02;ORTOPEDIA/ARTROPLASTIA;386;1;386.0;0
2025/06;ORTOPEDIA/JOELHO (ARTROSCOPIAS);6505;39;166.79;0
2023/07;GINECOLOGIA/6;560;5;112.0;0
2025/09;ORTOPEDIA/PEDIÁTRICA GERAL;800;19;42.11;0
2025/05;BUCOMAXILOFACIAL/ORTOGNÁTICA;174;3;58.0;0
2025/07;ORTOPEDIA/1;2408;96;25.08;0
2026/03;CIRURGIA GERAL/PAREDE E CAVIDADE ABDOMINAL;346;32;10.81;0
2025/04;OTORRINOLARINGOLOGIA/NARIZ 2;58;3;19.33;0
2025/08;CIRURGIA PLÁSTICA/1;1124;4;281.0;0
2024/02;OFTALMOLOGIA/OD;21586;450;47.97;0
2023/06;UROLOGIA/GERAL;3523;61;57.75;0
2026/06;CIRURGIA PLÁSTICA/1;327;2;163.5;0
2023/04;CIRURGIA VASCULAR/6;62;4;15.5;0
2026/02;OFTALMOLOGIA/CATARATA OE;314;123;2.55;0
2026/01;ORTOPEDIA/7;816;3;272.0;0
2024/12;ORTOPEDIA/2;360;27;13.33;0
2025/10;CIRURGIA PLÁSTICA/5;265;1;265.0;0
2023/07;OTORRINOLARINGOLOGIA/1;361;13;27.77;0
2026/09;UROLOGIA/8;120544;299;403.16;0
2023/05;COLOPROCTOLOGIA;68;2;34.0;41
2025/05;ORTOPEDIA/COLUNA (BLOQUEIOS);262;4;65.5;0
2024/07;CIRURGIA GERAL/GERAL;880;33;26.67;0
2026/02;OTORRINOLARINGOLOGIA/OUVIDO 3;1517;6;252.83;0
2023/07;CIRURGIA TORÁCICA/3;94;1;94.0;0
2024/01;PCCO - BARIATRICA;553;31;17.84;31
2025/01;MASTOLOGIA/5;203;3;67.67;0
2023/07;COLOPROCTOLOGIA/2;172;3;57.33;0
2024/10;CIRURGIA VASCULAR/GERAL;10485;74;141.69;0
2025/11;COLOPROCTOLOGIA/2;49;2;24.5;0
2024/04;UROLOGIA/TRANSPLANTE RENAL 1;0;2;0.0;0
2024/08;CIRURGIA PEDIÁTRICA/1;3315;95;34.89;0
2026/05;CIRURGIA GERAL/1;191;2;95.5;0
2025/01;OFTALMOLOGIA/HOSPITALAR - OE;737;21;35.1;0
2026/08;ONCOLOGIA/MASTOLOGIA;124;4;31.0;0
2025/11;OFTALMOLOGIA/OD;13262;407;32.58;0
2023/12;ONCOLOGIA/CIRURGIA GERAL;267;21;12.71;0
2024/07;OTORRINOLARINGOLOGIA/2;613;8;76.63;0
2023/02;OTORRINOLARINGOLOGIA/LARINGE;36;2;18.0;0
2025/01;ONCOLOGIA/MASTOLOGIA;290;9;32.22;0
2023/07;ORTOPEDIA/9;69;1;69.0;0
2025/02;NEUROCIRURGIA/4;1805;11;164.09;0
2024/08;OFTALMOLOGIA/HOSPITALAR - OD;497;35;14.2;0
2024/04;NEUROCIRURGIA/2;968;10;96.8;0
2026/09;OFTALMOLOGIA/OE;285026;2811;101.4;0
2025/07;CIRURGIA PLÁSTICA/5;1946;3;648.67;0
2023/09;CIRURGIA GERAL/5;616;8;77.0;0
2025/06;ORTOPEDIA/MÃO;13229;65;203.52;0
2023/10;COLOPROCTOLOGIA/4;0;1;0.0;0
2024/05;ORTOPEDIA/4;660;9;73.33;0
2025/08;ORTOPEDIA/FIXADOR EXTERNO;835;22;37.95;0
2026/09;CIRURGIA DE CABEÇA E PESCOÇO/1;1147;6;191.17;0
2024/05;MASTOLOGIA;33;2;16.5;21
2026/07;CERFIS/1;131;5;26.2;0
2023/03;CIRURGIA PEDIÁTRICA/1;390;23;16.96;0
2026/03;GINECOLOGIA/HISTERECTOMIA;728;7;104.0;0
2025/11;COLOPROCTOLOGIA/1;613;22;27.86;0
2025/12;MASTOLOGIA/1;54;2;27.0;0
2024/06;CIRURGIA VASCULAR/GERAL;8065;49;164.59;0
2026/04;ORTOPEDIA/COLUNA (ARTRODESE);1360;9;151.11;0
2025/09;CIRURGIA CARDÍACA - ADULTO/MARCAPASSO;3;1;3.0;0
2023/10;ORTOPEDIA/PÉ/TORNOZELO;1544;36;42.89;0
2024/06;GINECOLOGIA;24842;592;41.96;561
2025/11;OFTALMOLOGIA/AMBULATORIAL - OE;12666;214;59.19;0
2025/11;OTORRINOLARINGOLOGIA;4404;83;53.06;172
2025/05;ORTOPEDIA/4;260;9;28.89;0
2023/09;UROLOGIA/3;585;30;19.5;0
2023/05;CIRURGIA PEDIÁTRICA/1;442;15;29.47;0
2026/01;CIRURGIA PEDIÁTRICA/2;487;7;69.57;0
2024/11;ORTOPEDIA/JOELHO;32;1;32.0;0
2024/12;ORTOPEDIA/FIXADOR EXTERNO;823;14;58.79;0
2024/09;OFTALMOLOGIA/CATARATA OD;638;124;5.15;0
2025/05;ORTOPEDIA/6;86;1;86.0;0
2024/08;UROLOGIA/6;2395;5;479.0;0
2026/01;CIRURGIA PLÁSTICA/9;412;2;206.0;0
2024/01;OTORRINOLARINGOLOGIA/OUVIDO 1;871;6;145.17;0
2026/03;ORTOPEDIA/PLEXO BRAQUIAL;678;3;226.0;0
2024/11;ORTOPEDIA/PEDIÁTRICA GERAL;4320;20;216.0;0
2024/12;CIRURGIA PLÁSTICA/9;50;1;50.0;0
2023/09;MASTOLOGIA;114;2;57.0;30
2023/09;CIRURGIA CARDÍACA - ADULTO;538;11;48.91;10
2024/02;CIRURGIA CARDÍACA - ADULTO/MARCAPASSO;48;2;24.0;0
2025/03;DERMATOLOGIA;138;15;9.2;14
2023/12;CIRURGIA TORÁCICA/2;2280;9;253.33;0
2026/02;CIRURGIA PLÁSTICA/3;126;1;126.0;0
2023/07;OTORRINOLARINGOLOGIA;2212;49;45.14;146
2024/09;OTORRINOLARINGOLOGIA/1;307;13;23.62;0
2023/09;CIRURGIA GERAL/2;0;1;0.0;0
2023/06;COLOPROCTOLOGIA/1;445;17;26.18;0
2024/10;OTORRINOLARINGOLOGIA/NARIZ 2;557;9;61.89;0
2025/02;PCCO - BARIATRICA;345;22;15.68;22
2026/05;COLOPROCTOLOGIA/2;426;6;71.0;0
2026/06;CIRURGIA PLÁSTICA/6;2470;8;308.75;0
2025/08;MASTOLOGIA/2;64;1;64.0;0
2023/09;ORTOPEDIA/MÃO;2296;68;33.76;0
2026/07;BUCOMAXILOFACIAL/GERAL;753;27;27.89;0
2025/09;ORTOPEDIA/COLUNA (DEFORMIDADES);2682;5;536.4;0
2025/01;CIRURGIA PEDIÁTRICA;3043;38;80.08;113
2026/05;CIRURGIA GERAL;39782;912;43.62;1219
2024/03;CIRURGIA PLÁSTICA/8;311;3;103.67;0
2023/08;COLOPROCTOLOGIA;107;1;107.0;51
2024/07;CIRURGIA PEDIÁTRICA/1;4311;121;35.63;0
2025/01;CIRURGIA CARDÍACA - ADULTO/CIRURGIA CARDÍACA;2619;9;291.0;0
2026/07;GINECOLOGIA/GERAL;3459;60;57.65;0
2026/09;CIRURGIA CARDÍACA - ANGIOPLASTIA;1594;54;29.52;27
2025/08;OFTALMOLOGIA/AMBULATORIAL - OE;18845;249;75.68;0
2025/07;COLOPROCTOLOGIA/1;1293;30;43.1;0
2026/07;ORTOPEDIA/PEDIÁTRICA GERAL;911;12;75.92;0
2025/01;OTORRINOLARINGOLOGIA/4;1473;5;294.6;0
2023/10;COLOPROCTOLOGIA;282;3;94.0;34
2024/09;UROLOGIA/2;3788;31;122.19;0
2025/05;OFTALMOLOGIA/AMBULATORIAL - OE;17742;347;51.13;0
2023/08;CIRURGIA VASCULAR/4;554;27;20.52;0
2024/02;OFTALMOLOGIA/OE;27709;460;60.24;0
2024/01;ORTOPEDIA/MÃO;2015;71;28.38;0
2025/09;CIRURGIA PEDIÁTRICA/2;1859;18;103.28;0
2026/03;ORTOPEDIA/10;153;1;153.0;0
2023/01;OTORRINOLARINGOLOGIA/NARIZ 1;53;7;7.57;0
2026/01;ORTOPEDIA/9;9855;24;410.63;0
2026/08;CIRURGIA METABÓLICA;630;5;126.0;0
2023/09;OTORRINOLARINGOLOGIA/CAVIDADE ORAL;1095;32;34.22;0
2025/01;CARDIOLOGIA;354;7;50.57;7
2025/05;OFTALMOLOGIA/AMBULATORIAL - OD;17434;344;50.68;0
2023/02;OFTALMOLOGIA/PTERIGIO OE;122;34;3.59;0
2025/03;CIRURGIA CARDÍACA - ADULTO/MARCAPASSO;11;1;11.0;0
2026/03;CIRURGIA GERAL/2;27;2;13.5;0
2024/10;GINECOLOGIA/2;59;3;19.67;0
2023/10;CIRURGIA GERAL/5;444;9;49.33;0
2023/04;NEUROCIRURGIA/5;109;3;36.33;0
2025/09;ORTOPEDIA/8;3437;6;572.83;0
2023/08;ORTOPEDIA/5;13;1;13.0;0
2025/12;UROLOGIA/TROCA DE DUPLO J;2535;51;49.71;0
2024/07;OTORRINOLARINGOLOGIA/CAVIDADE ORAL;598;22;27.18;0
2024/09;OFTALMOLOGIA/AMBULATORIAL - OE;4446;287;15.49;0
2024/09;CIRURGIA CARDÍACA - PEDIATRICA/CIRURGIA CARDÍACA;1309;7;187.0;0
2024/12;UROLOGIA/LITIASE;513;17;30.18;0
2024/09;CIRURGIA CARDÍACA - ADULTO/CIRURGIA CARDÍACA;5110;11;464.55;0
2023/04;OFTALMOLOGIA/PTERIGIO OE;420;100;4.2;0
2025/08;CIRURGIA GERAL/1;108;2;54.0;0
2023/05;OTORRINOLARINGOLOGIA/3;239;6;39.83;0
2025/05;CIRURGIA PLÁSTICA/2;147;2;73.5;0
2026/02;ORTOPEDIA/RETIRADA DE FIXADOR EXTERNO;594;24;24.75;0
2025/05;MASTOLOGIA/5;417;6;69.5;0
2025/10;CIRURGIA GERAL/FIGADO E VIAS BILIARES;902;59;15.29;0
2024/03;UROLOGIA/RETIRADA DE DUPLO J;0;3;0.0;0
2024/07;BUCOMAXILOFACIAL/ORTOGNÁTICA;1298;8;162.25;0
2025/02;CIRURGIA VASCULAR/6;222;3;74.0;0
2024/04;OTORRINOLARINGOLOGIA/6;0;2;0.0;0
2023/08;CIRURGIA TORÁCICA/3;77;4;19.25;0
2024/02;ORTOPEDIA/PEDIÁTRICA GERAL;821;3;273.67;0
2025/06;CIRURGIA PLÁSTICA/GERAL;44;1;44.0;0
2023/08;ORTOPEDIA/1;236;71;3.32;0
2026/05;OTORRINOLARINGOLOGIA/2;1029;5;205.8;0
2024/04;CIRURGIA PLÁSTICA/GERAL;415;5;83.0;0
2025/03;CIRURGIA GERAL;32243;1065;30.28;1252
2025/12;ORTOPEDIA/8;895;1;895.0;0
2024/02;COLOPROCTOLOGIA/3;27;2;13.5;0
2025/05;MASTOLOGIA/2;10;1;10.0;0
2025/08;ORTOPEDIA/REVISÃO QUADRIL;381;1;381.0;0
2023/08;GINECOLOGIA/1;392;7;56.0;0
2024/02;OTORRINOLARINGOLOGIA/OUVIDO 3;252;4;63.0;0
2025/09;MASTOLOGIA/5;629;10;62.9;0
2023/04;OFTALMOLOGIA/CATARATA OD;405;102;3.97;0
2024/12;GINECOLOGIA/2;290;7;41.43;0
2025/12;ORTOPEDIA/PÉ/TORNOZELO;1111;49;22.67;0
2024/04;NEUROCIRURGIA/4;1316;14;94.0;0
2025/09;CIRURGIA DE CABEÇA E PESCOÇO/2;1419;6;236.5;0
2023/11;UROLOGIA;5666;168;33.73;379
2025/03;ORTOPEDIA/3;11;2;5.5;0
2023/08;GINECOLOGIA;7906;359;22.02;377
2023/10;CERFIS/2;165;21;7.86;0
2024/10;CIRURGIA DE CABEÇA E PESCOÇO/2;1116;6;186.0;0
2024/02;OTORRINOLARINGOLOGIA/3;2586;17;152.12;0
2026/06;CIRURGIA TORÁCICA;277;3;92.33;6
2023/03;CERFIS/1;179;9;19.89;0
2024/04;CIRURGIA GERAL/1;613;5;122.6;0
2023/03;CIRURGIA VASCULAR/3;0;2;0.0;0
2023/09;ORTOPEDIA/OMBRO;1917;87;22.03;0
2024/03;ORTOPEDIA/4;612;7;87.43;0
2023/01;OFTALMOLOGIA/CATARATA OD;254;125;2.03;0
2023/02;ORTOPEDIA/10;34;2;17.0;0
2023/11;MASTOLOGIA/4;55;6;9.17;0
2025/11;CIRURGIA PLÁSTICA/9;144;1;144.0;0
2024/08;CIRURGIA GERAL;29557;1047;28.23;1277
2025/02;UROLOGIA/TRANSPLANTE RENAL 1;0;1;0.0;0
2024/01;OFTALMOLOGIA/CATARATA OE;340;123;2.76;0
2025/07;GINECOLOGIA/4;438;5;87.6;0
2026/04;GINECOLOGIA/9;44;1;44.0;0
2026/04;CIRURGIA TORÁCICA/3;46;1;46.0;0
2024/06;OTORRINOLARINGOLOGIA/CIRURGIAS PLÁSTICAS;21;1;21.0;0
2024/04;ORTOPEDIA/MÃO;10669;125;85.35;0
2025/12;CIRURGIA VASCULAR/5;13;1;13.0;0
2023/12;ORTOPEDIA/COLUNA (ARTRODESE);785;18;43.61;0
2023/12;GINECOLOGIA/1;351;5;70.2;0
2025/05;CIRURGIA GERAL/4;1107;20;55.35;0
2024/04;UROLOGIA;6633;257;25.81;435
2025/12;ORTOPEDIA/4;976;11;88.73;0
2026/02;ORTOPEDIA/RETIRADA;339;4;84.75;0
2024/02;UROLOGIA/5;997;9;110.78;0
2023/08;BUCOMAXILOFACIAL/GERAL;407;17;23.94;0
2026/04;NEUROCIRURGIA/5;270;2;135.0;0
2025/02;MASTOLOGIA/5;342;3;114.0;0
2025/03;CIRURGIA TORÁCICA/3;1452;4;363.0;0
2024/01;OTORRINOLARINGOLOGIA/NARIZ 2;221;8;27.63;0
2026/06;UROLOGIA/5;963;8;120.38;0
2025/01;CIRURGIA PLÁSTICA/1;1264;9;140.44;0
2024/02;ONCOLOGIA/UROLOGIA;139;9;15.44;0
2024/01;CIRURGIA CARDÍACA - PEDIATRICA/CIRURGIA CARDÍACA;246;2;123.0;0
2024/09;ORTOPEDIA;15964;586;27.24;867
2023/05;OTORRINOLARINGOLOGIA/1;162;5;32.4;0
2026/03;ODONTOLOGIA PARA PACIENTES COM NECESSIDADES ESPECIAIS;2253;34;66.26;29
2026/06;CIRURGIA VASCULAR/3;1876;8;234.5;0
2025/01;CIRURGIA GERAL/GERAL;2736;75;36.48;0
2024/10;CIRURGIA CARDÍACA - ADULTO/CIRURGIA CARDÍACA;4037;9;448.56;0
2023/11;BUCOMAXILOFACIAL/ORTOGNÁTICA;470;5;94.0;0
2024/03;NEUROCIRURGIA/3;161;2;80.5;0
2024/11;ORTOPEDIA/6;578;4;144.5;0
2025/02;ORTOPEDIA/MÃO;11188;45;248.62;0
2024/07;CIRURGIA TORÁCICA/3;4;1;4.0;0
2026/03;CIRURGIA VASCULAR/1;22;2;11.0;0
2024/05;OTORRINOLARINGOLOGIA/NARIZ 2;703;12;58.58;0
2023/06;PROGRAMA TRANSEXUALIZADOR;331;5;66.2;3
2023/12;CIRURGIA CARDÍACA - PEDIATRICA/HEMODINÂMICA;221;3;73.67;0
2025/02;CIRURGIA GERAL/4;704;15;46.93;0
2024/03;ORTOPEDIA/COLUNA (ARTRODESE);687;14;49.07;0
2025/01;ORTOPEDIA/3;336;10;33.6;0
2024/02;ORTOPEDIA/RETIRADA DE MATERIAL;1249;37;33.76;0
2025/10;ORTOPEDIA/JOELHO (ATJ);12912;19;679.58;0
2026/05;UROLOGIA/GERAL;12805;148;86.52;0
2026/04;ORTOPEDIA/GERAL;735;41;17.93;0
2025/09;CIRURGIA TORÁCICA/2;12;2;6.0;0
2025/01;PROGRAMA TRANSEXUALIZADOR/GINECOLOGIA;2587;16;161.69;0
2025/06;ORTOPEDIA/COLUNA (DEFORMIDADES);2730;5;546.0;0
2024/11;ORTOPEDIA/REVISÃO QUADRIL;262;1;262.0;0
2026/02;OTORRINOLARINGOLOGIA/3;1805;6;300.83;0
2025/02;CIRURGIA VASCULAR;6552;161;40.7;224
2024/11;OFTALMOLOGIA/OE;20216;354;57.11;0
2024/10;ORTOPEDIA/RETIRADA DE MATERIAL SÍNTESE;342;24;14.25;0
2025/10;ORTOPEDIA/COTOVELO;209;12;17.42;0
2024/04;CIRURGIA CARDÍACA - ADULTO;622;33;18.85;21
2025/08;GINECOLOGIA/GERAL;4451;50;89.02;0
2024/06;CIRURGIA CARDÍACA - ADULTO;541;22;24.59;30
2025/01;CERFIS/2;690;14;49.29;0
2023/09;COLOPROCTOLOGIA/3;13;1;13.0;0
2025/06;OFTALMOLOGIA/CATARATA OE;147;61;2.41;0
2023/11;ORTOPEDIA/RETIRADA;287;12;23.92;0
2026/04;ORTOPEDIA/4;1223;7;174.71;0
2025/11;OTORRINOLARINGOLOGIA/5;1526;2;763.0;0
2023/03;ORTOPEDIA/JOELHO (ARTROSCOPIAS);1018;32;31.81;0
2025/06;ORTOPEDIA/TUMOR;112;3;37.33;0
2023/11;COLOPROCTOLOGIA/1;776;25;31.04;0
2023/12;CIRURGIA PLÁSTICA/GERAL;260;2;130.0;0
2025/01;CIRURGIA VASCULAR/4;308;7;44.0;0
2026/03;ONCOLOGIA/DERMATOLOGIA;414;49;8.45;0
2023/03;CIRURGIA GERAL/7;0;1;0.0;0
2026/06;CIRURGIA GERAL/2;260;5;52.0;0
2024/06;CIRURGIA PLÁSTICA/7;265;1;265.0;0
2026/02;ONCOLOGIA/COLOPROCTOLOGIA;277;10;27.7;0
2025/09;GINECOLOGIA/9;128;1;128.0;0
2023/07;UROLOGIA/LITIASE;100;6;16.67;0
2026/04;CIRURGIA GERAL/4;1024;5;204.8;0
2024/10;UROLOGIA/8;755;6;125.83;0
2025/09;GASTROENTEROLOGIA;181;4;45.25;2
2024/06;CIRURGIA PEDIÁTRICA;690;35;19.71;110
2026/09;CIRURGIA METABÓLICA;2902;33;87.94;0
2024/01;GINECOLOGIA/GERAL;28;3;9.33;0
2023/10;NEUROCIRURGIA/4;288;6;48.0;0
2026/01;CIRURGIA DE CABEÇA E PESCOÇO;370;8;46.25;16
2024/07;ORTOPEDIA/3;405;3;135.0;0
2025/09;OFTALMOLOGIA/CATARATA OD;692;122;5.67;0
2024/02;GINECOLOGIA/8;434;5;86.8;0
2024/11;OTORRINOLARINGOLOGIA/3;702;3;234.0;0
2026/07;ORTOPEDIA/COLUNA (DEFORMIDADES);1856;7;265.14;0
2023/12;GINECOLOGIA;13535;405;33.42;410
2025/12;OTORRINOLARINGOLOGIA/3;909;6;151.5;0
2024/06;CIRURGIA GERAL/FIGADO E VIAS BILIARES;7346;44;166.95;0
2023/02;GINECOLOGIA/6;56;2;28.0;0
2024/12;OFTALMOLOGIA/AMBULATORIAL - OD;4127;199;20.74;0
2023/05;ORTOPEDIA/8;56;1;56.0;0
2026/05;CIRURGIA GERAL/6;488;5;97.6;0
2026/08;CERFIS/1;292;4;73.0;0
2026/01;COLOPROCTOLOGIA/2;57;3;19.0;0
2026/05;CIRURGIA DE CABEÇA E PESCOÇO;297;8;37.13;22
2024/05;UROLOGIA/4;213;6;35.5;0
2026/05;CIRURGIA PLÁSTICA/6;2197;10;219.7;0
2026/04;CIRURGIA VASCULAR/6;34;2;17.0;0
2024/09;CIRURGIA GERAL/7;995;6;165.83;0
2026/01;CIRURGIA VASCULAR/3;550;2;275.0;0
2024/02;CIRURGIA PEDIÁTRICA/3;1214;7;173.43;0
2026/05;GINECOLOGIA/HISTERECTOMIA;775;5;155.0;0
2026/01;ORTOPEDIA/RETIRADA DE MATERIAL;266;4;66.5;0
2025/04;ORTOPEDIA/RETIRADA;708;4;177.0;0
2024/08;CIRURGIA GERAL/GERAL;2980;71;41.97;0
2025/09;CIRURGIA PLÁSTICA/5;230;1;230.0;0
2024/09;OTORRINOLARINGOLOGIA/LARINGE;229;2;114.5;0
2026/04;PROGRAMA TRANSEXUALIZADOR/OTORRINOLARINGOLOGIA;751;3;250.33;0
2025/09;OTORRINOLARINGOLOGIA;4999;81;61.72;174
2025/01;UROLOGIA;11866;153;77.56;427
2026/02;ORTOPEDIA/1;2050;84;24.4;0
2026/01;UROLOGIA/5;757;5;151.4;0
2025/04;GINECOLOGIA/4;81;5;16.2;0
2025/09;ORTOPEDIA MUTIRÃO;8469;16;529.31;15
2024/01;CIRURGIA TORÁCICA/2;847;5;169.4;0
2023/10;CIRURGIA PLÁSTICA/GERAL;233;4;58.25;0
2023/10;OTORRINOLARINGOLOGIA/LARINGE;363;3;121.0;0
2025/10;CIRURGIA GERAL/7;3965;8;495.63;0
2024/12;GINECOLOGIA;15712;307;51.18;324
2026/09;ORTOPEDIA/RETIRADA;3863;42;91.98;0
2026/09;ORTOPEDIA/PEDIÁTRICA GERAL;8563;93;92.08;0
2025/09;OTORRINOLARINGOLOGIA/OUVIDO 3;99;2;49.5;0
2023/05;GINECOLOGIA/1;149;5;29.8;0
2023/09;CIRURGIA PLÁSTICA/8;435;5;87.0;0
2025/03;GINECOLOGIA/3;83;3;27.67;0
2025/05;UROLOGIA/GERAL;10646;169;62.99;0
2024/02;OTORRINOLARINGOLOGIA/1;66;2;33.0;0
2025/05;OTORRINOLARINGOLOGIA/1;608;8;76.0;0
2025/03;CIRURGIA VASCULAR/4;193;3;64.33;0
2024/06;NEUROCIRURGIA/2;370;3;123.33;0
2024/04;OTORRINOLARINGOLOGIA/3;3181;18;176.72;0
2024/02;ORTOPEDIA/PÉ/TORNOZELO;686;33;20.79;0
2023/11;GINECOLOGIA/2;599;8;74.88;0
2026/09;CIRURGIA TORÁCICA/3;143;5;28.6;0
2023/02;CIRURGIA GERAL/5;15;9;1.67;0
2026/01;PCCO - BARIATRICA;892;24;37.17;24
2024/11;OTORRINOLARINGOLOGIA/CAVIDADE ORAL;791;26;30.42;0
2023/07;CIRURGIA PLÁSTICA/GERAL;183;3;61.0;0
2025/03;OTORRINOLARINGOLOGIA;2594;55;47.16;120
2023/07;GINECOLOGIA/HISTERECTOMIA;87;1;87.0;0
2025/10;ORTOPEDIA/COLUNA (DEFORMIDADES);3802;9;422.44;0
2023/04;CIRURGIA PLÁSTICA/6;363;5;72.6;0
2024/09;UROLOGIA/1;1213;35;34.66;0
2023/05;CIRURGIA GERAL;12811;771;16.62;1006
2023/02;ORTOPEDIA/9;38;2;19.0;0
2025/03;CIRURGIA PLÁSTICA/GERAL;8;1;8.0;0
2026/03;OTORRINOLARINGOLOGIA/2;946;5;189.2;0
2025/10;GINECOLOGIA/9;342;3;114.0;0
2023/07;ONCOLOGIA/MASTOLOGIA;40;3;13.33;0
2026/02;CIRURGIA GERAL/ESTOMAGO E INTESTINOS;414;30;13.8;0
2023/05;CIRURGIA CARDÍACA - ADULTO;317;13;24.38;15
2026/04;OFTALMOLOGIA/AMBULATORIAL - OE;12313;198;62.19;0
2024/11;NEUROCIRURGIA/1;1793;15;119.53;0
2026/04;CIRURGIA PLÁSTICA/10;2463;6;410.5;0
2026/05;CERFIS/2;194;10;19.4;0
2026/04;ORTOPEDIA/10;2928;6;488.0;0
2025/10;OFTALMOLOGIA/HOSPITALAR - OD;744;6;124.0;0
2026/04;ONCOLOGIA/GINECOLOGIA;51;6;8.5;0
2025/08;OTORRINOLARINGOLOGIA/2;193;2;96.5;0
2026/04;ORTOPEDIA/RETIRADA DE MATERIAL SÍNTESE;225;26;8.65;0
2025/06;CIRURGIA GERAL/6;256;3;85.33;0
2024/11;CIRURGIA PLÁSTICA/6;30;1;30.0;0
2026/05;NEUROCIRURGIA;259;2;129.5;18
2025/09;ORTOPEDIA/REVISÃO QUADRIL;1442;5;288.4;0
2024/02;PCCO - BARIATRICA;597;23;25.96;23
2025/09;CIRURGIA GERAL/PAREDE E CAVIDADE ABDOMINAL;402;30;13.4;0
2023/01;CIRURGIA DE CABEÇA E PESCOÇO/1;25;1;25.0;0
2025/11;ORTOPEDIA/1;846;82;10.32;0
2025/06;CIRURGIA CARDÍACA - PEDIATRICA/CIRURGIA CARDÍACA;910;7;130.0;0
2025/07;CIRURGIA GERAL/5;644;5;128.8;0
2025/08;GINECOLOGIA;31741;391;81.18;409
2023/12;ORTOPEDIA/4;752;13;57.85;0
2024/09;CIRURGIA PLÁSTICA/8;286;1;286.0;0
2025/04;COLOPROCTOLOGIA/1;1906;39;48.87;0
2023/06;CIRURGIA GERAL/4;640;20;32.0;0
2026/07;CIRURGIA PEDIÁTRICA/1;2477;63;39.32;0
2026/06;OTORRINOLARINGOLOGIA/CIRURGIAS PLÁSTICAS;46;2;23.0;0
2023/08;UROLOGIA/LITIASE;34;3;11.33;0
2024/01;ORTOPEDIA/JOELHO (ATJ);720;4;180.0;0
2025/10;UROLOGIA/3;4515;27;167.22;0
2023/09;UROLOGIA/4;55;2;27.5;0
2024/02;MASTOLOGIA/3;138;15;9.2;0
2026/07;PCCO - BARIATRICA;2510;36;69.72;34
2025/01;UROLOGIA/6;1838;4;459.5;0
2024/11;COLOPROCTOLOGIA/1;2123;21;101.1;0
2023/05;COLOPROCTOLOGIA/3;375;6;62.5;0
2023/07;GINECOLOGIA/4;169;4;42.25;0
2024/07;ONCOLOGIA/GINECOLOGIA;264;8;33.0;0
2024/10;BUCOMAXILOFACIAL/ORTOGNÁTICA;206;6;34.33;0
2024/07;ORTOPEDIA/COLUNA (BLOQUEIOS);1676;10;167.6;0
2024/01;GINECOLOGIA/6;634;2;317.0;0
2023/05;UROLOGIA/RETIRADA;488;38;12.84;0
2023/11;CIRURGIA VASCULAR/4;492;15;32.8;0
2024/04;UROLOGIA/4;77;2;38.5;0
2025/03;CARDIOLOGIA;665;8;83.13;8
2024/07;OTORRINOLARINGOLOGIA/4;457;2;228.5;0
2025/04;BUCOMAXILOFACIAL/GERAL;157;6;26.17;0
2023/03;ONCOLOGIA/CIRURGIA GERAL;105;18;5.83;0
2024/01;UROLOGIA/2;1564;33;47.39;0
2024/11;GINECOLOGIA/6;3229;14;230.64;0
2024/03;ORTOPEDIA/RETIRADA;3247;36;90.19;0
2024/12;ONCOLOGIA/MASTOLOGIA;136;7;19.43;0
2026/07;OTORRINOLARINGOLOGIA/NARIZ 1;655;18;36.39;0
2025/12;OTORRINOLARINGOLOGIA/CIRURGIAS PLÁSTICAS;361;2;180.5;0
2025/06;MASTOLOGIA/5;175;8;21.88;0
2025/09;CIRURGIA PEDIÁTRICA/3;93;2;46.5;0
2025/09;ONCOLOGIA/COLOPROCTOLOGIA;125;6;20.83;0
2025/02;CIRURGIA VASCULAR/3;529;10;52.9;0
2025/02;ORTOPEDIA/PÉ/TORNOZELO;825;46;17.93;0
2025/01;NEUROCIRURGIA/1;689;14;49.21;0
2025/11;PROGRAMA TRANSEXUALIZADOR/CIRURGIA PLÁSTICA;256;2;128.0;0
2024/11;ORTOPEDIA/COLUNA (BLOQUEIOS);132;3;44.0;0
2023/11;ORTOPEDIA/COLUNA (ARTRODESE);1127;18;62.61;0
2026/09;CIRURGIA GERAL/8;1302;6;217.0;0
2025/04;ORTOPEDIA/8;3787;9;420.78;0
2023/06;OTORRINOLARINGOLOGIA/CIRURGIAS PLÁSTICAS;320;8;40.0;0
2025/03;ORTOPEDIA/10;1162;2;581.0;0
2023/06;ORTOPEDIA/MÃO;1220;44;27.73;0
2026/07;GINECOLOGIA;29974;452;66.31;452
2025/01;OTORRINOLARINGOLOGIA/CAVIDADE ORAL;502;29;17.31;0
2024/09;CIRURGIA GERAL/ESTOMAGO E INTESTINOS;425;26;16.35;0
2026/09;BUCOMAXILOFACIAL;754;19;39.68;28
2026/09;ORTOPEDIA/8;95363;234;407.53;0
2026/02;ORTOPEDIA/GERAL;707;19;37.21;0
2025/10;CIRURGIA VASCULAR/3;702;7;100.29;0
2023/09;PROGRAMA TRANSEXUALIZADOR;454;6;75.67;5
2023/06;NEUROCIRURGIA/4;513;10;51.3;0
2025/06;CIRURGIA GERAL/10;1442;5;288.4;0
2024/05;GINECOLOGIA/1;397;5;79.4;0
2023/06;ORTOPEDIA/2;270;32;8.44;0
2023/03;ORTOPEDIA/FIXADOR EXTERNO;148;5;29.6;0
2023/10;UROLOGIA/7;31;2;15.5;0
2026/08;NEUROCIRURGIA/3;189;2;94.5;0
2024/10;OTORRINOLARINGOLOGIA/3;973;4;243.25;0
2023/02;ORTOPEDIA/COLUNA (ARTRODESE);35;5;7.0;0
2024/08;ONCOLOGIA;373;23;16.22;93
2024/11;GINECOLOGIA/HISTERECTOMIA;288;4;72.0;0
2024/07;UROLOGIA/7;679;3;226.33;0
2024/12;CIRURGIA VASCULAR;4819;110;43.81;171
2024/12;CIRURGIA GERAL/ESTOMAGO E INTESTINOS;654;47;13.91;0
2023/12;OTORRINOLARINGOLOGIA/OUVIDO 1;517;5;103.4;0
2025/03;OFTALMOLOGIA/OD;15341;439;34.95;0
2026/02;OFTALMOLOGIA/HOSPITALAR - OD;2892;15;192.8;0
2023/03;ORTOPEDIA/7;167;4;41.75;0
2025/10;NEUROCIRURGIA/2;2137;5;427.4;0
2023/09;OFTALMOLOGIA/PTERIGIO OD;814;103;7.9;0
2025/06;ORTOPEDIA/7;790;2;395.0;0
2023/10;CIRURGIA TORÁCICA/2;208;6;34.67;0
2024/08;OFTALMOLOGIA/OE;16626;333;49.93;0
2023/07;ORTOPEDIA/COLUNA (BLOQUEIOS);145;6;24.17;0
2025/11;ORTOPEDIA/REVISÃO JOELHO;331;1;331.0;0
2024/07;ORTOPEDIA/REVISÃO JOELHO;650;3;216.67;0
2025/12;OTORRINOLARINGOLOGIA/2;898;6;149.67;0
2025/03;CERFIS/1;99;4;24.75;0
2024/06;ORTOPEDIA/PEDIÁTRICA GERAL;2711;14;193.64;0
2024/07;CIRURGIA VASCULAR/4;574;11;52.18;0
2024/06;BUCOMAXILOFACIAL/GERAL;297;17;17.47;0
2025/09;CIRURGIA VASCULAR/GERAL;9312;74;125.84;0
2025/06;COLOPROCTOLOGIA/2;32;2;16.0;0
2024/02;OFTALMOLOGIA/CATARATA OE;949;153;6.2;0
2026/03;ONCOLOGIA/CIRURGIA GERAL;210;19;11.05;0
2024/01;CIRURGIA GERAL/ESTOMAGO E INTESTINOS;414;36;11.5;0
2023/02;ONCOLOGIA/MASTOLOGIA;83;6;13.83;0
2025/04;COLOPROCTOLOGIA/2;308;5;61.6;0
2025/08;ORTOPEDIA MUTIRÃO;9165;16;572.81;16
2024/12;CIRURGIA VASCULAR/1;53;17;3.12;0
2025/11;ORTOPEDIA/RETIRADA DE FIO OU PINO;347;11;31.55;0
2023/06;CIRURGIA CARDÍACA - ANGIOPLASTIA;477;15;31.8;15
2024/04;CIRURGIA PLÁSTICA/5;591;3;197.0;0
2024/10;NEUROCIRURGIA/4;1560;8;195.0;0
2026/03;OTORRINOLARINGOLOGIA/NARIZ 1;394;14;28.14;0
2024/11;CIRURGIA TORÁCICA/2;0;8;0.0;0
2024/08;GINECOLOGIA/4;442;2;221.0;0
2025/07;CIRURGIA PLÁSTICA/1;931;9;103.44;0
2023/04;CIRURGIA TORÁCICA/3;101;2;50.5;0
2026/02;ORTOPEDIA/PEDIÁTRICA GERAL;1133;18;62.94;0
2026/07;NEUROCIRURGIA/7;546;1;546.0;0
2025/10;ODONTOLOGIA PARA PACIENTES COM NECESSIDADES ESPECIAIS;1212;30;40.4;30
2023/06;ORTOPEDIA/PEDIÁTRICA GERAL;16;1;16.0;0
2025/10;UROLOGIA/8;2482;18;137.89;0
2023/10;UROLOGIA/RETIRADA;1077;74;14.55;0
2026/02;CIRURGIA DE CABEÇA E PESCOÇO/2;4151;9;461.22;0
2024/03;CIRURGIA PLÁSTICA/1;1093;8;136.63;0
2025/11;ORTOPEDIA/RETIRADA;367;4;91.75;0
2025/09;CIRURGIA GERAL/6;627;5;125.4;0
2026/01;OFTALMOLOGIA/OD;20175;443;45.54;0
2023/10;ORTOPEDIA/4;417;7;59.57;0
2025/11;CIRURGIA VASCULAR/3;725;6;120.83;0
2024/04;NEUROCIRURGIA;82;2;41.0;32
2023/10;CIRURGIA PLÁSTICA/5;525;3;175.0;0
2023/11;CIRURGIA VASCULAR;6331;98;64.6;165
2023/01;ORTOPEDIA/QUADRIL;8;44;0.18;0
2025/04;PROGRAMA TRANSEXUALIZADOR/CIRURGIA PLÁSTICA;991;7;141.57;0
2024/04;CIRURGIA GERAL/FIGADO E VIAS BILIARES;7631;48;158.98;0
2026/07;NEUROCIRURGIA/3;223;2;111.5;0
2023/08;NEUROCIRURGIA;218;4;54.5;25
2024/06;CIRURGIA PLÁSTICA/4;441;6;73.5;0
2023/04;UROLOGIA/TRANSPLANTE RENAL 1;0;1;0.0;0
2023/11;ORTOPEDIA/6;236;1;236.0;0
2023/12;OTORRINOLARINGOLOGIA/CIRURGIAS PLÁSTICAS;64;3;21.33;0
2026/06;ORTOPEDIA/13;9;1;9.0;0
2026/07;ONCOLOGIA/MASTOLOGIA;399;14;28.5;0
2024/11;UROLOGIA/TRANSPLANTE RENAL 1;0;1;0.0;0
2025/03;NEUROCIRURGIA/1;1561;19;82.16;0
2025/11;OFTALMOLOGIA/AMBULATORIAL - OD;12021;214;56.17;0
2025/03;OFTALMOLOGIA/OE;29216;421;69.4;0
2024/02;ORTOPEDIA/8;227;1;227.0;0
2024/08;CIRURGIA PLÁSTICA/8;67;1;67.0;0
2024/07;CIRURGIA GERAL/2;393;18;21.83;0
2024/03;GINECOLOGIA/2;453;7;64.71;0
2024/08;CIRURGIA PLÁSTICA/1;1499;11;136.27;0
2025/01;PCCO - BARIATRICA;253;9;28.11;8
2023/01;ORTOPEDIA/4;13;1;13.0;0
2025/02;NEUROCIRURGIA/1;229;8;28.63;0
2023/09;CIRURGIA VASCULAR/7;14;1;14.0;0
2024/08;CIRURGIA PEDIÁTRICA/3;560;4;140.0;0
2026/06;OFTALMOLOGIA/OE;40021;430;93.07;0
2023/02;ONCOLOGIA/UROLOGIA;107;7;15.29;0
2026/05;UROLOGIA/TROCA DE DUPLO J;1456;37;39.35;0
2026/06;MASTOLOGIA/3;992;16;62.0;0
2026/08;GINECOLOGIA/6;947;13;72.85;0
2025/01;CIRURGIA GERAL/1;132;3;44.0;0
2026/04;GINECOLOGIA;27251;429;63.52;456
2025/12;CARDIOLOGIA;188;1;188.0;1
2025/11;ORTOPEDIA/8;7224;10;722.4;0
2026/01;NEUROCIRURGIA/2;2444;9;271.56;0
2026/04;ONCOLOGIA PEDIATRICA;257;13;19.77;11
2023/09;GINECOLOGIA/5;157;2;78.5;0
2025/02;ORTOPEDIA/OMBRO;306;33;9.27;0
2023/05;ORTOPEDIA/COLUNA (BLOQUEIOS);126;3;42.0;0
2025/02;CIRURGIA VASCULAR/2;84;10;8.4;0
2025/07;OTORRINOLARINGOLOGIA/CAVIDADE ORAL;646;16;40.38;0
2024/12;ORTOPEDIA/JOELHO;14;1;14.0;0
2024/08;OFTALMOLOGIA/AMBULATORIAL - OE;2946;334;8.82;0
2024/04;COLOPROCTOLOGIA;789;14;56.36;37
2023/06;ONCOLOGIA/CIRURGIA GERAL;520;43;12.09;0
2025/02;CIRURGIA PEDIÁTRICA/3;347;5;69.4;0
2024/08;UROLOGIA/LITIASE;462;12;38.5;0
2023/02;CIRURGIA PLÁSTICA/RINOPLASTIA;0;1;0.0;0
2023/04;UROLOGIA;2143;122;17.57;304
2025/10;CIRURGIA GERAL/6;24;2;12.0;0
2023/02;UROLOGIA/2;212;26;8.15;0
2025/10;CIRURGIA VASCULAR/6;28;1;28.0;0
2023/03;ORTOPEDIA/3;102;5;20.4;0
2025/04;CIRURGIA TORÁCICA/1;75;1;75.0;0
2026/05;CIRURGIA VASCULAR/2;524;15;34.93;0
2025/04;ORTOPEDIA/RETIRADA DE MATERIAL SÍNTESE;729;42;17.36;0
2026/08;CIRURGIA TORÁCICA/2;184;3;61.33;0
2024/09;CIRURGIA GERAL/8;108;4;27.0;0
2026/02;ORTOPEDIA/10;2705;5;541.0;0
2023/02;ORTOPEDIA/PÉ/TORNOZELO;162;12;13.5;0
2025/07;CIRURGIA VASCULAR/1;18;2;9.0;0
2023/10;GINECOLOGIA/2;142;4;35.5;0
2024/08;UROLOGIA/5;2305;22;104.77;0
2024/01;OTORRINOLARINGOLOGIA/LARINGE;206;1;206.0;0
2026/09;ORTOPEDIA/TUMOR;560;8;70.0;0
2023/06;OTORRINOLARINGOLOGIA/NARIZ 2;246;8;30.75;0
2025/12;CIRURGIA GERAL/ESTOMAGO E INTESTINOS;194;21;9.24;0
2023/11;CIRURGIA PLÁSTICA/10;183;3;61.0;0
2025/09;ORTOPEDIA/4;3101;15;206.73;0
2024/10;OFTALMOLOGIA;351;1;351.0;1648
2024/05;CIRURGIA CARDÍACA - ADULTO;326;24;13.58;20
2025/08;GINECOLOGIA/6;235;9;26.11;0
2026/09;CIRURGIA GERAL/GERAL;4817;179;26.91;0
2023/11;OTORRINOLARINGOLOGIA/4;733;4;183.25;0
2024/05;CIRURGIA PLÁSTICA/8;279;2;139.5;0
2023/12;GINECOLOGIA/8;309;2;154.5;0
2024/05;CIRURGIA GERAL;22313;848;26.31;968
2023/11;OFTALMOLOGIA/CATARATA OD;211;100;2.11;0
2026/07;ORTOPEDIA/QUADRIL;10437;54;193.28;0
2026/02;CIRURGIA VASCULAR/4;81;2;40.5;0
2024/02;CIRURGIA VASCULAR/1;75;7;10.71;0
2023/10;UROLOGIA;2935;120;24.46;296
2026/06;UROLOGIA;2006;73;27.48;451
2026/08;OFTALMOLOGIA/AMBULATORIAL - OE;26272;324;81.09;0
2024/10;ORTOPEDIA/COLUNA (DEFORMIDADES);660;2;330.0;0
2025/03;PCCO - BARIATRICA;512;23;22.26;21
2024/06;ORTOPEDIA/8;5157;11;468.82;0
2023/11;CIRURGIA GERAL;25639;898;28.55;1066
2024/05;PCCO - BARIATRICA;894;33;27.09;32
2024/01;CIRURGIA GERAL/GERAL;22;1;22.0;0
2025/08;CIRURGIA PLÁSTICA/6;1404;9;156.0;0
2023/11;CIRURGIA VASCULAR/2;45;9;5.0;0
2023/02;CIRURGIA PEDIÁTRICA/2;34;3;11.33;0
2026/03;ORTOPEDIA/1;851;74;11.5;0
2025/11;OTORRINOLARINGOLOGIA/OUVIDO 1;459;6;76.5;0
2026/03;OTORRINOLARINGOLOGIA/3;4326;11;393.27;0
2023/04;ONCOLOGIA/GINECOLOGIA;80;10;8.0;0
2025/09;CIRURGIA PLÁSTICA/6;2135;14;152.5;0
2024/01;COLOPROCTOLOGIA/3;162;1;162.0;0
2023/04;ORTOPEDIA/RETIRADA;50;2;25.0;0
2023/05;DERMATOLOGIA;403;9;44.78;8
2023/02;ORTOPEDIA/4;219;10;21.9;0
2024/09;CIRURGIA GERAL/1;0;1;0.0;0
2024/07;OFTALMOLOGIA/HOSPITALAR - OD;140;22;6.36;0
2024/03;ONCOLOGIA/MASTOLOGIA;49;3;16.33;0
2024/04;ORTOPEDIA/TUMOR;117;3;39.0;0
2025/06;CIRURGIA PLÁSTICA/4;1170;4;292.5;0
2024/08;CIRURGIA PLÁSTICA/9;346;2;173.0;0
2026/01;CERFIS/2;95;7;13.57;0
2026/05;COLOPROCTOLOGIA;2755;34;81.03;59
2025/02;CIRURGIA VASCULAR/GERAL;27489;73;376.56;0
2023/02;UROLOGIA;920;62;14.84;238
2024/03;ORTOPEDIA/MÃO;3036;83;36.58;0
2023/07;COLOPROCTOLOGIA;262;4;65.5;34
2024/01;GASTROENTEROLOGIA;11;4;2.75;4
2023/02;CIRURGIA GERAL/2;107;15;7.13;0
2024/11;ORTOPEDIA/2;610;27;22.59;0
2023/09;GINECOLOGIA/8;22;1;22.0;0
2023/09;ORTOPEDIA/COLUNA (ARTRODESE);797;17;46.88;0
2025/01;ORTOPEDIA/PÉ/TORNOZELO;1329;60;22.15;0
2025/06;ORTOPEDIA/JOELHO (ATJ);12205;20;610.25;0
2025/12;UROLOGIA/5;462;5;92.4;0
2024/11;OTORRINOLARINGOLOGIA/NARIZ 2;300;7;42.86;0
2025/01;COLOPROCTOLOGIA/1;2328;27;86.22;0
2023/04;CIRURGIA DE CABEÇA E PESCOÇO/3;8;1;8.0;0
2024/07;OTORRINOLARINGOLOGIA/OUVIDO 2;252;1;252.0;0
2024/11;CIRURGIA PLÁSTICA/4;330;2;165.0;0
2024/12;OFTALMOLOGIA/OD;13529;430;31.46;0
2024/04;ORTOPEDIA/PEDIÁTRICA GERAL;2601;8;325.13;0
2024/06;UROLOGIA/TRANSPLANTE RENAL 1;0;2;0.0;0
2024/11;COLOPROCTOLOGIA/2;679;4;169.75;0
2026/06;ORTOPEDIA/5;1154;1;1154.0;0
2024/02;OTORRINOLARINGOLOGIA/CAVIDADE ORAL;1425;31;45.97;0
2026/06;ORTOPEDIA/6;596;2;298.0;0
2025/04;UROLOGIA/2;886;7;126.57;0
2024/05;CIRURGIA GERAL/10;1695;4;423.75;0
2023/03;OTORRINOLARINGOLOGIA/4;147;3;49.0;0
2025/09;ORTOPEDIA/MÃO;14029;89;157.63;0
2026/08;CIRURGIA CARDÍACA - ADULTO/CIRURGIA CARDÍACA;1046;9;116.22;0
2023/01;ORTOPEDIA/10;0;1;0.0;0
2026/09;CARDIOLOGIA ANGIOPLASTIA;8318;58;143.41;14
2026/04;OFTALMOLOGIA/CATARATA OE;701;121;5.79;0
2024/01;CIRURGIA CARDÍACA - PEDIATRICA/HEMODINÂMICA;67;1;67.0;0
2024/08;ORTOPEDIA/QUADRIL PEDIÁTRICA;673;3;224.33;0
2023/03;MASTOLOGIA/4;12;2;6.0;0
2023/04;CIRURGIA TORÁCICA;41;2;20.5;14
2026/05;ORTOPEDIA/1;1539;82;18.77;0
2024/03;BUCOMAXILOFACIAL/ORTOGNÁTICA;768;9;85.33;0
2025/12;BUCOMAXILOFACIAL/ORTOGNÁTICA;214;3;71.33;0
2026/01;CIRURGIA GERAL/PAREDE E CAVIDADE ABDOMINAL;229;25;9.16;0
2026/09;ORTOPEDIA/MÃO;114814;395;290.67;0
2023/08;CIRURGIA TORÁCICA/4;160;1;160.0;0
2025/09;OFTALMOLOGIA/OE;44739;531;84.25;0
2025/01;NEUROCIRURGIA/4;214;7;30.57;0
2023/01;ONCOLOGIA/GINECOLOGIA;27;4;6.75;0
2023/02;CIRURGIA GERAL/4;260;16;16.25;0
2025/01;UROLOGIA/1;1788;43;41.58;0
2026/05;CIRURGIA PLÁSTICA/3;183;1;183.0;0
2024/08;OTORRINOLARINGOLOGIA/OUVIDO 3;553;2;276.5;0
2023/05;UROLOGIA/LITIASE;338;10;33.8;0
2024/01;ORTOPEDIA/COTOVELO;38;3;12.67;0
2024/03;OFTALMOLOGIA;463;3;154.33;1495
2025/09;ORTOPEDIA/TUMOR;107;4;26.75;0
2025/05;ONCOLOGIA/UROLOGIA;62;5;12.4;0
2023/06;OTORRINOLARINGOLOGIA/IMPLANTE COCLEAR;112;1;112.0;0
2026/03;GINECOLOGIA/9;3607;11;327.91;0
2026/03;CIRURGIA CARDÍACA - ANGIOPLASTIA;799;32;24.97;31
2025/06;CIRURGIA TORÁCICA/3;827;4;206.75;0
2023/04;CIRURGIA PEDIÁTRICA;366;11;33.27;35
2024/03;ORTOPEDIA/JOELHO (ARTROSCOPIAS);3103;40;77.58;0
2024/03;ONCOLOGIA/DERMATOLOGIA;433;29;14.93;0
2023/11;COLOPROCTOLOGIA;297;6;49.5;34
2026/06;ONCOLOGIA/MASTOLOGIA;208;8;26.0;0
2024/12;ORTOPEDIA/3;498;5;99.6;0
2025/07;OTORRINOLARINGOLOGIA/CIRURGIAS PLÁSTICAS;225;3;75.0;0
2024/01;COLOPROCTOLOGIA;628;6;104.67;29
2024/12;ORTOPEDIA/COLUNA (DEFORMIDADES);1618;3;539.33;0
2024/05;OTORRINOLARINGOLOGIA/1;291;8;36.38;0
2024/04;OFTALMOLOGIA/PTERIGIO OD;200;118;1.69;0
2026/08;OFTALMOLOGIA/AO;5787;52;111.29;0
2024/12;COLOPROCTOLOGIA/2;328;4;82.0;0
2025/11;CIRURGIA VASCULAR/6;416;4;104.0;0
2023/02;BUCOMAXILOFACIAL/ORTOGNÁTICA;44;2;22.0;0
2023/12;CIRURGIA GERAL;25012;818;30.58;962
2023/04;CIRURGIA GERAL/2;73;24;3.04;0
2026/08;BUCOMAXILOFACIAL/GERAL;829;23;36.04;0
2026/07;ORTOPEDIA/RETIRADA DE MATERIAL;21077;47;448.45;0
2026/08;ONCOLOGIA/CIRURGIA GERAL;285;21;13.57;0
2023/04;MASTOLOGIA;39;2;19.5;19
2024/07;NEUROCIRURGIA;69;1;69.0;40
2023/01;OFTALMOLOGIA/PTERIGIO OE;393;125;3.14;0
2023/04;ORTOPEDIA/QUADRIL;300;64;4.69;0
2026/02;ONCOLOGIA PEDIATRICA;1285;22;58.41;0
2023/10;CIRURGIA GERAL/3;1820;50;36.4;0
2024/11;CIRURGIA DE CABEÇA E PESCOÇO/2;1508;6;251.33;0
2024/01;CIRURGIA PEDIÁTRICA/1;1128;114;9.89;0
2024/10;GINECOLOGIA;29710;565;52.58;575
2026/09;CIRURGIA CARDÍACA - PEDIATRICA/CIRURGIA CARDÍACA;13071;95;137.59;0
2023/03;ORTOPEDIA/COLUNA (ARTRODESE);217;11;19.73;0
2023/11;ONCOLOGIA;1260;29;43.45;89
2026/04;GINECOLOGIA/2;147;2;73.5;0
2024/12;ORTOPEDIA/JOELHO (ARTROSCOPIAS);12566;42;299.19;0
2024/08;CIRURGIA GERAL/5;536;10;53.6;0
2025/07;ORTOPEDIA/5;2654;4;663.5;0
2023/06;ODONTOLOGIA PARA PACIENTES COM NECESSIDADES ESPECIAIS;1415;24;58.96;20
2023/10;GINECOLOGIA/1;196;4;49.0;0
2023/06;OTORRINOLARINGOLOGIA/CAVIDADE ORAL;1336;24;55.67;0
2023/06;CIRURGIA GERAL/7;802;6;133.67;0
2024/08;BUCOMAXILOFACIAL/GERAL;286;11;26.0;0
2023/08;ORTOPEDIA/JOELHO (ATJ);177;1;177.0;0
2024/10;ONCOLOGIA/CIRURGIA GERAL;939;30;31.3;0
2026/04;CIRURGIA GERAL/2;315;3;105.0;0
2025/01;GINECOLOGIA/3;109;2;54.5;0
2023/07;CIRURGIA PLÁSTICA/1;0;2;0.0;0
2025/12;OTORRINOLARINGOLOGIA/NARIZ 2;108;1;108.0;0
2026/07;CIRURGIA VASCULAR/2;461;20;23.05;0
2024/05;OTORRINOLARINGOLOGIA/4;768;3;256.0;0
2025/02;CIRURGIA PLÁSTICA/4;914;4;228.5;0
2026/06;COLOPROCTOLOGIA;2347;33;71.12;72
2026/02;GINECOLOGIA/9;618;1;618.0;0
2024/09;ORTOPEDIA/9;106;2;53.0;0
2024/10;MASTOLOGIA/5;180;8;22.5;0
2024/06;CERFIS/1;196;13;15.08;0
2024/09;ORTOPEDIA/OMBRO;2177;45;48.38;0
2024/05;OFTALMOLOGIA/CATARATA OE;796;139;5.73;0
2025/06;UROLOGIA/TROCA DE DUPLO J;1523;41;37.15;0
2024/07;OFTALMOLOGIA/OD;18955;429;44.18;0
2026/07;UROLOGIA/GERAL;10382;118;87.98;0
2025/10;NEUROCIRURGIA;117;1;117.0;17
2025/06;OFTALMOLOGIA/HOSPITALAR - OD;1274;14;91.0;0
2024/05;CIRURGIA GERAL/PAREDE E CAVIDADE ABDOMINAL;1609;27;59.59;0
2025/06;CIRURGIA GERAL/4;160;8;20.0;0
2025/06;CIRURGIA GERAL/2;35;5;7.0;0
2025/02;UROLOGIA/4;306;5;61.2;0
2023/02;ORTOPEDIA/13;0;1;0.0;0
2026/08;CIRURGIA TORÁCICA/3;189;4;47.25;0
2025/01;CIRURGIA DE CABEÇA E PESCOÇO/2;714;3;238.0;0
2023/08;CIRURGIA VASCULAR/7;395;5;79.0;0
2023/03;COLOPROCTOLOGIA/3;203;6;33.83;0
2026/01;ONCOLOGIA/CIRURGIA GERAL;416;19;21.89;0
2024/10;CIRURGIA VASCULAR/4;301;9;33.44;0
2023/12;CIRURGIA VASCULAR/3;237;1;237.0;0
2026/08;ORTOPEDIA/OMBRO E COTOVELO;93;5;18.6;0
2025/06;COLOPROCTOLOGIA/1;1277;20;63.85;0
2023/11;CIRURGIA CARDÍACA - ADULTO/CIRURGIA CARDÍACA;206;2;103.0;0
2023/03;CIRURGIA GERAL/8;20;8;2.5;0
2025/07;ORTOPEDIA/MÃO;11550;78;148.08;0
2024/09;ORTOPEDIA/MÃO;12964;47;275.83;0
2025/05;CIRURGIA GERAL/7;1634;5;326.8;0
2024/10;CIRURGIA CARDÍACA - ADULTO;385;15;25.67;22
2024/08;CIRURGIA GERAL/2;245;13;18.85;0
2023/08;ORTOPEDIA/PÉ/TORNOZELO;1948;33;59.03;0
2024/12;UROLOGIA/5;693;10;69.3;0
2023/05;CIRURGIA GERAL/4;748;25;29.92;0
2024/03;CIRURGIA VASCULAR/1;0;10;0.0;0
2025/11;MASTOLOGIA/3;331;14;23.64;0
2023/08;GINECOLOGIA/7;146;1;146.0;0
2024/09;CIRURGIA GERAL;25856;997;25.93;1156
2026/07;OFTALMOLOGIA/OD;26882;413;65.09;0
2024/06;GINECOLOGIA/5;27;1;27.0;0
2024/09;OTORRINOLARINGOLOGIA/OUVIDO 2;566;2;283.0;0
2023/04;ORTOPEDIA/FIXADOR EXTERNO;77;4;19.25;0
2026/04;NEUROCIRURGIA;126;1;126.0;22
2023/06;ONCOLOGIA/GINECOLOGIA;32;4;8.0;0
2024/12;ORTOPEDIA/TUMOR;590;11;53.64;0
2024/01;ORTOPEDIA/PEDIÁTRICA GERAL;358;1;358.0;0
2026/07;CIRURGIA TORÁCICA/2;17;2;8.5;0
2024/03;CIRURGIA PLÁSTICA/6;1892;6;315.33;0
2024/11;ORTOPEDIA/PÉ/TORNOZELO;2167;41;52.85;0
2026/02;GINECOLOGIA/6;576;9;64.0;0
2026/02;ORTOPEDIA/REVISÃO JOELHO;834;2;417.0;0
2024/07;CIRURGIA GERAL/8;4;7;0.57;0
2023/03;CIRURGIA VASCULAR/4;75;11;6.82;0
2024/07;CIRURGIA VASCULAR/6;69;5;13.8;0
2023/04;CIRURGIA PEDIÁTRICA/2;86;1;86.0;0
2024/08;ORTOPEDIA/MÃO;7895;36;219.31;0
2026/07;ORTOPEDIA/3;24;3;8.0;0
2025/03;NEUROCIRURGIA;18;1;18.0;31
2024/06;ORTOPEDIA/3;17;5;3.4;0
2026/09;CIRURGIA GERAL/3;9358;126;74.27;0
2025/05;ORTOPEDIA/QUADRIL;9025;69;130.8;0
2023/06;ORTOPEDIA/RETIRADA;119;6;19.83;0
2023/10;ORTOPEDIA/9;559;14;39.93;0
2024/09;ORTOPEDIA/JOELHO (ATJ);734;2;367.0;0
2026/01;CIRURGIA VASCULAR/GERAL;3028;25;121.12;0
2025/06;ORTOPEDIA/PEDIÁTRICA GERAL;1373;21;65.38;0
2023/07;UROLOGIA/RETIRADA;493;48;10.27;0
2024/12;ORTOPEDIA/OMBRO;624;30;20.8;0
2024/10;NEUROCIRURGIA;41;1;41.0;27
2025/05;CIRURGIA VASCULAR/3;2191;10;219.1;0
2025/12;ORTOPEDIA/9;3653;12;304.42;0
2023/05;CIRURGIA GERAL/2;53;19;2.79;0
2023/11;CERFIS/1;33;4;8.25;0
2024/01;CIRURGIA PLÁSTICA/10;255;3;85.0;0
2025/03;CIRURGIA GERAL/ESTOMAGO E INTESTINOS;196;44;4.45;0
2023/09;OTORRINOLARINGOLOGIA;1148;43;26.7;129
2025/05;COLOPROCTOLOGIA/1;549;11;49.91;0
2025/03;CIRURGIA GERAL/FIGADO E VIAS BILIARES;3888;67;58.03;0
2023/12;CIRURGIA VASCULAR/4;876;16;54.75;0
2026/06;CIRURGIA GERAL/5;336;2;168.0;0
2024/04;CIRURGIA DE CABEÇA E PESCOÇO/2;2765;12;230.42;0
2025/06;NEUROCIRURGIA/2;851;5;170.2;0
2023/08;ORTOPEDIA/COLUNA (DEFORMIDADES);49;3;16.33;0
2023/02;COLOPROCTOLOGIA;0;1;0.0;31
2026/04;CIRURGIA PEDIÁTRICA;2881;30;96.03;83
2026/06;CIRURGIA GERAL/ESTOMAGO E INTESTINOS;535;38;14.08;0
2025/04;OFTALMOLOGIA/AMBULATORIAL - OD;10135;234;43.31;0
2023/06;OTORRINOLARINGOLOGIA/LARINGE;76;1;76.0;0
2024/02;CIRURGIA PEDIÁTRICA;486;29;16.76;155
2025/06;ORTOPEDIA/1;606;54;11.22;0
2024/11;OTORRINOLARINGOLOGIA/LARINGE;768;7;109.71;0
2023/04;OTORRINOLARINGOLOGIA/3;230;9;25.56;0
2026/06;CIRURGIA PLÁSTICA/8;1224;5;244.8;0
2025/01;CIRURGIA CARDÍACA - ADULTO;344;9;38.22;11
2026/01;CIRURGIA PLÁSTICA/1;214;2;107.0;0
2026/09;OFTALMOLOGIA/AO;120358;499;241.2;0
2024/11;ORTOPEDIA/JOELHO (ATJ);3558;11;323.45;0
2025/11;OTORRINOLARINGOLOGIA/2;780;5;156.0;0
2024/03;OFTALMOLOGIA/CATARATA OD;853;144;5.92;0
2025/06;GINECOLOGIA/4;78;2;39.0;0
2026/04;CIRURGIA VASCULAR/1;151;1;151.0;0
2024/04;OFTALMOLOGIA/PTERIGIO OE;175;116;1.51;0
2024/12;CIRURGIA CARDÍACA - ADULTO/CIRURGIA CARDÍACA;13839;35;395.4;0
2025/11;OTORRINOLARINGOLOGIA/OUVIDO 2;131;1;131.0;0
2025/11;CIRURGIA PLÁSTICA/2;46;1;46.0;0
2025/03;CIRURGIA PEDIÁTRICA/2;332;8;41.5;0
2026/05;OTORRINOLARINGOLOGIA/1;4502;17;264.82;0
2025/10;CIRURGIA PEDIÁTRICA/3;23;2;11.5;0
2024/02;ORTOPEDIA/10;239;2;119.5;0
2026/03;OTORRINOLARINGOLOGIA/OUVIDO 3;187;3;62.33;0
2024/03;ORTOPEDIA/OMBRO;5375;97;55.41;0
2024/10;UROLOGIA/TRANSPLANTE RENAL 1;0;1;0.0;0
2023/04;CIRURGIA PEDIÁTRICA/3;161;4;40.25;0
2025/09;OTORRINOLARINGOLOGIA/CIRURGIAS PLÁSTICAS;124;3;41.33;0
2025/08;CARDIOLOGIA;151;1;151.0;1
2024/02;OTORRINOLARINGOLOGIA/LARINGE;129;1;129.0;0
2023/06;CIRURGIA PLÁSTICA/10;196;3;65.33;0
2023/04;OTORRINOLARINGOLOGIA/CAVIDADE ORAL;491;25;19.64;0
2023/12;CIRURGIA PLÁSTICA/9;228;1;228.0;0
2025/11;ORTOPEDIA/JOELHO (ATJ);13445;23;584.57;0
2023/02;CIRURGIA GERAL/6;36;3;12.0;0
2024/12;UROLOGIA/2;1758;11;159.82;0
2024/05;NEUROCIRURGIA/4;327;4;81.75;0
2026/08;CIRURGIA GERAL/7;3330;11;302.73;0
2023/06;CIRURGIA PLÁSTICA/4;97;1;97.0;0
2024/09;GINECOLOGIA/GERAL;2489;39;63.82;0
2023/02;CIRURGIA PEDIÁTRICA/3;36;2;18.0;0
2023/10;CIRURGIA VASCULAR/4;526;14;37.57;0
2026/03;ORTOPEDIA/9;3997;16;249.81;0
2026/05;ORTOPEDIA/QUADRIL;3083;50;61.66;0
2026/07;CIRURGIA GERAL;36741;901;40.78;1154
2023/01;ORTOPEDIA/2;52;7;7.43;0
2024/04;OTORRINOLARINGOLOGIA/OUVIDO 1;2021;11;183.73;0
2023/06;CERFIS/1;236;12;19.67;0
2024/11;ORTOPEDIA/4;1019;12;84.92;0
2025/05;ORTOPEDIA/12;539;1;539.0;0
2025/07;ORTOPEDIA/2;779;24;32.46;0
2025/04;CIRURGIA GERAL/10;689;3;229.67;0
2024/10;CERFIS/1;329;8;41.13;0
2026/01;OTORRINOLARINGOLOGIA/2;981;4;245.25;0
2023/05;UROLOGIA/2;580;27;21.48;0
2026/09;ORTOPEDIA/11;19960;26;767.69;0
2025/04;OTORRINOLARINGOLOGIA/4;339;2;169.5;0
2025/01;CIRURGIA TORÁCICA;102;1;102.0;4
2024/11;ORTOPEDIA/TUMOR;1253;9;139.22;0
2024/05;CIRURGIA CARDÍACA - ADULTO/GERAL;1431;3;477.0;0
2023/10;ORTOPEDIA/REVISÃO JOELHO;10;1;10.0;0
2026/02;OFTALMOLOGIA/OD;17713;477;37.13;0
2026/07;CIRURGIA VASCULAR/5;443;2;221.5;0
2024/11;ORTOPEDIA/7;222;4;55.5;0
2026/02;OFTALMOLOGIA/AMBULATORIAL - OE;19378;188;103.07;0
2025/04;ORTOPEDIA/COTOVELO;74;7;10.57;0
2026/08;CIRURGIA PEDIÁTRICA/1;2859;74;38.64;0
2024/02;ORTOPEDIA/FIXADOR EXTERNO;315;22;14.32;0
2023/10;COLOPROCTOLOGIA/3;86;2;43.0;0
2025/01;GINECOLOGIA/HISTERECTOMIA;75;4;18.75;0
2024/08;OTORRINOLARINGOLOGIA/3;622;4;155.5;0
2026/07;OFTALMOLOGIA/HOSPITALAR - OE;1559;8;194.88;0
2023/04;ONCOLOGIA/MASTOLOGIA;12;3;4.0;0
2025/10;NEUROCIRURGIA/3;30;1;30.0;0
2026/01;CIRURGIA GERAL;41013;907;45.22;1045
2026/03;OFTALMOLOGIA/AO;5212;41;127.12;0
2023/11;CIRURGIA CARDÍACA - ADULTO/GERAL;259;1;259.0;0
2025/10;ORTOPEDIA/RETIRADA DE MATERIAL;2185;14;156.07;0
2024/01;ORTOPEDIA/4;955;7;136.43;0
2023/07;OFTALMOLOGIA/CATARATA OD;364;100;3.64;0
2024/08;CIRURGIA CARDÍACA - ADULTO/CIRURGIA CARDÍACA;9433;18;524.06;0
2024/05;UROLOGIA/LITIASE;930;21;44.29;0
2023/05;BUCOMAXILOFACIAL/ORTOGNÁTICA;370;8;46.25;0
2024/09;UROLOGIA/LITIASE;721;14;51.5;0
2026/02;PROGRAMA TRANSEXUALIZADOR/CIRURGIA PLÁSTICA;1527;6;254.5;0
2023/10;GINECOLOGIA/HISTERECTOMIA;995;14;71.07;0
2025/04;CIRURGIA PLÁSTICA/3;64;1;64.0;0
2025/07;ORTOPEDIA/10;1246;2;623.0;0
2026/03;CIRURGIA PEDIÁTRICA/3;147;1;147.0;0
2023/01;CIRURGIA VASCULAR/4;19;7;2.71;0
2023/12;OTORRINOLARINGOLOGIA/LARINGE;211;2;105.5;0
2026/01;CIRURGIA CARDÍACA - ADULTO/MARCAPASSO;33;4;8.25;0
2025/06;ORTOPEDIA/3;938;3;312.67;0
2026/07;ORTOPEDIA/COLUNA (BLOQUEIOS);416;16;26.0;0
2023/09;UROLOGIA/5;1106;19;58.21;0
2024/09;CIRURGIA GERAL/10;582;1;582.0;0
2025/02;GINECOLOGIA/8;505;1;505.0;0
2025/02;ORTOPEDIA/10;1743;3;581.0;0
2026/06;ORTOPEDIA/FIXADOR EXTERNO;284;16;17.75;0
2025/08;CIRURGIA VASCULAR/4;287;10;28.7;0
2024/07;GINECOLOGIA/6;1984;7;283.43;0
2025/11;GINECOLOGIA/9;224;1;224.0;0
2025/09;GINECOLOGIA/GERAL;4443;44;100.98;0
2026/07;OTORRINOLARINGOLOGIA;6996;97;72.12;191
2023/10;ORTOPEDIA/OMBRO;3231;83;38.93;0
2026/06;CIRURGIA VASCULAR/GERAL;3532;63;56.06;0
2024/01;CIRURGIA GERAL/2;823;15;54.87;0
2024/11;ORTOPEDIA/10;941;2;470.5;0
2025/01;UROLOGIA/8;1013;10;101.3;0
2024/10;OTORRINOLARINGOLOGIA/IMPLANTE COCLEAR;2506;8;313.25;0
2024/07;ORTOPEDIA/PÉ/TORNOZELO;946;29;32.62;0
2025/11;NEUROCIRURGIA/4;1405;10;140.5;0
2026/09;CIRURGIA PEDIÁTRICA;72773;200;363.87;104
2025/09;GINECOLOGIA;36328;431;84.29;451
2023/01;CIRURGIA PEDIÁTRICA/1;27;4;6.75;0
2023/06;CIRURGIA CARDÍACA - ADULTO/GERAL;227;2;113.5;0
2025/04;OTORRINOLARINGOLOGIA/CAVIDADE ORAL;580;19;30.53;0
2026/07;UROLOGIA/LITIASE;1992;23;86.61;0
2026/01;ORTOPEDIA/1;1738;91;19.1;0
2026/01;ORTOPEDIA/4;3092;13;237.85;0
2024/03;CIRURGIA VASCULAR/GERAL;7393;47;157.3;0
2026/06;ORTOPEDIA/RETIRADA DE FIXADOR EXTERNO;1477;29;50.93;0
2024/02;ORTOPEDIA/JOELHO;5;2;2.5;0
2024/08;CIRURGIA VASCULAR/MUTIRÃO;1127;32;35.22;0
2024/10;OTORRINOLARINGOLOGIA/2;317;4;79.25;0
2024/08;CIRURGIA VASCULAR/6;1037;5;207.4;0
2025/02;ORTOPEDIA;25295;553;45.74;982
2023/10;OTORRINOLARINGOLOGIA/4;425;2;212.5;0
2024/06;BUCOMAXILOFACIAL;27;3;9.0;24
2026/04;UROLOGIA/LITIASE;312;9;34.67;0
2023/06;UROLOGIA/4;79;5;15.8;0
2026/08;CIRURGIA GERAL;42539;985;43.19;1246
2023/06;OTORRINOLARINGOLOGIA/1;173;9;19.22;0
2023/11;ORTOPEDIA/TUMOR;640;12;53.33;0
2025/10;PCCO - BARIATRICA;668;24;27.83;23
2023/04;ONCOLOGIA/CIRURGIA GERAL;354;35;10.11;0
2025/05;CIRURGIA CARDÍACA - ANGIOPLASTIA;428;28;15.29;28
2025/06;ORTOPEDIA/5;3637;6;606.17;0
2024/12;CERFIS/1;122;5;24.4;0
2025/03;OFTALMOLOGIA/CATARATA OE;331;121;2.74;0
2025/05;ORTOPEDIA/9;107;2;53.5;0
2023/09;UROLOGIA/1;372;19;19.58;0
2024/02;UROLOGIA/2;2575;26;99.04;0
2024/08;GASTROENTEROLOGIA;349;4;87.25;3
2024/08;ORTOPEDIA/JOELHO (ATJ);758;5;151.6;0
2023/08;ORTOPEDIA/QUADRIL;6808;101;67.41;0
2024/08;OTORRINOLARINGOLOGIA/NARIZ 2;165;6;27.5;0
2025/03;ORTOPEDIA/PEDIÁTRICA GERAL;7054;35;201.54;0
2025/08;ORTOPEDIA/7;605;5;121.0;0
2025/06;CIRURGIA PLÁSTICA/8;1200;9;133.33;0
2023/12;UROLOGIA/TRANSPLANTE RENAL 1;0;3;0.0;0
2025/01;ORTOPEDIA/RETIRADA DE MATERIAL SÍNTESE;442;30;14.73;0
2024/10;UROLOGIA/3;5348;29;184.41;0
2025/07;ORTOPEDIA/6;22;2;11.0;0
2023/11;GINECOLOGIA/HISTERECTOMIA;751;11;68.27;0
2024/12;CIRURGIA GERAL/GERAL;2732;77;35.48;0
2025/06;GINECOLOGIA/6;2449;11;222.64;0
2024/06;COLOPROCTOLOGIA/3;895;7;127.86;0
2026/01;PROGRAMA TRANSEXUALIZADOR/GINECOLOGIA;569;10;56.9;0
2025/03;GINECOLOGIA/2;347;5;69.4;0
2026/09;UROLOGIA/LITIASE;15890;77;206.36;0
2024/05;CIRURGIA GERAL/GERAL;163;4;40.75;0
2025/07;COLOPROCTOLOGIA/2;359;4;89.75;0
2026/08;UROLOGIA/4;1048;6;174.67;0
2025/04;ORTOPEDIA/TUMOR;351;7;50.14;0
2024/04;COLOPROCTOLOGIA/1;599;18;33.28;0
2025/03;ORTOPEDIA/GERAL;1206;30;40.2;0
2025/11;OFTALMOLOGIA/HOSPITALAR - OD;1636;13;125.85;0
2024/05;OFTALMOLOGIA/PTERIGIO OE;126;118;1.07;0
2024/05;MASTOLOGIA/3;220;16;13.75;0
2026/05;NEUROCIRURGIA/2;90;1;90.0;0
2025/10;ORTOPEDIA/REVISÃO QUADRIL;616;2;308.0;0
2025/08;CIRURGIA TORÁCICA;53;1;53.0;9
2026/03;ORTOPEDIA/7;796;5;159.2;0
2024/02;UROLOGIA/4;22;1;22.0;0
2023/03;ONCOLOGIA;631;23;27.43;53
2026/02;CERFIS/2;133;9;14.78;0
2025/08;COLOPROCTOLOGIA/2;84;3;28.0;0
2024/05;UROLOGIA/GERAL;7138;45;158.62;0
2023/10;CIRURGIA CARDÍACA - PEDIATRICA/CIRURGIA CARDÍACA;594;6;99.0;0
2024/04;GINECOLOGIA/HISTERECTOMIA;38;4;9.5;0
2025/09;GINECOLOGIA/4;315;4;78.75;0
2025/11;CIRURGIA PLÁSTICA/GERAL;182;3;60.67;0
2024/06;CIRURGIA CARDÍACA - ADULTO/GERAL;1902;4;475.5;0
2026/07;UROLOGIA/2;1838;16;114.88;0
2024/05;GINECOLOGIA/3;762;5;152.4;0
2023/02;MASTOLOGIA;30;1;30.0;11
2026/08;CIRURGIA TORÁCICA/1;51;1;51.0;0
2025/09;NEUROCIRURGIA/4;87;1;87.0;0
2024/10;UROLOGIA/6;2451;7;350.14;0
2026/05;GASTROENTEROLOGIA;90;3;30.0;3
2025/08;CIRURGIA TORÁCICA/4;53;1;53.0;0
2023/04;COLOPROCTOLOGIA/4;0;3;0.0;0
2023/12;CIRURGIA GERAL/6;36;1;36.0;0
2024/05;GINECOLOGIA/2;627;7;89.57;0
2024/06;OTORRINOLARINGOLOGIA/LARINGE;225;2;112.5;0
2024/10;GINECOLOGIA/6;3281;15;218.73;0
2026/03;UROLOGIA/6;1273;2;636.5;0
2023/04;CIRURGIA GERAL/5;39;7;5.57;0
2026/05;ORTOPEDIA/OMBRO E COTOVELO;12;2;6.0;0
2026/06;GINECOLOGIA/HISTERECTOMIA;1047;4;261.75;0
2024/11;ONCOLOGIA/DERMATOLOGIA;2449;34;72.03;0
2026/07;CIRURGIA GERAL/6;249;5;49.8;0
2024/11;ORTOPEDIA;29249;671;43.59;984
2026/05;UROLOGIA/8;1637;12;136.42;0
2026/07;CIRURGIA PLÁSTICA/1;1649;9;183.22;0
2025/02;OTORRINOLARINGOLOGIA/1;586;13;45.08;0
2024/03;ONCOLOGIA/GINECOLOGIA;152;9;16.89;0
2024/03;CIRURGIA VASCULAR/7;133;3;44.33;0
2023/02;CIRURGIA CARDÍACA - ADULTO/GERAL;51;2;25.5;0
2025/10;ORTOPEDIA/7;1;1;1.0;0
2026/07;CIRURGIA GERAL/3;3974;52;76.42;0
2023/02;COLOPROCTOLOGIA/4;0;1;0.0;0
2025/07;OFTALMOLOGIA/HOSPITALAR - OE;346;4;86.5;0
2024/01;DERMATOLOGIA;507;13;39.0;13
2024/09;NEUROCIRURGIA/2;394;4;98.5;0
2024/10;ORTOPEDIA/8;2195;5;439.0;0
2025/10;ORTOPEDIA/PEDIÁTRICA GERAL;1698;23;73.83;0
2023/07;CIRURGIA GERAL/6;179;11;16.27;0
2025/12;CIRURGIA GERAL/6;318;6;53.0;0
2023/06;UROLOGIA/RETIRADA;693;67;10.34;0
2023/08;CIRURGIA VASCULAR/GERAL;4876;47;103.74;0
2023/11;NEUROCIRURGIA/1;2155;16;134.69;0
2025/10;OTORRINOLARINGOLOGIA/LARINGE;1699;5;339.8;0
2023/07;CIRURGIA PEDIÁTRICA/3;1552;13;119.38;0
2023/01;ORTOPEDIA/MÃO;91;36;2.53;0
2024/11;BUCOMAXILOFACIAL/GERAL;1220;24;50.83;0
2026/06;CIRURGIA DE CABEÇA E PESCOÇO;162;6;27.0;14
2024/07;ORTOPEDIA/6;535;4;133.75;0
2024/01;CIRURGIA CARDÍACA - ADULTO/CIRURGIA CARDÍACA;60;1;60.0;0
2025/11;MASTOLOGIA;25;2;12.5;20
2023/10;ORTOPEDIA/COLUNA (ARTRODESE);643;14;45.93;0
2026/02;ORTOPEDIA/QUADRIL PEDIÁTRICA;766;4;191.5;0
2025/01;CIRURGIA PLÁSTICA/6;836;6;139.33;0
2026/09;ORTOPEDIA/QUADRIL;69110;244;283.24;0
2024/11;NEUROCIRURGIA/2;135;3;45.0;0
2025/01;OTORRINOLARINGOLOGIA/OUVIDO 2;1819;6;303.17;0
2025/07;CIRURGIA TORÁCICA/1;33;1;33.0;0
2024/07;OTORRINOLARINGOLOGIA/3;1539;9;171.0;0
2024/12;CIRURGIA DE CABEÇA E PESCOÇO/2;1413;5;282.6;0
2025/05;OTORRINOLARINGOLOGIA;9660;61;158.36;109
2024/09;UROLOGIA/7;1041;3;347.0;0
2025/09;UROLOGIA/LITIASE;808;15;53.87;0
2026/05;GINECOLOGIA/GERAL;1716;35;49.03;0
2026/05;DERMATOLOGIA;484;5;96.8;4
2026/08;CIRURGIA PLÁSTICA/1;3798;12;316.5;0
2024/02;OTORRINOLARINGOLOGIA;1378;48;28.71;133
2026/01;ORTOPEDIA/JOELHO (ARTROSCOPIAS);10950;59;185.59;0
2026/03;ORTOPEDIA/COLUNA (ARTRODESE);4438;15;295.87;0
2025/05;COLOPROCTOLOGIA/2;1002;7;143.14;0
2024/01;CIRURGIA PLÁSTICA/8;424;4;106.0;0
2024/09;UROLOGIA/RETIRADA DE DUPLO J;1359;92;14.77;0
2025/12;GINECOLOGIA/2;1112;8;139.0;0
2024/02;ORTOPEDIA/RETIRADA;2297;18;127.61;0
2024/04;CIRURGIA VASCULAR/1;0;16;0.0;0
2026/05;ORTOPEDIA/9;1573;3;524.33;0
2025/07;CIRURGIA CARDÍACA - ANGIOPLASTIA;537;19;28.26;16
2026/01;CIRURGIA GERAL/1;284;3;94.67;0
2025/02;ONCOLOGIA/GINECOLOGIA;776;20;38.8;0
2025/09;UROLOGIA/2;669;10;66.9;0
2026/03;ORTOPEDIA/ARTROPLASTIA;490;2;245.0;0
2025/08;ORTOPEDIA/COLUNA (BLOQUEIOS);679;10;67.9;0
2023/07;ORTOPEDIA/QUADRIL;2049;82;24.99;0
2023/09;ORTOPEDIA/9;506;14;36.14;0
2024/11;ORTOPEDIA/PLEXO BRAQUIAL;72;1;72.0;0
2025/05;CIRURGIA PLÁSTICA/4;451;2;225.5;0
2025/05;OFTALMOLOGIA/HOSPITALAR - OE;414;12;34.5;0
2025/04;OFTALMOLOGIA/HOSPITALAR - OD;367;16;22.94;0
2023/06;OTORRINOLARINGOLOGIA/OUVIDO 1;140;4;35.0;0
2025/12;ORTOPEDIA/QUADRIL;7667;54;141.98;0
2026/01;CIRURGIA VASCULAR;18238;158;115.43;179
2024/02;ONCOLOGIA/CIRURGIA GERAL;288;24;12.0;0
2026/05;CIRURGIA PEDIÁTRICA/1;1302;52;25.04;0
2023/12;ORTOPEDIA/2;258;11;23.45;0
2024/04;CIRURGIA CARDÍACA - ADULTO/GERAL;447;1;447.0;0
2023/09;OTORRINOLARINGOLOGIA/IMPLANTE COCLEAR;145;1;145.0;0
2024/12;GINECOLOGIA/GERAL;2217;18;123.17;0
2026/05;OFTALMOLOGIA/HOSPITALAR - OD;2129;11;193.55;0
2024/08;NEUROCIRURGIA/2;52;1;52.0;0
2023/10;ONCOLOGIA/DERMATOLOGIA;178;19;9.37;0
2025/05;NEUROCIRURGIA/2;436;3;145.33;0
2023/01;ODONTOLOGIA PARA PACIENTES COM NECESSIDADES ESPECIAIS;16;4;4.0;4
2023/06;BUCOMAXILOFACIAL;51;7;7.29;15
2024/11;BUCOMAXILOFACIAL;118;9;13.11;35
2025/10;ORTOPEDIA/3;103;5;20.6;0
2025/05;CIRURGIA GERAL/5;139;3;46.33;0
2024/09;ORTOPEDIA/RETIRADA DE MATERIAL;1145;4;286.25;0
2024/04;COLOPROCTOLOGIA/3;880;6;146.67;0
2024/10;OFTALMOLOGIA/AO;1600;39;41.03;0
2025/04;ONCOLOGIA/DERMATOLOGIA;748;53;14.11;0
2023/07;CIRURGIA PEDIÁTRICA/2;763;8;95.38;0
2025/04;NEUROCIRURGIA/3;53;2;26.5;0
2024/08;MASTOLOGIA;504;18;28.0;39
2025/07;CIRURGIA PLÁSTICA/GERAL;57;1;57.0;0
2026/06;OTORRINOLARINGOLOGIA/1;7844;29;270.48;0
2025/02;NEUROCIRURGIA/2;308;5;61.6;0
2025/10;ONCOLOGIA;3816;77;49.56;152
2025/05;ONCOLOGIA/MASTOLOGIA;81;3;27.0;0
2026/09;CIRURGIA GERAL/ESTOMAGO E INTESTINOS;523;32;16.34;0
2024/08;OFTALMOLOGIA/OD;19160;503;38.09;0
2025/02;CIRURGIA GERAL/7;3642;8;455.25;0
2025/07;OTORRINOLARINGOLOGIA/1;829;13;63.77;0
2023/11;CIRURGIA GERAL/PAREDE E CAVIDADE ABDOMINAL;2582;62;41.65;0
2025/01;CIRURGIA PLÁSTICA/10;6227;11;566.09;0
2023/09;CIRURGIA GERAL/3;1401;43;32.58;0
2024/09;ONCOLOGIA/CIRURGIA GERAL;352;17;20.71;0
2024/01;OTORRINOLARINGOLOGIA/4;662;3;220.67;0
2024/06;ONCOLOGIA/GINECOLOGIA;281;10;28.1;0
2026/09;GINECOLOGIA/6;1811;48;37.73;0
2023/11;GINECOLOGIA/6;1570;7;224.29;0
2026/02;UROLOGIA/TROCA DE DUPLO J;3148;54;58.3;0
2024/11;ORTOPEDIA/JOELHO (ARTROSCOPIAS);10701;42;254.79;0
2026/04;GINECOLOGIA/1;237;1;237.0;0
2026/06;CIRURGIA TORÁCICA/2;81;5;16.2;0
2024/02;UROLOGIA/RETIRADA;2587;93;27.82;0
2023/04;UROLOGIA/5;542;16;33.88;0
2024/10;UROLOGIA/5;1062;12;88.5;0
2023/12;CIRURGIA GERAL/PAREDE E CAVIDADE ABDOMINAL;1625;53;30.66;0
2025/09;OFTALMOLOGIA/CATARATA OE;648;122;5.31;0
2025/08;NEUROCIRURGIA/1;849;3;283.0;0
2025/11;DERMATOLOGIA;235;15;15.67;14
2026/03;CERFIS/1;5;1;5.0;0
2025/10;OTORRINOLARINGOLOGIA/CAVIDADE ORAL;422;16;26.38;0
2024/12;CIRURGIA GERAL/5;825;7;117.86;0
2025/12;BUCOMAXILOFACIAL/GERAL;1286;20;64.3;0
2025/11;CIRURGIA VASCULAR/2;121;8;15.13;0
2024/06;OFTALMOLOGIA/PTERIGIO OE;247;120;2.06;0
2026/05;ORTOPEDIA/JOELHO (ATJ);14226;18;790.33;0
2025/08;UROLOGIA/LITIASE;579;17;34.06;0
2024/11;CIRURGIA GERAL/1;30;2;15.0;0
2023/04;CIRURGIA DE CABEÇA E PESCOÇO/1;29;1;29.0;0
2024/12;MASTOLOGIA;461;14;32.93;39
2025/12;UROLOGIA/GERAL;9795;152;64.44;0
2024/08;DERMATOLOGIA;679;21;32.33;20
2023/01;COLOPROCTOLOGIA/4;0;1;0.0;0
2024/01;ODONTOLOGIA PARA PACIENTES COM NECESSIDADES ESPECIAIS;5787;37;156.41;29
2025/01;GINECOLOGIA;21478;329;65.28;323
2026/04;GINECOLOGIA/6;1900;22;86.36;0
2024/10;CIRURGIA VASCULAR;4796;136;35.26;244
2025/10;ONCOLOGIA/UROLOGIA;331;9;36.78;0
2024/03;CIRURGIA PLÁSTICA/GERAL;116;1;116.0;0
2026/04;OTORRINOLARINGOLOGIA;4197;73;57.49;124
2026/05;CIRURGIA GERAL/GERAL;3551;187;18.99;0
2024/12;UROLOGIA;7990;111;71.98;362
2026/05;ONCOLOGIA/CIRURGIA GERAL;107;16;6.69;0
2024/12;UROLOGIA/7;494;3;164.67;0
2026/02;MASTOLOGIA/5;180;3;60.0;0
2025/05;CIRURGIA DE CABEÇA E PESCOÇO/2;1010;3;336.67;0
2025/07;UROLOGIA/3;5839;22;265.41;0
2024/03;MASTOLOGIA/5;155;6;25.83;0
2025/12;ORTOPEDIA;58374;722;80.85;1111
2025/03;ONCOLOGIA/CIRURGIA GERAL;215;18;11.94;0
2026/06;OTORRINOLARINGOLOGIA/OUVIDO 1;203;2;101.5;0
2026/05;CIRURGIA PLÁSTICA/10;4406;8;550.75;0
2024/09;CIRURGIA PEDIÁTRICA/3;376;3;125.33;0
2024/02;OFTALMOLOGIA/PTERIGIO OE;569;120;4.74;0
2026/07;ORTOPEDIA/JOELHO (ATJ);22422;28;800.79;0
2023/03;GINECOLOGIA/GERAL;1133;20;56.65;0
2024/07;CIRURGIA PLÁSTICA/1;494;5;98.8;0
2025/11;CIRURGIA GERAL;31755;881;36.04;1031
2024/01;CIRURGIA CARDÍACA - ADULTO/MARCAPASSO;280;4;70.0;0
2026/09;ORTOPEDIA/3;6217;24;259.04;0
2023/07;GINECOLOGIA/1;187;4;46.75;0
2024/08;CERFIS/2;131;3;43.67;0
2024/03;UROLOGIA/6;667;2;333.5;0
2023/05;OTORRINOLARINGOLOGIA/NARIZ 1;321;13;24.69;0
2023/05;OTORRINOLARINGOLOGIA/CIRURGIAS PLÁSTICAS;130;3;43.33;0
2023/02;GINECOLOGIA/1;87;6;14.5;0
2024/01;OTORRINOLARINGOLOGIA/CAVIDADE ORAL;964;23;41.91;0
2024/07;CIRURGIA PLÁSTICA/9;105;1;105.0;0
2023/02;ORTOPEDIA/RETIRADA DE MATERIAL;285;14;20.36;0
2023/10;COLOPROCTOLOGIA/1;428;27;15.85;0
2025/10;UROLOGIA;3899;113;34.5;529
2024/06;OFTALMOLOGIA;943;4;235.75;1454
2026/03;NEUROCIRURGIA/2;1250;7;178.57;0
2026/08;ORTOPEDIA/REVISÃO JOELHO;1108;1;1108.0;0
2024/09;UROLOGIA/5;1139;13;87.62;0
2025/02;ORTOPEDIA/QUADRIL PEDIÁTRICA;747;4;186.75;0
2024/03;UROLOGIA/3;1127;12;93.92;0
2023/11;CERFIS/2;218;16;13.63;0
2025/11;CIRURGIA VASCULAR/5;35;2;17.5;0
2025/09;ORTOPEDIA/PLEXO BRAQUIAL;175;2;87.5;0
2025/09;PROGRAMA TRANSEXUALIZADOR/CIRURGIA PLÁSTICA;336;2;168.0;0
2025/09;ORTOPEDIA/2;904;20;45.2;0
2024/06;CIRURGIA GERAL/10;882;5;176.4;0
2026/05;ORTOPEDIA/ARTROPLASTIA;1128;1;1128.0;0
2023/09;OTORRINOLARINGOLOGIA/1;662;13;50.92;0
2024/03;NEUROCIRURGIA/4;788;6;131.33;0
2025/06;ORTOPEDIA/PLEXO BRAQUIAL;34;1;34.0;0
2024/06;ORTOPEDIA/FIXADOR EXTERNO;1847;15;123.13;0
2023/07;ORTOPEDIA/7;187;1;187.0;0
2024/01;ONCOLOGIA;405;12;33.75;79
2024/03;CIRURGIA PEDIÁTRICA/3;2831;13;217.77;0
2026/08;UROLOGIA/5;1062;4;265.5;0
2024/05;ONCOLOGIA/CIRURGIA GERAL;663;26;25.5;0
2026/03;OTORRINOLARINGOLOGIA/OUVIDO 1;588;6;98.0;0
2024/08;CIRURGIA PLÁSTICA/2;136;1;136.0;0
2025/07;CIRURGIA VASCULAR;8722;157;55.55;229
2026/08;MASTOLOGIA/5;497;7;71.0;0
2025/12;ORTOPEDIA MUTIRÃO;111;8;13.88;8
2023/12;OTORRINOLARINGOLOGIA/NARIZ 1;541;13;41.62;0
2023/12;CIRURGIA TORÁCICA/1;324;1;324.0;0
2023/07;ORTOPEDIA/MÃO;2625;61;43.03;0
2025/10;CIRURGIA GERAL/4;1772;24;73.83;0
2025/09;COLOPROCTOLOGIA/3;68;2;34.0;0
2026/04;CERFIS/2;83;4;20.75;0
2025/01;PROGRAMA TRANSEXUALIZADOR/OTORRINOLARINGOLOGIA;111;2;55.5;0
2024/02;OTORRINOLARINGOLOGIA/7;197;1;197.0;0
2024/05;CIRURGIA CARDÍACA - ANGIOPLASTIA;677;30;22.57;26
2025/10;COLOPROCTOLOGIA/2;159;5;31.8;0
2023/04;OTORRINOLARINGOLOGIA/LARINGE;328;6;54.67;0
2023/07;CIRURGIA CARDÍACA - ANGIOPLASTIA;926;15;61.73;15
2023/04;CIRURGIA PLÁSTICA/8;116;2;58.0;0
2023/02;CIRURGIA GERAL;6015;449;13.4;588
2025/09;CIRURGIA GERAL/7;5690;11;517.27;0
2023/05;CIRURGIA VASCULAR/2;0;7;0.0;0
2025/03;OTORRINOLARINGOLOGIA/NARIZ 2;98;5;19.6;0
2026/02;UROLOGIA/LITIASE;437;13;33.62;0
2025/06;UROLOGIA/3;5021;17;295.35;0
2023/05;GINECOLOGIA/3;701;15;46.73;0
2026/05;OTORRINOLARINGOLOGIA/CIRURGIAS PLÁSTICAS;10;1;10.0;0
2026/04;UROLOGIA/GERAL;12957;133;97.42;0
2024/07;CIRURGIA GERAL/3;4313;37;116.57;0
2024/03;CIRURGIA VASCULAR;7556;100;75.56;169
2024/04;ORTOPEDIA/COLUNA (ARTRODESE);406;6;67.67;0
2026/04;CIRURGIA PEDIÁTRICA/2;1049;11;95.36;0
2026/07;ORTOPEDIA/2;707;26;27.19;0
2023/09;CIRURGIA PEDIÁTRICA;2870;40;71.75;119
2023/12;OTORRINOLARINGOLOGIA/1;189;3;63.0;0
2026/01;OFTALMOLOGIA/CATARATA OE;510;123;4.15;0
2023/02;ONCOLOGIA/CIRURGIA GERAL;120;15;8.0;0
2025/03;CIRURGIA PLÁSTICA/10;4127;7;589.57;0
2024/09;CIRURGIA VASCULAR/MUTIRÃO;791;16;49.44;0
2026/01;UROLOGIA/3;3254;20;162.7;0
2023/01;ONCOLOGIA/MASTOLOGIA;11;2;5.5;0
2025/04;UROLOGIA/4;107;2;53.5;0
2025/06;OFTALMOLOGIA/OE;38436;394;97.55;0
2023/10;CIRURGIA CARDÍACA - ANGIOPLASTIA;2355;36;65.42;14
2026/04;OTORRINOLARINGOLOGIA/OUVIDO 1;70;4;17.5;0
2025/08;GINECOLOGIA/9;42;1;42.0;0
2024/02;CIRURGIA VASCULAR/7;3;1;3.0;0
2025/12;CIRURGIA CARDÍACA - ANGIOPLASTIA;2452;35;70.06;28
2023/06;ORTOPEDIA/1;301;66;4.56;0
2023/03;OTORRINOLARINGOLOGIA/NARIZ 1;111;7;15.86;0
2025/01;CIRURGIA PEDIÁTRICA/3;737;2;368.5;0
2024/10;CIRURGIA GERAL/7;2427;9;269.67;0
2026/03;CIRURGIA VASCULAR/GERAL;1398;35;39.94;0
2026/04;ORTOPEDIA/OMBRO E COTOVELO;8;1;8.0;0
2026/07;ORTOPEDIA/6;631;2;315.5;0
2023/03;CIRURGIA GERAL/4;491;23;21.35;0
2024/01;CERFIS/1;26;4;6.5;0
2024/02;ORTOPEDIA/1;172;38;4.53;0
2026/02;CIRURGIA DE CABEÇA E PESCOÇO;364;9;40.44;18
2023/04;GINECOLOGIA;6833;327;20.9;346
2024/05;ORTOPEDIA/TUMOR;127;4;31.75;0
2023/10;CIRURGIA PLÁSTICA/6;353;6;58.83;0
2025/09;CIRURGIA GERAL/GERAL;3518;72;48.86;0
2025/10;PROGRAMA TRANSEXUALIZADOR/CIRURGIA PLÁSTICA;595;3;198.33;0
2026/06;OFTALMOLOGIA/HOSPITALAR - OE;209;2;104.5;0
2025/07;NEUROCIRURGIA/2;2708;6;451.33;0
2026/08;UROLOGIA/1;6674;52;128.35;0
2025/04;NEUROCIRURGIA/5;36;1;36.0;0
2025/05;CIRURGIA VASCULAR;8216;175;46.95;224
2023/03;ORTOPEDIA/11;0;1;0.0;0
2023/09;ORTOPEDIA/TUMOR;562;17;33.06;0
2023/07;ORTOPEDIA/2;131;18;7.28;0
2024/06;CIRURGIA CARDÍACA - ANGIOPLASTIA;523;29;18.03;20
2024/06;CIRURGIA GERAL/8;0;4;0.0;0
2024/03;ORTOPEDIA/RETIRADA DE MATERIAL;659;18;36.61;0
2025/12;CIRURGIA CARDÍACA - PEDIATRICA/CIRURGIA CARDÍACA;582;7;83.14;0
2023/07;CIRURGIA PEDIÁTRICA;1364;27;50.52;101
2025/07;CIRURGIA GERAL/1;65;2;32.5;0
2025/03;ORTOPEDIA/FIXADOR EXTERNO;1827;38;48.08;0
2023/06;ONCOLOGIA/UROLOGIA;87;3;29.0;0
2024/12;NEUROCIRURGIA/5;62;1;62.0;0
2025/04;UROLOGIA/6;998;2;499.0;0
2025/03;CIRURGIA VASCULAR/GERAL;27956;71;393.75;0
2024/07;ONCOLOGIA/MASTOLOGIA;128;4;32.0;0
2024/08;GINECOLOGIA/5;29;1;29.0;0
2026/01;ORTOPEDIA/REVISÃO JOELHO;716;1;716.0;0
2026/07;COLOPROCTOLOGIA/1;661;25;26.44;0
2023/05;NEUROCIRURGIA/1;0;1;0.0;0
2024/10;OFTALMOLOGIA/AMBULATORIAL - OD;4340;332;13.07;0
2023/01;ORTOPEDIA/GERAL;411;159;2.58;0
2023/11;ONCOLOGIA/GINECOLOGIA;147;8;18.38;0
2023/11;CIRURGIA GERAL/5;238;5;47.6;0
2025/08;CIRURGIA VASCULAR;10411;158;65.89;232
2023/12;ORTOPEDIA/MÃO;1446;75;19.28;0
2025/11;COLOPROCTOLOGIA/3;227;2;113.5;0
2024/07;UROLOGIA/2;3123;32;97.59;0
2026/05;OFTALMOLOGIA/AMBULATORIAL - OE;23134;243;95.2;0
2025/10;UROLOGIA/6;1811;4;452.75;0
2023/03;UROLOGIA/7;0;3;0.0;0
2026/01;ORTOPEDIA/8;1140;3;380.0;0
2024/07;GINECOLOGIA/2;156;5;31.2;0
2024/05;CIRURGIA VASCULAR;4715;107;44.07;181
2025/12;ORTOPEDIA/GERAL E TRAUMATOLOGIA;14;1;14.0;0
2024/07;MASTOLOGIA/5;389;4;97.25;0
2023/08;NEUROCIRURGIA/2;158;6;26.33;0
2025/12;CIRURGIA VASCULAR/2;781;14;55.79;0
2025/09;ONCOLOGIA PEDIATRICA;114;19;6.0;19
2025/07;ORTOPEDIA/13;1776;3;592.0;0
2024/07;OFTALMOLOGIA/HOSPITALAR - OE;178;30;5.93;0
2025/05;NEUROCIRURGIA;128;2;64.0;32
2026/04;ONCOLOGIA;1514;46;32.91;138
2023/12;COLOPROCTOLOGIA/1;742;21;35.33;0
2023/04;ONCOLOGIA/UROLOGIA;204;4;51.0;0
2026/06;ORTOPEDIA;58643;728;80.55;1214
2023/03;ORTOPEDIA/REVISÃO QUADRIL;0;6;0.0;0
2024/04;CIRURGIA VASCULAR/3;888;3;296.0;0
2025/03;ORTOPEDIA/QUADRIL;6576;60;109.6;0
2025/10;GINECOLOGIA/GERAL;2171;36;60.31;0
2024/04;GINECOLOGIA/8;22;2;11.0;0
2023/11;CIRURGIA CARDÍACA - ADULTO;310;12;25.83;12
2025/07;CIRURGIA PLÁSTICA/9;343;3;114.33;0
2024/05;OFTALMOLOGIA/PTERIGIO OD;130;119;1.09;0
2023/05;UROLOGIA/1;1655;40;41.38;0
2026/04;BUCOMAXILOFACIAL;58;4;14.5;24
2023/04;GASTROENTEROLOGIA;6;1;6.0;1
2023/01;CIRURGIA CARDÍACA - ADULTO/HEMODINÂMICA;115;13;8.85;0
2024/12;CIRURGIA CARDÍACA - ADULTO/MARCAPASSO;17;2;8.5;0
2026/09;ONCOLOGIA/COLOPROCTOLOGIA;621;13;47.77;0
2023/07;CIRURGIA VASCULAR/2;28;7;4.0;0
2025/09;MASTOLOGIA;175;4;43.75;33
2026/02;NEUROCIRURGIA/5;402;4;100.5;0
2025/11;UROLOGIA/4;1210;7;172.86;0
2025/11;ORTOPEDIA/FIXADOR EXTERNO;3337;24;139.04;0
2026/05;OFTALMOLOGIA/HOSPITALAR - OE;2469;11;224.45;0
2026/06;GINECOLOGIA/9;754;2;377.0;0
2023/03;OFTALMOLOGIA/CATARATA OE;130;147;0.88;0
2025/05;CIRURGIA PLÁSTICA/10;2701;4;675.25;0
2025/08;OFTALMOLOGIA/AO;1154;10;115.4;0
2023/09;CIRURGIA GERAL/4;653;15;43.53;0
2025/03;ORTOPEDIA/RETIRADA DE MATERIAL SÍNTESE;582;42;13.86;0
2024/06;ORTOPEDIA/9;33;2;16.5;0
2023/09;NEUROCIRURGIA/2;98;2;49.0;0
2026/07;OTORRINOLARINGOLOGIA/CAVIDADE ORAL;718;26;27.62;0
2024/03;CIRURGIA PEDIÁTRICA;924;35;26.4;148
2024/02;ORTOPEDIA/11;295;1;295.0;0
2024/12;UROLOGIA/GERAL;8865;145;61.14;0
2026/09;GINECOLOGIA/8;30;1;30.0;0
2024/01;OTORRINOLARINGOLOGIA/OUVIDO 2;548;2;274.0;0
2025/09;GINECOLOGIA/HISTERECTOMIA;555;7;79.29;0
2025/06;CIRURGIA VASCULAR/5;102;1;102.0;0
2024/09;GINECOLOGIA/HISTERECTOMIA;28;2;14.0;0
2023/09;GINECOLOGIA/6;933;5;186.6;0
2023/08;OTORRINOLARINGOLOGIA/1;743;16;46.44;0
2024/10;ORTOPEDIA/JOELHO (ARTROSCOPIAS);15218;62;245.45;0
2023/08;CIRURGIA CARDÍACA - ADULTO;533;30;17.77;18
2026/05;CIRURGIA DE CABEÇA E PESCOÇO/2;5835;17;343.24;0
2025/09;ORTOPEDIA/1;2477;72;34.4;0
2023/10;MASTOLOGIA/3;722;23;31.39;0
2023/01;ORTOPEDIA/OMBRO;180;30;6.0;0
2023/06;UROLOGIA;2633;95;27.72;289
2025/09;UROLOGIA/5;1294;7;184.86;0
2023/05;CIRURGIA TORÁCICA/2;48;4;12.0;0
2026/02;PROGRAMA TRANSEXUALIZADOR/GINECOLOGIA;151;4;37.75;0
2026/09;ORTOPEDIA/GERAL E TRAUMATOLOGIA;156;14;11.14;0
2025/09;CIRURGIA GERAL/3;2659;60;44.32;0
2023/04;GINECOLOGIA/3;513;13;39.46;0
2024/04;CIRURGIA CARDÍACA - ADULTO/MARCAPASSO;82;2;41.0;0
2023/08;ORTOPEDIA/9;356;8;44.5;0
2023/02;CERFIS/1;25;2;12.5;0
2026/01;CIRURGIA DE CABEÇA E PESCOÇO/2;6537;12;544.75;0
2024/10;ONCOLOGIA;1175;46;25.54;115
2023/11;COLOPROCTOLOGIA/3;162;4;40.5;0
2025/08;OTORRINOLARINGOLOGIA/CAVIDADE ORAL;1644;37;44.43;0
2025/01;UROLOGIA/LITIASE;324;13;24.92;0
2026/05;ONCOLOGIA PEDIATRICA;4806;56;85.82;16
2026/07;ONCOLOGIA/DERMATOLOGIA;8673;55;157.69;0
2024/05;COLOPROCTOLOGIA/1;1271;21;60.52;0
2025/04;CIRURGIA GERAL/ESTOMAGO E INTESTINOS;472;39;12.1;0
2026/09;MASTOLOGIA;3550;26;136.54;20
2024/08;ODONTOLOGIA PARA PACIENTES COM NECESSIDADES ESPECIAIS;1004;21;47.81;18
2023/07;OFTALMOLOGIA/PTERIGIO OD;769;104;7.39;0
2023/04;OFTALMOLOGIA/OD;15039;617;24.37;0
2026/07;OTORRINOLARINGOLOGIA/2;1023;4;255.75;0
2023/10;UROLOGIA/4;97;6;16.17;0
2025/03;GASTROENTEROLOGIA;136;1;136.0;1
2026/05;CIRURGIA GERAL/FIGADO E VIAS BILIARES;599;39;15.36;0
2025/03;UROLOGIA/3;2597;15;173.13;0
2025/09;OTORRINOLARINGOLOGIA/MUTIRÃO;3348;4;837.0;0
2025/08;CIRURGIA TORÁCICA/1;88;1;88.0;0
2023/04;GINECOLOGIA/GERAL;206;6;34.33;0
2024/10;ORTOPEDIA/1;1045;75;13.93;0
2024/05;OTORRINOLARINGOLOGIA/2;347;5;69.4;0
2025/06;CIRURGIA TORÁCICA/2;107;1;107.0;0
2024/01;UROLOGIA/1;406;39;10.41;0
2025/07;CIRURGIA TORÁCICA/5;1310;2;655.0;0
2024/05;ORTOPEDIA/JOELHO (ARTROSCOPIAS);5413;56;96.66;0
2024/12;CIRURGIA GERAL/1;124;2;62.0;0
2023/09;ONCOLOGIA;540;15;36.0;81
2026/01;ORTOPEDIA/5;5020;7;717.14;0
2024/12;OTORRINOLARINGOLOGIA/OUVIDO 1;70;5;14.0;0
2024/08;ORTOPEDIA/7;396;1;396.0;0
2025/02;OTORRINOLARINGOLOGIA/3;1729;3;576.33;0
2023/07;CIRURGIA CARDÍACA - ADULTO;219;9;24.33;12
2025/08;ORTOPEDIA/6;264;2;132.0;0
2025/04;GINECOLOGIA/8;12;1;12.0;0
2025/04;OFTALMOLOGIA/CATARATA OE;714;122;5.85;0
2026/09;OFTALMOLOGIA/HOSPITALAR - OE;50118;175;286.39;0
2025/10;ORTOPEDIA/1;2695;69;39.06;0
2025/04;OFTALMOLOGIA/OD;30290;518;58.47;0
2025/08;CIRURGIA VASCULAR/GERAL;14414;83;173.66;0
2025/09;OTORRINOLARINGOLOGIA/LARINGE;281;4;70.25;0
2023/12;CIRURGIA CARDÍACA - ADULTO;475;17;27.94;12
2023/09;UROLOGIA/RETIRADA;946;61;15.51;0
2025/09;PROGRAMA TRANSEXUALIZADOR/OTORRINOLARINGOLOGIA;186;2;93.0;0
2024/08;OTORRINOLARINGOLOGIA/CAVIDADE ORAL;630;37;17.03;0
2024/01;CIRURGIA GERAL/6;168;8;21.0;0
2024/09;ORTOPEDIA/PEDIÁTRICA GERAL;1055;6;175.83;0
2024/08;UROLOGIA/3;4083;19;214.89;0
2026/06;UROLOGIA/8;4231;22;192.32;0
2023/01;NEUROCIRURGIA/4;16;3;5.33;0
2025/05;COLOPROCTOLOGIA;595;14;42.5;33
2024/10;NEUROCIRURGIA/1;1777;22;80.77;0
2025/01;GINECOLOGIA/5;121;2;60.5;0
2023/08;ORTOPEDIA/REVISÃO QUADRIL;0;5;0.0;0
2026/08;CIRURGIA PLÁSTICA/4;319;1;319.0;0
2024/03;UROLOGIA;6415;208;30.84;443
2023/07;GINECOLOGIA/2;118;5;23.6;0
2024/01;NEUROCIRURGIA;110;4;27.5;26
2026/02;ORTOPEDIA/FIXADOR EXTERNO;242;8;30.25;0
2024/06;ORTOPEDIA/4;1347;15;89.8;0
2025/07;GINECOLOGIA;50065;462;108.37;424
2025/12;NEUROCIRURGIA/3;125;2;62.5;0
2026/02;ORTOPEDIA/JOELHO;47;5;9.4;0
2026/07;CIRURGIA GERAL/8;24;1;24.0;0
2023/11;UROLOGIA/LITIASE;2724;29;93.93;0
2024/11;CIRURGIA PEDIÁTRICA;511;21;24.33;93
2026/09;CIRURGIA TORÁCICA/4;98;1;98.0;0
2023/03;NEUROCIRURGIA/3;0;2;0.0;0
2024/03;OTORRINOLARINGOLOGIA/IMPLANTE COCLEAR;765;3;255.0;0
2024/02;ORTOPEDIA/3;3;1;3.0;0
2025/06;ORTOPEDIA/JOELHO;101;7;14.43;0
2023/09;ORTOPEDIA/JOELHO;61;2;30.5;0
2024/02;UROLOGIA/GERAL;8098;69;117.36;0
2025/12;COLOPROCTOLOGIA/1;583;9;64.78;0
2023/04;CIRURGIA PLÁSTICA/1;0;3;0.0;0
2023/06;ORTOPEDIA;9698;537;18.06;1056
2023/08;CIRURGIA GERAL/7;173;4;43.25;0
2023/04;MASTOLOGIA/3;280;16;17.5;0
2023/07;OTORRINOLARINGOLOGIA/4;86;1;86.0;0
2025/09;MASTOLOGIA/4;21;3;7.0;0
2026/01;ORTOPEDIA/3;1025;2;512.5;0
2025/12;GINECOLOGIA/9;362;2;181.0;0
2026/05;CIRURGIA TORÁCICA/2;98;3;32.67;0
2023/04;CIRURGIA GERAL/3;304;48;6.33;0
2025/05;UROLOGIA/TROCA DE DUPLO J;170;5;34.0;0
2026/09;CIRURGIA PLÁSTICA/6;39972;112;356.89;0
2024/02;ONCOLOGIA;794;14;56.71;82
2024/08;BUCOMAXILOFACIAL/ORTOGNÁTICA;159;5;31.8;0
2025/11;CIRURGIA GERAL/ESTOMAGO E INTESTINOS;502;31;16.19;0
2023/10;CIRURGIA GERAL/6;297;6;49.5;0
2024/05;CERFIS/2;150;10;15.0;0
2024/06;OTORRINOLARINGOLOGIA/OUVIDO 1;612;5;122.4;0
2023/08;GINECOLOGIA/2;345;9;38.33;0
2024/05;NEUROCIRURGIA;20;1;20.0;31
2025/09;CIRURGIA VASCULAR/2;140;5;28.0;0
2025/03;UROLOGIA/GERAL;9952;160;62.2;0
2024/02;CIRURGIA GERAL/4;418;8;52.25;0
2024/07;NEUROCIRURGIA/3;45;1;45.0;0
2025/07;ORTOPEDIA/COTOVELO;53;3;17.67;0
2023/03;MASTOLOGIA/1;0;2;0.0;0
2026/06;MASTOLOGIA;844;10;84.4;23
2025/11;ONCOLOGIA/GINECOLOGIA;288;13;22.15;0
2024/07;CIRURGIA PEDIÁTRICA/3;383;4;95.75;0
2024/11;GINECOLOGIA/9;2018;5;403.6;0
2025/04;ORTOPEDIA/10;1008;2;504.0;0
2025/12;ORTOPEDIA/COLUNA (BLOQUEIOS);456;10;45.6;0
2026/09;ORTOPEDIA/COLUNA (BLOQUEIOS);1411;31;45.52;0
2026/08;OTORRINOLARINGOLOGIA;9630;115;83.74;202
2023/05;BUCOMAXILOFACIAL;7;1;7.0;17
2024/02;UROLOGIA/3;749;11;68.09;0
2025/01;GINECOLOGIA/1;122;2;61.0;0
2024/08;OFTALMOLOGIA/CATARATA OE;319;122;2.61;0
2025/05;ONCOLOGIA;3401;71;47.9;155
2025/09;UROLOGIA/4;403;5;80.6;0
2024/05;ORTOPEDIA/6;493;4;123.25;0
2025/12;CIRURGIA GERAL/2;7;1;7.0;0
2024/08;GINECOLOGIA/GERAL;420;27;15.56;0
2024/12;CIRURGIA VASCULAR/2;131;7;18.71;0
2025/08;OTORRINOLARINGOLOGIA/CIRURGIAS PLÁSTICAS;187;4;46.75;0
2025/04;ORTOPEDIA/REVISÃO QUADRIL;657;1;657.0;0
2024/06;OFTALMOLOGIA/OE;31087;645;48.2;0
2025/06;GINECOLOGIA/2;110;2;55.0;0
2024/10;GASTROENTEROLOGIA;8;1;8.0;1
2023/08;ORTOPEDIA/PEDIÁTRICA GERAL;269;3;89.67;0
2026/03;CIRURGIA GERAL/GERAL;7406;155;47.78;0
2023/06;CIRURGIA VASCULAR/5;28;1;28.0;0
2026/06;ORTOPEDIA/4;1850;14;132.14;0
2023/01;CIRURGIA GERAL/5;0;3;0.0;0
2026/05;CIRURGIA GERAL/4;2055;23;89.35;0
2024/03;NEUROCIRURGIA/2;360;4;90.0;0
2023/02;ORTOPEDIA/FIXADOR EXTERNO;56;5;11.2;0
2026/09;ORTOPEDIA;675932;2318;291.6;777
2025/03;OFTALMOLOGIA/HOSPITALAR - OE;306;10;30.6;0
2024/12;OTORRINOLARINGOLOGIA/NARIZ 1;256;10;25.6;0
2023/11;OTORRINOLARINGOLOGIA/OUVIDO 1;110;1;110.0;0
2025/12;UROLOGIA/2;1006;7;143.71;0
2023/01;CIRURGIA TORÁCICA;0;2;0.0;9
2023/02;CIRURGIA VASCULAR/2;0;11;0.0;0
2024/11;ONCOLOGIA/GINECOLOGIA;579;11;52.64;0
2025/11;UROLOGIA/GERAL;12894;174;74.1;0
2024/12;COLOPROCTOLOGIA/1;2335;21;111.19;0
2023/02;ORTOPEDIA/GERAL;653;164;3.98;0
2025/12;CARDIOLOGIA ANGIOPLASTIA;182;2;91.0;2
2026/06;UROLOGIA/2;510;6;85.0;0
2026/02;OTORRINOLARINGOLOGIA;5777;113;51.12;160
2024/03;ORTOPEDIA/JOELHO;223;2;111.5;0
2026/04;OFTALMOLOGIA/OE;18801;316;59.5;0
2025/02;CIRURGIA TORÁCICA/6;0;1;0.0;0
2026/07;ORTOPEDIA/4;1560;16;97.5;0
2023/11;ONCOLOGIA/CIRURGIA GERAL;157;21;7.48;0
2023/07;OTORRINOLARINGOLOGIA/IMPLANTE COCLEAR;154;2;77.0;0
2025/04;UROLOGIA/LITIASE;747;16;46.69;0
2024/07;OTORRINOLARINGOLOGIA/LARINGE;805;6;134.17;0
2025/06;CIRURGIA GERAL/FIGADO E VIAS BILIARES;1224;49;24.98;0
2024/06;CIRURGIA VASCULAR;6741;123;54.8;187
2026/02;UROLOGIA/6;3577;7;511.0;0
2026/03;CIRURGIA PLÁSTICA/8;746;5;149.2;0
2025/12;NEUROCIRURGIA/4;1027;6;171.17;0
2025/12;MASTOLOGIA/3;312;12;26.0;0
2024/05;CIRURGIA GERAL/2;390;17;22.94;0
2026/09;ORTOPEDIA/COLUNA (ARTRODESE);46276;200;231.38;0
2026/09;GINECOLOGIA/4;1117;6;186.17;0
2025/11;ORTOPEDIA/COTOVELO;2;1;2.0;0
2023/01;CIRURGIA VASCULAR/GERAL;149;11;13.55;0
2024/12;ONCOLOGIA/UROLOGIA;9;1;9.0;0
2025/09;CIRURGIA VASCULAR/1;28;2;14.0;0
2023/04;NEUROCIRURGIA/3;41;2;20.5;0
2023/01;OFTALMOLOGIA/OE;2899;278;10.43;0
2023/03;OTORRINOLARINGOLOGIA/3;28;2;14.0;0
2025/02;UROLOGIA/5;1003;12;83.58;0
2026/09;UROLOGIA/6;20868;50;417.36;0
2023/07;CIRURGIA GERAL/8;0;3;0.0;0
2026/04;CIRURGIA VASCULAR/3;415;3;138.33;0
2025/12;ORTOPEDIA/RETIRADA DE FIXADOR EXTERNO;223;9;24.78;0
2024/12;ONCOLOGIA/CIRURGIA GERAL;60;4;15.0;0
2024/11;OFTALMOLOGIA/HOSPITALAR - OE;206;16;12.88;0
2026/08;ONCOLOGIA/APARELHO DIGESTIVO;13;1;13.0;0
2024/02;OTORRINOLARINGOLOGIA/2;396;8;49.5;0
2025/09;CIRURGIA GERAL/8;117;2;58.5;0
2023/09;OFTALMOLOGIA/CATARATA OD;804;101;7.96;0
2026/08;CIRURGIA PLÁSTICA/10;3665;8;458.13;0
2023/11;ORTOPEDIA/GERAL;1428;103;13.86;0
2023/04;UROLOGIA/9;0;1;0.0;0
2024/05;CIRURGIA PLÁSTICA/7;108;1;108.0;0
2026/04;CARDIOLOGIA ANGIOPLASTIA;1311;5;262.2;5
2025/07;GINECOLOGIA/6;1084;12;90.33;0
2023/03;CIRURGIA DE CABEÇA E PESCOÇO/2;273;10;27.3;0
2024/01;OFTALMOLOGIA/OE;24470;362;67.6;0
2026/09;COLOPROCTOLOGIA/2;7036;28;251.29;0
2026/01;CIRURGIA GERAL/4;2413;17;141.94;0
2026/02;OTORRINOLARINGOLOGIA/1;578;3;192.67;0
2025/08;CERFIS/1;350;9;38.89;0
2024/07;BUCOMAXILOFACIAL;20;1;20.0;18
2025/01;ORTOPEDIA/TUMOR;155;6;25.83;0
2025/01;OTORRINOLARINGOLOGIA/NARIZ 2;18;1;18.0;0
2024/02;UROLOGIA/7;1125;4;281.25;0
2023/10;ORTOPEDIA/JOELHO;28;2;14.0;0
2024/06;UROLOGIA/1;647;24;26.96;0
2023/10;CIRURGIA CARDÍACA - ADULTO/CIRURGIA CARDÍACA;176;1;176.0;0
2023/09;OFTALMOLOGIA/OE;26121;401;65.14;0
2025/10;ORTOPEDIA/JOELHO;763;8;95.38;0
2023/06;CIRURGIA VASCULAR/3;122;3;40.67;0
2023/10;ORTOPEDIA/QUADRIL;9077;108;84.05;0
2026/07;CIRURGIA PLÁSTICA/9;653;2;326.5;0
2023/04;ORTOPEDIA/JOELHO;64;4;16.0;0
2024/10;CIRURGIA CARDÍACA - PEDIATRICA/CIRURGIA CARDÍACA;900;8;112.5;0
2023/04;OTORRINOLARINGOLOGIA/NARIZ 1;322;19;16.95;0
2025/02;GINECOLOGIA/3;1040;6;173.33;0
2026/06;GINECOLOGIA/2;182;3;60.67;0
2026/08;ORTOPEDIA/JOELHO;3774;20;188.7;0
2024/02;CIRURGIA CARDÍACA - ADULTO;391;22;17.77;20
2026/08;CIRURGIA GERAL/2;755;11;68.64;0
2026/01;ONCOLOGIA;4967;64;77.61;147
2025/08;PCCO - BARIATRICA;827;32;25.84;31
2023/09;CIRURGIA GERAL/8;7;7;1.0;0
2023/12;UROLOGIA/GERAL;2937;41;71.63;0
2025/02;CIRURGIA PLÁSTICA/1;1197;4;299.25;0
2026/01;CIRURGIA PEDIÁTRICA/1;7535;101;74.6;0
2025/08;UROLOGIA;4388;105;41.79;447
2026/06;BUCOMAXILOFACIAL/ORTOGNÁTICA;1207;18;67.06;0
2024/08;UROLOGIA/2;2350;25;94.0;0
2025/01;COLOPROCTOLOGIA/2;927;8;115.88;0
2025/10;OFTALMOLOGIA/CATARATA OE;738;123;6.0;0
2026/07;ORTOPEDIA/5;1212;1;1212.0;0
2024/03;OFTALMOLOGIA/OE;22294;482;46.25;0
2025/02;OTORRINOLARINGOLOGIA/2;467;9;51.89;0
2025/03;COLOPROCTOLOGIA/3;410;3;136.67;0
2024/09;GINECOLOGIA;20462;548;37.34;583
2024/07;GINECOLOGIA;19008;531;35.8;584
2025/05;CIRURGIA GERAL/6;797;4;199.25;0
2024/01;ORTOPEDIA;11540;493;23.41;1003
2025/09;COLOPROCTOLOGIA/2;221;4;55.25;0
2023/03;CIRURGIA GERAL/10;58;1;58.0;0
2024/11;CIRURGIA PLÁSTICA/1;1151;8;143.88;0
2024/09;CIRURGIA GERAL/4;130;10;13.0;0
2023/01;ORTOPEDIA/REVISÃO QUADRIL;0;5;0.0;0
2023/10;UROLOGIA/5;501;12;41.75;0
2023/12;UROLOGIA/2;2135;31;68.87;0
2024/05;OTORRINOLARINGOLOGIA/OUVIDO 1;505;9;56.11;0
2024/02;ORTOPEDIA/JOELHO (ARTROSCOPIAS);2492;35;71.2;0
2024/07;UROLOGIA/3;1877;22;85.32;0
2025/08;CIRURGIA PEDIÁTRICA/3;156;1;156.0;0
2023/08;ONCOLOGIA/GINECOLOGIA;75;5;15.0;0
2023/06;CIRURGIA PEDIÁTRICA/2;364;4;91.0;0
2023/01;GINECOLOGIA;622;50;12.44;51
2026/09;ONCOLOGIA/DERMATOLOGIA;372;32;11.63;0
2024/12;ORTOPEDIA/QUADRIL;2049;44;46.57;0
2025/02;UROLOGIA/7;1901;7;271.57;0
2025/04;CIRURGIA PLÁSTICA/8;845;5;169.0;0
2023/02;OTORRINOLARINGOLOGIA/OUVIDO 1;68;5;13.6;0
2025/10;CIRURGIA VASCULAR/1;579;4;144.75;0
2024/07;PROGRAMA TRANSEXUALIZADOR;4758;17;279.88;14
2025/11;UROLOGIA/8;1299;14;92.79;0
2023/01;ORTOPEDIA/COTOVELO;15;1;15.0;0
2026/03;CIRURGIA GERAL/6;56;2;28.0;0
2025/09;ORTOPEDIA/RETIRADA DE MATERIAL;2746;40;68.65;0
2025/10;NEUROCIRURGIA/4;894;5;178.8;0
2025/06;ORTOPEDIA/QUADRIL;9286;53;175.21;0
2024/09;ORTOPEDIA/TUMOR;250;6;41.67;0
2025/03;CIRURGIA GERAL/8;0;3;0.0;0
2025/10;CIRURGIA GERAL;51916;1025;50.65;1159
2023/11;CIRURGIA VASCULAR/GERAL;6270;49;127.96;0
2024/09;MASTOLOGIA/4;120;3;40.0;0
2024/05;UROLOGIA/3;1395;14;99.64;0
2023/09;ORTOPEDIA/ARTROPLASTIA;177;1;177.0;0
2025/10;CIRURGIA PLÁSTICA/9;266;2;133.0;0
2026/09;NEUROCIRURGIA;1910;20;95.5;27
2024/02;ORTOPEDIA/GERAL;862;138;6.25;0
2023/02;ODONTOLOGIA PARA PACIENTES COM NECESSIDADES ESPECIAIS;108;8;13.5;5
2025/08;CIRURGIA VASCULAR/1;194;7;27.71;0
2024/05;ONCOLOGIA/GINECOLOGIA;322;11;29.27;0
2024/08;UROLOGIA/7;719;3;239.67;0
2024/01;CIRURGIA GERAL/4;612;9;68.0;0
2024/05;ORTOPEDIA/COTOVELO;16;2;8.0;0
2023/04;MASTOLOGIA/1;0;1;0.0;0
2026/06;CERFIS/2;98;7;14.0;0
2026/05;ORTOPEDIA/10;1470;2;735.0;0
2025/10;ONCOLOGIA/CIRURGIA GERAL;351;23;15.26;0
2023/03;BUCOMAXILOFACIAL/GERAL;173;11;15.73;0
2026/05;CIRURGIA TORÁCICA/4;64;1;64.0;0
2023/08;CIRURGIA VASCULAR/6;510;7;72.86;0
2025/02;ORTOPEDIA/RETIRADA DE MATERIAL;4441;33;134.58;0
2026/09;MASTOLOGIA/2;88;1;88.0;0
2025/12;ORTOPEDIA/RETIRADA DE MATERIAL SÍNTESE;976;37;26.38;0
2026/09;ORTOPEDIA/RETIRADA DE MATERIAL;75928;232;327.28;0
2023/12;MASTOLOGIA/4;19;1;19.0;0
2026/08;ORTOPEDIA/10;1625;3;541.67;0
2026/07;NEUROCIRURGIA/5;4422;8;552.75;0
2026/01;UROLOGIA/2;714;5;142.8;0
2023/11;NEUROCIRURGIA/4;364;7;52.0;0
2024/04;CIRURGIA PLÁSTICA/6;3021;12;251.75;0
2023/06;CIRURGIA VASCULAR;2059;77;26.74;154
2025/05;OFTALMOLOGIA/CATARATA OD;399;120;3.33;0
2026/05;CIRURGIA CARDÍACA - ANGIOPLASTIA;3532;38;92.95;30
2024/04;ORTOPEDIA/COTOVELO;36;5;7.2;0
2024/11;GINECOLOGIA/3;75;2;37.5;0
2023/08;ONCOLOGIA/UROLOGIA;70;6;11.67;0
2024/12;OTORRINOLARINGOLOGIA/LARINGE;870;5;174.0;0
2025/07;OTORRINOLARINGOLOGIA/NARIZ 1;1276;20;63.8;0
2025/12;UROLOGIA/1;7124;53;134.42;0
2023/10;OFTALMOLOGIA/CATARATA OE;391;109;3.59;0
2024/03;PROGRAMA TRANSEXUALIZADOR;394;4;98.5;4
2025/02;UROLOGIA/1;1402;43;32.6;0
2025/12;ORTOPEDIA/JOELHO (ATJ);6045;12;503.75;0
2025/11;GASTROENTEROLOGIA;117;5;23.4;4
2026/06;UROLOGIA/TROCA DE DUPLO J;2546;49;51.96;0
2025/09;CIRURGIA CARDÍACA - ANGIOPLASTIA;657;22;29.86;22
2023/11;OTORRINOLARINGOLOGIA/CAVIDADE ORAL;1796;38;47.26;0
2024/02;CIRURGIA PLÁSTICA/4;109;3;36.33;0
2025/03;CIRURGIA VASCULAR;5422;162;33.47;227
2024/10;ORTOPEDIA/10;1289;3;429.67;0
2024/01;OTORRINOLARINGOLOGIA/3;2805;15;187.0;0
2026/04;CIRURGIA VASCULAR;12423;135;92.02;173
2026/01;CIRURGIA GERAL/7;3506;10;350.6;0
2025/12;ORTOPEDIA/MÃO;6277;53;118.43;0
2023/03;OTORRINOLARINGOLOGIA;451;17;26.53;72
2023/01;ORTOPEDIA/COLUNA (ARTRODESE);0;4;0.0;0
2026/03;CIRURGIA PLÁSTICA/6;1670;7;238.57;0
2025/07;OTORRINOLARINGOLOGIA/2;28;1;28.0;0
2026/04;CIRURGIA PLÁSTICA/3;354;3;118.0;0
2026/07;CIRURGIA VASCULAR/6;489;1;489.0;0
2025/04;CIRURGIA GERAL/GERAL;2331;95;24.54;0
2025/02;CIRURGIA PEDIÁTRICA/1;2217;69;32.13;0
2026/08;OTORRINOLARINGOLOGIA/OUVIDO 2;240;2;120.0;0
2024/03;ORTOPEDIA/5;218;1;218.0;0
2026/05;ORTOPEDIA;50334;686;73.37;1110
2023/11;ORTOPEDIA/4;1985;19;104.47;0
2023/11;DERMATOLOGIA;740;16;46.25;11
2026/05;OFTALMOLOGIA/OD;18076;359;50.35;0
2023/09;GINECOLOGIA/HISTERECTOMIA;1769;19;93.11;0
2026/07;MASTOLOGIA/5;185;3;61.67;0
2024/07;CIRURGIA GERAL;24122;1019;23.67;1215
2026/02;CIRURGIA PEDIÁTRICA/2;1106;7;158.0;0
2025/11;OFTALMOLOGIA/HOSPITALAR - OE;824;9;91.56;0
2025/10;CERFIS/2;197;14;14.07;0
2023/09;ONCOLOGIA/UROLOGIA;71;5;14.2;0
2024/11;OFTALMOLOGIA/CATARATA OE;1039;181;5.74;0
2025/11;CERFIS/1;511;13;39.31;0
2025/12;OFTALMOLOGIA/CATARATA OD;573;122;4.7;0
2026/06;OTORRINOLARINGOLOGIA/NARIZ 1;493;14;35.21;0
2024/10;CIRURGIA GERAL/ESTOMAGO E INTESTINOS;666;36;18.5;0
2025/06;ORTOPEDIA/REVISÃO JOELHO;745;1;745.0;0
2023/08;CIRURGIA VASCULAR/3;684;6;114.0;0
2023/01;UROLOGIA/2;89;31;2.87;0
2023/11;ONCOLOGIA/UROLOGIA;140;12;11.67;0
2023/12;ORTOPEDIA/REVISÃO QUADRIL;0;5;0.0;0
2024/10;CIRURGIA PLÁSTICA/5;1390;4;347.5;0
2025/10;CIRURGIA PEDIÁTRICA;3393;46;73.76;114
2023/03;UROLOGIA/5;195;11;17.73;0
2025/11;CIRURGIA PLÁSTICA/8;661;4;165.25;0
2025/03;ORTOPEDIA/COLUNA (ARTRODESE);523;9;58.11;0
2025/04;OTORRINOLARINGOLOGIA;2878;57;50.49;139
2024/01;PROGRAMA TRANSEXUALIZADOR;627;7;89.57;7
2024/06;GASTROENTEROLOGIA;159;7;22.71;7
2026/08;ORTOPEDIA/QUADRIL;16075;78;206.09;0
2025/02;OFTALMOLOGIA/AMBULATORIAL - OD;7258;207;35.06;0
2026/09;CIRURGIA PLÁSTICA/5;32238;46;700.83;0
2026/04;NEUROCIRURGIA/4;1096;7;156.57;0
2025/10;OTORRINOLARINGOLOGIA/3;1312;5;262.4;0
2025/11;CIRURGIA VASCULAR;12400;167;74.25;244
2024/06;ORTOPEDIA/RETIRADA DE MATERIAL SÍNTESE;1501;23;65.26;0
2024/08;BUCOMAXILOFACIAL;62;5;12.4;19
2025/06;OFTALMOLOGIA/OD;32824;469;69.99;0
2025/02;CARDIOLOGIA;430;7;61.43;7
2026/07;CIRURGIA GERAL/FIGADO E VIAS BILIARES;655;33;19.85;0
2024/06;CIRURGIA CARDÍACA - ADULTO/CIRURGIA CARDÍACA;3502;15;233.47;0
2025/06;BUCOMAXILOFACIAL/ORTOGNÁTICA;608;9;67.56;0
2023/05;CIRURGIA PLÁSTICA/GERAL;48;3;16.0;0
2026/07;ODONTOLOGIA PARA PACIENTES COM NECESSIDADES ESPECIAIS;2903;41;70.8;30
2024/10;MASTOLOGIA/3;638;25;25.52;0
2024/06;CIRURGIA GERAL/GERAL;34;4;8.5;0
2025/03;CIRURGIA CARDÍACA - PEDIATRICA/CIRURGIA CARDÍACA;1428;9;158.67;0
2023/05;GINECOLOGIA/GERAL;87;1;87.0;0
2025/06;OFTALMOLOGIA/AMBULATORIAL - OD;9403;216;43.53;0
2024/01;OTORRINOLARINGOLOGIA/IMPLANTE COCLEAR;328;1;328.0;0
2026/06;ORTOPEDIA/COLUNA (ARTRODESE);2264;13;174.15;0
2026/06;OTORRINOLARINGOLOGIA/4;941;3;313.67;0
2023/09;UROLOGIA/LITIASE;516;7;73.71;0
2025/11;CIRURGIA VASCULAR/4;80;5;16.0;0
2026/03;UROLOGIA/4;1041;7;148.71;0
2023/05;CIRURGIA PEDIÁTRICA;956;25;38.24;52
2023/04;OTORRINOLARINGOLOGIA/1;107;6;17.83;0
2025/11;CERFIS/2;577;20;28.85;0
2023/04;NEUROCIRURGIA/2;244;7;34.86;0
2025/08;CIRURGIA CARDÍACA - ADULTO;394;5;78.8;5
2024/06;ORTOPEDIA/6;569;3;189.67;0
2023/12;OTORRINOLARINGOLOGIA/2;583;10;58.3;0
2024/08;ONCOLOGIA/MASTOLOGIA;331;9;36.78;0
2026/09;ORTOPEDIA/PÉ/TORNOZELO;70734;214;330.53;0
2023/10;OFTALMOLOGIA/OD;17222;332;51.87;0
2024/12;ORTOPEDIA/10;1776;4;444.0;0
2024/12;ORTOPEDIA/RETIRADA DE MATERIAL;821;4;205.25;0
2023/06;PCCO - BARIATRICA;657;24;27.38;24
2026/08;CIRURGIA VASCULAR/GERAL;3582;72;49.75;0
2025/07;NEUROCIRURGIA/3;1002;5;200.4;0
2025/02;ORTOPEDIA/8;4203;9;467.0;0
2023/05;CIRURGIA GERAL/PAREDE E CAVIDADE ABDOMINAL;3940;67;58.81;0
2026/06;ORTOPEDIA/TUMOR;239;8;29.88;0
2024/09;UROLOGIA/4;101;2;50.5;0
2025/01;CIRURGIA VASCULAR/GERAL;14215;63;225.63;0
2026/03;MASTOLOGIA;735;14;52.5;38
2024/05;CIRURGIA PLÁSTICA/9;423;3;141.0;0
2025/03;MASTOLOGIA/1;8;2;4.0;0
2026/07;GINECOLOGIA/9;176;1;176.0;0
2023/05;CIRURGIA GERAL/3;1516;68;22.29;0
2025/12;CIRURGIA PLÁSTICA/10;1905;5;381.0;0
2023/05;CIRURGIA VASCULAR/GERAL;2707;48;56.4;0
2024/11;COLOPROCTOLOGIA;616;17;36.24;46
2025/04;CIRURGIA GERAL/1;29;1;29.0;0
2026/06;COLOPROCTOLOGIA/1;1992;42;47.43;0
2023/04;ORTOPEDIA/COLUNA (DEFORMIDADES);0;1;0.0;0
2025/06;ONCOLOGIA/COLOPROCTOLOGIA;92;4;23.0;0
2025/11;ONCOLOGIA/APARELHO DIGESTIVO;81;3;27.0;0
2024/03;CIRURGIA TORÁCICA/3;343;2;171.5;0
2025/01;ORTOPEDIA/COLUNA (ARTRODESE);298;7;42.57;0
2024/01;ORTOPEDIA/REVISÃO JOELHO;60;1;60.0;0
2024/04;CIRURGIA VASCULAR/6;692;5;138.4;0
2025/07;UROLOGIA/2;988;8;123.5;0
2023/11;ORTOPEDIA/FIXADOR EXTERNO;747;24;31.13;0
2023/11;UROLOGIA/5;889;9;98.78;0
2025/06;CIRURGIA DE CABEÇA E PESCOÇO/2;1545;5;309.0;0
2025/10;CIRURGIA PLÁSTICA/1;1110;8;138.75;0
2026/08;ORTOPEDIA/OMBRO;13231;93;142.27;0
2024/01;CIRURGIA PEDIÁTRICA;613;29;21.14;162
2025/07;ORTOPEDIA/3;208;6;34.67;0
2024/09;OTORRINOLARINGOLOGIA/NARIZ 2;143;4;35.75;0
2023/02;CIRURGIA PEDIÁTRICA;12;1;12.0;20
2023/02;OFTALMOLOGIA/OD;6189;388;15.95;0
2025/06;CIRURGIA PLÁSTICA/10;2284;4;571.0;0
2024/08;PROGRAMA TRANSEXUALIZADOR;2801;11;254.64;8
2024/06;CIRURGIA DE CABEÇA E PESCOÇO/2;703;7;100.43;0
2025/12;CERFIS/2;320;11;29.09;0
2023/03;OFTALMOLOGIA/CATARATA OD;127;145;0.88;0
2025/10;ORTOPEDIA/PLEXO BRAQUIAL;178;1;178.0;0
2026/07;ORTOPEDIA/JOELHO (ARTROSCOPIAS);3663;38;96.39;0
2023/12;UROLOGIA/3;800;14;57.14;0
2024/06;CIRURGIA GERAL;21823;875;24.94;994
2025/11;BUCOMAXILOFACIAL/GERAL;866;14;61.86;0
2023/05;ORTOPEDIA/4;111;4;27.75;0
2023/12;UROLOGIA;7220;163;44.29;401
2024/04;ONCOLOGIA/CIRURGIA GERAL;419;18;23.28;0
2025/03;CIRURGIA VASCULAR/7;72;1;72.0;0
2025/01;DERMATOLOGIA;391;16;24.44;13
2024/10;ORTOPEDIA/9;173;3;57.67;0
2026/06;OTORRINOLARINGOLOGIA/OUVIDO 3;199;4;49.75;0
2025/10;ORTOPEDIA/11;675;1;675.0;0
2024/09;ORTOPEDIA/COLUNA (DEFORMIDADES);990;3;330.0;0
2025/02;CIRURGIA GERAL/ESTOMAGO E INTESTINOS;291;35;8.31;0
2024/10;ORTOPEDIA/COLUNA (ARTRODESE);626;10;62.6;0
2024/03;OTORRINOLARINGOLOGIA/2;187;4;46.75;0
2025/11;ORTOPEDIA/QUADRIL PEDIÁTRICA;1043;4;260.75;0
2023/05;ORTOPEDIA/COLUNA (DEFORMIDADES);205;2;102.5;0
2025/10;ORTOPEDIA/RETIRADA;364;3;121.33;0
2023/06;OTORRINOLARINGOLOGIA/NARIZ 1;241;7;34.43;0
2025/09;ORTOPEDIA/QUADRIL;19291;79;244.19;0
2023/04;ORTOPEDIA;9126;529;17.25;1040
2023/02;CIRURGIA VASCULAR/1;0;18;0.0;0
2025/06;MASTOLOGIA/4;24;1;24.0;0
2023/10;CIRURGIA GERAL/GERAL;184;1;184.0;0
2024/11;ONCOLOGIA/CIRURGIA GERAL;381;17;22.41;0
2024/11;CIRURGIA PLÁSTICA/9;91;2;45.5;0
2024/05;ORTOPEDIA;12501;600;20.84;1142
2024/09;COLOPROCTOLOGIA;318;8;39.75;36
2023/04;CIRURGIA VASCULAR/4;125;10;12.5;0
2024/04;UROLOGIA/2;4400;38;115.79;0
2025/06;CIRURGIA PEDIÁTRICA/1;2417;56;43.16;0
2023/08;UROLOGIA;3659;148;24.72;400
2025/12;OTORRINOLARINGOLOGIA/5;2467;3;822.33;0
2025/10;OTORRINOLARINGOLOGIA/NARIZ 1;575;22;26.14;0
2023/08;CIRURGIA VASCULAR/2;83;4;20.75;0
2023/02;CIRURGIA VASCULAR/GERAL;523;23;22.74;0
2025/09;CIRURGIA CARDÍACA - ADULTO/CIRURGIA CARDÍACA;4437;9;493.0;0
2023/02;ORTOPEDIA/COLUNA (DEFORMIDADES);0;1;0.0;0
2025/02;ORTOPEDIA/PEDIÁTRICA GERAL;6486;31;209.23;0
2026/08;ORTOPEDIA/COLUNA (ARTRODESE);1001;6;166.83;0
2024/04;OTORRINOLARINGOLOGIA/LARINGE;883;5;176.6;0
2024/06;GINECOLOGIA/1;73;3;24.33;0
2025/08;UROLOGIA/GERAL;12624;142;88.9;0
2023/01;UROLOGIA/4;28;1;28.0;0
2026/07;CIRURGIA GERAL/GERAL;2852;168;16.98;0
2023/08;CIRURGIA CARDÍACA - ANGIOPLASTIA;988;15;65.87;15
2023/07;ORTOPEDIA/RETIRADA;96;6;16.0;0
2025/05;ONCOLOGIA/DERMATOLOGIA;504;48;10.5;0
2026/07;UROLOGIA/1;10072;75;134.29;0
2026/07;OTORRINOLARINGOLOGIA/CIRURGIAS PLÁSTICAS;39;3;13.0;0
2025/05;ORTOPEDIA/COLUNA (DEFORMIDADES);1516;4;379.0;0
2023/01;CIRURGIA CARDÍACA - ADULTO/MARCAPASSO;5;2;2.5;0
2024/01;COLOPROCTOLOGIA/1;546;18;30.33;0
2026/05;GINECOLOGIA/6;585;8;73.13;0
2026/08;CIRURGIA PEDIÁTRICA;5101;37;137.86;112
2026/03;ORTOPEDIA/REVISÃO QUADRIL;1548;2;774.0;0
2024/11;CIRURGIA VASCULAR/GERAL;8721;65;134.17;0
2025/07;MASTOLOGIA/4;41;1;41.0;0
2024/08;ORTOPEDIA/1;914;74;12.35;0
2024/01;ORTOPEDIA/COLUNA (DEFORMIDADES);19;1;19.0;0
2024/05;CIRURGIA PLÁSTICA/4;277;5;55.4;0
2023/09;ORTOPEDIA/5;41;3;13.67;0
2025/11;MASTOLOGIA/5;295;5;59.0;0
2024/07;CIRURGIA VASCULAR/GERAL;12926;84;153.88;0
2025/11;ORTOPEDIA/7;3593;7;513.29;0
2023/04;CIRURGIA PLÁSTICA/GERAL;55;3;18.33;0
2025/01;ONCOLOGIA/DERMATOLOGIA;4952;64;77.38;0
2026/06;ONCOLOGIA/GINECOLOGIA;100;7;14.29;0
2025/04;ORTOPEDIA/RETIRADA DE MATERIAL;1178;31;38.0;0
2023/09;NEUROCIRURGIA;181;5;36.2;20
2025/06;NEUROCIRURGIA;378;4;94.5;20
2024/10;CIRURGIA PEDIÁTRICA;444;24;18.5;99
2024/05;ORTOPEDIA/RETIRADA;3650;34;107.35;0
2023/04;CERFIS/1;414;15;27.6;0
2024/10;GINECOLOGIA/1;17;1;17.0;0
2026/08;OFTALMOLOGIA/OD;24901;380;65.53;0
2024/04;UROLOGIA/3;1559;12;129.92;0
2023/03;ONCOLOGIA/UROLOGIA;171;6;28.5;0
2024/07;OFTALMOLOGIA/CATARATA OD;531;124;4.28;0
2024/04;ORTOPEDIA/JOELHO (ATJ);259;4;64.75;0
2025/07;DERMATOLOGIA;223;11;20.27;11
2025/11;ORTOPEDIA/QUADRIL;7991;52;153.67;0
2023/11;OFTALMOLOGIA/OE;14751;295;50.0;0
2025/06;OFTALMOLOGIA/AO;1516;11;137.82;0
2026/06;COLOPROCTOLOGIA/2;96;1;96.0;0
2026/08;ORTOPEDIA/4;1222;14;87.29;0
2026/04;UROLOGIA/2;714;7;102.0;0
2024/05;CIRURGIA PLÁSTICA/5;943;4;235.75;0
2023/12;GINECOLOGIA/5;194;3;64.67;0
2024/08;ONCOLOGIA/DERMATOLOGIA;707;18;39.28;0
2024/02;MASTOLOGIA/4;143;3;47.67;0
2026/08;PCCO - BARIATRICA;2261;36;62.81;35
2025/06;ONCOLOGIA/APARELHO DIGESTIVO;12;1;12.0;0
2024/09;CIRURGIA VASCULAR/7;582;3;194.0;0
2025/01;ORTOPEDIA/FIXADOR EXTERNO;1236;16;77.25;0
2026/08;CIRURGIA VASCULAR/7;636;3;212.0;0
2023/08;ORTOPEDIA/7;414;4;103.5;0
2025/12;UROLOGIA/RETIRADA DE DUPLO J;1551;107;14.5;0
2026/07;CIRURGIA VASCULAR/7;719;3;239.67;0
2026/09;CIRURGIA VASCULAR/7;55375;94;589.1;0
2026/04;CERFIS/1;36;2;18.0;0
2025/09;ORTOPEDIA/FIXADOR EXTERNO;1905;43;44.3;0
2026/08;CIRURGIA DE CABEÇA E PESCOÇO/1;520;3;173.33;0
2026/03;BUCOMAXILOFACIAL/ORTOGNÁTICA;473;7;67.57;0
2026/01;NEUROCIRURGIA/4;556;3;185.33;0
2025/09;BUCOMAXILOFACIAL;26;7;3.71;25
2023/02;OFTALMOLOGIA/CATARATA OE;270;54;5.0;0
2023/09;BUCOMAXILOFACIAL/ORTOGNÁTICA;120;4;30.0;0
2023/06;CIRURGIA GERAL/6;68;5;13.6;0
2025/02;ORTOPEDIA/QUADRIL;1135;40;28.38;0
2023/03;CIRURGIA PLÁSTICA/GERAL;11;2;5.5;0
2023/11;MASTOLOGIA;276;6;46.0;31
2025/05;OFTALMOLOGIA/OD;15399;370;41.62;0
2026/02;ONCOLOGIA/MASTOLOGIA;50;3;16.67;0
2026/04;CIRURGIA CARDÍACA - ADULTO/MARCAPASSO;156;6;26.0;0
2025/04;COLOPROCTOLOGIA;1895;21;90.24;57
2023/08;CIRURGIA TORÁCICA/6;0;1;0.0;0
2024/12;CIRURGIA PEDIÁTRICA/1;2894;73;39.64;0
2024/08;OTORRINOLARINGOLOGIA/NARIZ 1;411;14;29.36;0
2024/12;ORTOPEDIA/RETIRADA DE MATERIAL SÍNTESE;240;24;10.0;0
2024/03;CIRURGIA GERAL/4;343;12;28.58;0
2025/03;PROGRAMA TRANSEXUALIZADOR/CIRURGIA PLÁSTICA;570;7;81.43;0
2026/07;ONCOLOGIA/UROLOGIA;113;10;11.3;0
2023/11;CIRURGIA DE CABEÇA E PESCOÇO/3;66;1;66.0;0
2025/07;OTORRINOLARINGOLOGIA/LARINGE;119;2;59.5;0
2026/09;MASTOLOGIA/5;929;17;54.65;0
2023/02;BUCOMAXILOFACIAL;4;1;4.0;7
2024/02;GINECOLOGIA;16071;523;30.73;500
2025/05;GINECOLOGIA/8;16;1;16.0;0
2024/05;DERMATOLOGIA;140;11;12.73;11
2026/09;ORTOPEDIA/5;71502;120;595.85;0
2024/10;CERFIS/2;775;12;64.58;0
2025/09;OTORRINOLARINGOLOGIA/CAVIDADE ORAL;1614;40;40.35;0
2024/08;OFTALMOLOGIA/HOSPITALAR - OE;282;25;11.28;0
2025/05;CARDIOLOGIA;109;5;21.8;5
2026/07;CERFIS/2;39;3;13.0;0
2023/10;ONCOLOGIA/CIRURGIA GERAL;309;27;11.44;0
2025/11;ORTOPEDIA;59378;776;76.52;1213
2024/02;NEUROCIRURGIA/3;162;2;81.0;0
2025/06;ORTOPEDIA/COLUNA (BLOQUEIOS);64;2;32.0;0
2025/12;UROLOGIA/8;1947;13;149.77;0
2025/03;OFTALMOLOGIA/AO;1155;23;50.22;0
2026/08;GINECOLOGIA/4;33;1;33.0;0
2025/01;UROLOGIA/2;590;10;59.0;0
2023/02;CIRURGIA VASCULAR/3;0;1;0.0;0
2024/04;ORTOPEDIA/QUADRIL;3991;131;30.47;0
2024/01;CIRURGIA GERAL/5;305;4;76.25;0
2023/08;MASTOLOGIA/5;590;7;84.29;0
2026/05;ORTOPEDIA/4;2920;16;182.5;0
2026/01;CIRURGIA GERAL/6;374;4;93.5;0
2024/07;CIRURGIA PLÁSTICA/6;1985;8;248.13;0
2026/03;MASTOLOGIA/4;19;1;19.0;0
2023/11;CIRURGIA GERAL/ESTOMAGO E INTESTINOS;234;43;5.44;0
2026/08;BUCOMAXILOFACIAL;210;8;26.25;39
2026/03;NEUROCIRURGIA/4;1331;3;443.67;0
2024/02;GINECOLOGIA/1;226;3;75.33;0
2026/09;ORTOPEDIA/RETIRADA DE MATERIAL SÍNTESE;2686;47;57.15;0
2026/04;OFTALMOLOGIA/OD;19702;490;40.21;0
2026/04;UROLOGIA/4;337;6;56.17;0
2026/03;CIRURGIA CARDÍACA - ADULTO/CIRURGIA CARDÍACA;1669;10;166.9;0
2026/06;ORTOPEDIA/COLUNA (BLOQUEIOS);648;50;12.96;0
2024/02;COLOPROCTOLOGIA;2141;22;97.32;57
2023/10;ORTOPEDIA/TUMOR;225;6;37.5;0
2024/04;BUCOMAXILOFACIAL/ORTOGNÁTICA;518;8;64.75;0
2025/11;CIRURGIA GERAL/6;171;3;57.0;0
2024/03;ORTOPEDIA/COLUNA (DEFORMIDADES);278;1;278.0;0
2025/03;CIRURGIA PLÁSTICA/9;64;1;64.0;0
2025/12;OFTALMOLOGIA/AO;2779;30;92.63;0
2024/04;ORTOPEDIA/RETIRADA DE MATERIAL SÍNTESE;121;9;13.44;0
2025/07;ONCOLOGIA/UROLOGIA;538;13;41.38;0
2025/05;CIRURGIA VASCULAR/2;41;3;13.67;0
2025/04;OTORRINOLARINGOLOGIA/NARIZ 1;387;12;32.25;0
2026/03;ORTOPEDIA/TUMOR;80;5;16.0;0
2026/02;UROLOGIA;4369;82;53.28;464
2024/05;GINECOLOGIA;18041;586;30.79;587
2024/11;PROGRAMA TRANSEXUALIZADOR;1244;7;177.71;6
2024/10;CIRURGIA TORÁCICA/4;522;2;261.0;0
2025/09;GINECOLOGIA/5;232;1;232.0;0
2024/08;ORTOPEDIA/JOELHO (ARTROSCOPIAS);10512;59;178.17;0
2024/10;CIRURGIA GERAL/8;49;6;8.17;0
2024/09;PROGRAMA TRANSEXUALIZADOR;2323;12;193.58;9
2025/06;PROGRAMA TRANSEXUALIZADOR/OTORRINOLARINGOLOGIA;21;1;21.0;0
2025/07;UROLOGIA;4478;95;47.14;500
2023/09;CIRURGIA VASCULAR/6;275;9;30.56;0
2024/09;ONCOLOGIA/GINECOLOGIA;323;15;21.53;0
2023/03;CIRURGIA VASCULAR/6;0;1;0.0;0
2026/02;CIRURGIA GERAL/PAREDE E CAVIDADE ABDOMINAL;1399;29;48.24;0
2026/02;ORTOPEDIA;69426;689;100.76;1025
2025/01;CIRURGIA VASCULAR/6;186;5;37.2;0
2023/08;ORTOPEDIA/TUMOR;403;12;33.58;0
2023/05;CIRURGIA CARDÍACA - PEDIATRICA/CIRURGIA CARDÍACA;122;4;30.5;0
2024/11;CIRURGIA PLÁSTICA/10;4495;8;561.88;0
2025/02;ONCOLOGIA/DERMATOLOGIA;3713;60;61.88;0
2024/04;CIRURGIA PEDIÁTRICA;870;28;31.07;144
2024/08;ORTOPEDIA/4;948;9;105.33;0
2026/05;CIRURGIA CARDÍACA - ADULTO/MARCAPASSO;80;3;26.67;0
2024/06;ONCOLOGIA/CIRURGIA GERAL;731;24;30.46;0
2025/07;ORTOPEDIA/COLUNA (ARTRODESE);1561;15;104.07;0
2026/09;ORTOPEDIA/REVISÃO QUADRIL;174230;272;640.55;0
2024/02;ORTOPEDIA/2;111;17;6.53;0
2025/05;UROLOGIA/5;693;7;99.0;0
2024/09;CIRURGIA VASCULAR/GERAL;9353;64;146.14;0
2025/12;ONCOLOGIA/COLOPROCTOLOGIA;306;9;34.0;0
2025/08;UROLOGIA/1;2184;39;56.0;0
2024/04;ORTOPEDIA/GERAL;964;42;22.95;0
2023/04;ORTOPEDIA/TUMOR;193;7;27.57;0
2025/04;PROGRAMA TRANSEXUALIZADOR/OTORRINOLARINGOLOGIA;231;1;231.0;0
2026/03;ONCOLOGIA/GINECOLOGIA;101;11;9.18;0
2025/08;ORTOPEDIA/10;1612;4;403.0;0
2023/11;ONCOLOGIA/MASTOLOGIA;84;4;21.0;0
2023/05;ORTOPEDIA/MÃO;559;43;13.0;0
2024/05;ORTOPEDIA/COLUNA (ARTRODESE);626;17;36.82;0
2024/07;CIRURGIA CARDÍACA - PEDIATRICA/HEMODINÂMICA;283;5;56.6;0
2025/07;ORTOPEDIA/7;445;3;148.33;0
2026/06;ORTOPEDIA/MÃO E PUNHO;69;2;34.5;0
2026/09;MASTOLOGIA/4;78;3;26.0;0
2026/06;ONCOLOGIA PEDIATRICA;169;21;8.05;19
2023/05;CIRURGIA CARDÍACA - ADULTO/GERAL;273;4;68.25;0
2026/01;CIRURGIA VASCULAR/7;334;1;334.0;0
2026/03;MASTOLOGIA/3;495;19;26.05;0
2025/12;PCCO - BARIATRICA;743;24;30.96;21
2026/05;CIRURGIA TORÁCICA;1063;6;177.17;11
2024/10;ORTOPEDIA/4;588;13;45.23;0
2023/08;DERMATOLOGIA;700;20;35.0;18
2025/10;ONCOLOGIA/DERMATOLOGIA;612;33;18.55;0
2025/06;UROLOGIA/1;1250;26;48.08;0
2024/05;ORTOPEDIA/3;0;1;0.0;0
2023/03;CIRURGIA VASCULAR/1;0;13;0.0;0
2024/06;ORTOPEDIA/COLUNA (DEFORMIDADES);2;1;2.0;0
2024/12;GINECOLOGIA/6;2591;10;259.1;0
2025/03;GINECOLOGIA/6;2661;7;380.14;0
2026/08;CIRURGIA CARDÍACA - PEDIATRICA/CIRURGIA CARDÍACA;154;3;51.33;0
2025/03;CIRURGIA VASCULAR/6;93;1;93.0;0
2024/02;UROLOGIA/TRANSPLANTE RENAL 1;3;4;0.75;0
2024/07;OFTALMOLOGIA/AO;296;21;14.1;0
2026/02;ORTOPEDIA/12;78;1;78.0;0
2023/06;GINECOLOGIA/5;70;1;70.0;0
2025/07;OTORRINOLARINGOLOGIA/OUVIDO 3;479;5;95.8;0
2025/03;ONCOLOGIA/MASTOLOGIA;257;8;32.13;0
2025/05;CIRURGIA CARDÍACA - PEDIATRICA/CIRURGIA CARDÍACA;991;10;99.1;0
2023/11;OTORRINOLARINGOLOGIA/CIRURGIAS PLÁSTICAS;612;10;61.2;0
2024/03;OTORRINOLARINGOLOGIA/LARINGE;1097;5;219.4;0
2026/03;CIRURGIA VASCULAR/6;48;2;24.0;0
2025/08;CIRURGIA GERAL/7;512;11;46.55;0
2024/04;CIRURGIA PEDIÁTRICA/3;1796;9;199.56;0
2024/05;ORTOPEDIA/MÃO;9694;74;131.0;0
2025/09;ORTOPEDIA/5;945;1;945.0;0
2026/05;CIRURGIA PEDIÁTRICA/3;628;4;157.0;0
2023/12;ORTOPEDIA/COLUNA (BLOQUEIOS);468;6;78.0;0
2026/05;GINECOLOGIA;25797;349;73.92;366
2023/11;OTORRINOLARINGOLOGIA/2;610;8;76.25;0
2025/05;ONCOLOGIA/COLOPROCTOLOGIA;69;5;13.8;0
2026/01;ORTOPEDIA/MÃO;2519;38;66.29;0
2023/01;MASTOLOGIA/3;45;6;7.5;0
2025/10;CIRURGIA CARDÍACA - ANGIOPLASTIA;233;5;46.6;5
2024/03;ORTOPEDIA/REVISÃO QUADRIL;237;5;47.4;0
2023/01;ONCOLOGIA/CIRURGIA GERAL;136;18;7.56;0
2024/10;NEUROCIRURGIA/2;75;2;37.5;0
2023/11;ORTOPEDIA/JOELHO (ATJ);434;2;217.0;0
2023/08;UROLOGIA/GERAL;3667;55;66.67;0
2024/01;OTORRINOLARINGOLOGIA/1;231;6;38.5;0
2024/08;ORTOPEDIA/2;1016;22;46.18;0
2025/03;UROLOGIA/5;810;10;81.0;0
2023/01;ORTOPEDIA/3;15;1;15.0;0
2025/10;CIRURGIA VASCULAR/7;1055;4;263.75;0
2023/05;ORTOPEDIA/REVISÃO QUADRIL;33;6;5.5;0
2025/10;ORTOPEDIA/RETIRADA DE MATERIAL SÍNTESE;911;29;31.41;0
2024/03;OFTALMOLOGIA/OD;21021;565;37.21;0
2025/11;GINECOLOGIA/8;99;1;99.0;0
2025/10;ORTOPEDIA/COLUNA (BLOQUEIOS);224;5;44.8;0
2025/11;ORTOPEDIA/10;2309;4;577.25;0
2025/11;ONCOLOGIA/COLOPROCTOLOGIA;94;5;18.8;0
2024/06;ORTOPEDIA/TUMOR;209;6;34.83;0
2026/07;MASTOLOGIA;94;3;31.33;24
2024/08;CIRURGIA VASCULAR/GERAL;10644;81;131.41;0
2023/10;OTORRINOLARINGOLOGIA/CIRURGIAS PLÁSTICAS;213;8;26.63;0
2025/06;GINECOLOGIA;27913;378;73.84;403
2023/01;UROLOGIA/7;8;1;8.0;0
2023/07;CIRURGIA CARDÍACA - ADULTO/GERAL;539;3;179.67;0
2024/02;CIRURGIA PLÁSTICA/GERAL;222;1;222.0;0
2025/05;CIRURGIA PLÁSTICA/9;286;2;143.0;0
2025/11;GINECOLOGIA/2;308;3;102.67;0
2023/10;ONCOLOGIA/MASTOLOGIA;74;6;12.33;0
2026/07;CIRURGIA PEDIÁTRICA;4972;39;127.49;115
2023/02;CIRURGIA GERAL/ESTOMAGO E INTESTINOS;153;28;5.46;0
2023/02;DERMATOLOGIA;96;7;13.71;7
2026/04;GINECOLOGIA/GERAL;1452;43;33.77;0
2023/07;ODONTOLOGIA PARA PACIENTES COM NECESSIDADES ESPECIAIS;1377;22;62.59;18
2024/05;OTORRINOLARINGOLOGIA/LARINGE;782;5;156.4;0
2024/08;GINECOLOGIA/MUTIRÃO;1484;37;40.11;0
2025/04;GINECOLOGIA/2;295;5;59.0;0
2023/06;ORTOPEDIA/4;411;6;68.5;0
2025/06;OFTALMOLOGIA/HOSPITALAR - OE;694;10;69.4;0
2024/02;CIRURGIA GERAL/1;385;4;96.25;0
2023/05;CIRURGIA PLÁSTICA/1;0;2;0.0;0
2023/02;OFTALMOLOGIA/PTERIGIO OD;166;40;4.15;0
2026/01;OTORRINOLARINGOLOGIA/OUVIDO 3;442;4;110.5;0
2024/02;ORTOPEDIA/4;777;5;155.4;0
2025/07;ORTOPEDIA/QUADRIL;10896;68;160.24;0
2026/07;CIRURGIA VASCULAR/4;387;2;193.5;0
2026/07;CIRURGIA PLÁSTICA/8;360;2;180.0;0
2025/06;NEUROCIRURGIA/5;745;1;745.0;0
2026/02;ORTOPEDIA/COLUNA (ARTRODESE);2627;12;218.92;0
2023/10;CIRURGIA TORÁCICA;234;6;39.0;12
2023/07;NEUROCIRURGIA/3;103;4;25.75;0
2024/12;MASTOLOGIA/3;419;21;19.95;0
2023/12;CIRURGIA PLÁSTICA/8;558;5;111.6;0
2025/04;ORTOPEDIA/2;300;23;13.04;0
2024/11;CIRURGIA PEDIÁTRICA/1;3093;75;41.24;0
2024/11;OTORRINOLARINGOLOGIA/OUVIDO 2;871;4;217.75;0
2023/07;CIRURGIA DE CABEÇA E PESCOÇO/1;20;1;20.0;0
2025/02;ONCOLOGIA/CIRURGIA GERAL;314;11;28.55;0
2023/02;UROLOGIA/4;11;1;11.0;0
2024/06;GINECOLOGIA/3;649;5;129.8;0
2026/09;UROLOGIA/RETIRADA DE DUPLO J;4710;134;35.15;0
2023/07;OFTALMOLOGIA/OE;5871;235;24.98;0
2025/01;COLOPROCTOLOGIA;639;10;63.9;47
2023/11;CIRURGIA CARDÍACA - PEDIATRICA/CIRURGIA CARDÍACA;469;5;93.8;0
2023/08;ORTOPEDIA/RETIRADA;412;9;45.78;0
2025/05;ONCOLOGIA/GINECOLOGIA;362;13;27.85;0
2023/05;ONCOLOGIA;263;13;20.23;49
2023/03;ORTOPEDIA/6;0;1;0.0;0
2025/08;GINECOLOGIA/3;469;6;78.17;0
2024/06;ORTOPEDIA;8309;510;16.29;905
2025/04;ORTOPEDIA;33230;553;60.09;1034
2024/06;CIRURGIA PLÁSTICA/6;2027;12;168.92;0
2024/07;ORTOPEDIA/QUADRIL;2881;67;43.0;0
2023/08;CIRURGIA GERAL/GERAL;89;2;44.5;0
2025/10;ORTOPEDIA/MÃO;19179;103;186.2;0
2023/11;MASTOLOGIA/5;111;2;55.5;0
2023/11;UROLOGIA/RETIRADA;2104;77;27.32;0
2026/07;GINECOLOGIA/6;831;15;55.4;0
2026/06;CIRURGIA GERAL/7;1463;4;365.75;0
2026/08;ORTOPEDIA/PÉ E TORNOZELO;18;3;6.0;0
2025/09;NEUROCIRURGIA/1;1097;7;156.71;0
2025/01;GINECOLOGIA/GERAL;5473;31;176.55;0
2024/07;PCCO - BARIATRICA;877;26;33.73;25
2023/08;GINECOLOGIA/9;153;1;153.0;0
2025/05;CIRURGIA GERAL/10;348;3;116.0;0
2023/07;MASTOLOGIA;71;2;35.5;18
2026/07;UROLOGIA/RETIRADA DE DUPLO J;2819;155;18.19;0
2024/02;NEUROCIRURGIA/2;265;4;66.25;0
2024/09;OFTALMOLOGIA/OD;21844;428;51.04;0
2026/03;ORTOPEDIA/QUADRIL PEDIÁTRICA;1271;3;423.67;0
2025/10;MASTOLOGIA;340;8;42.5;25
2026/02;ONCOLOGIA/GINECOLOGIA;132;10;13.2;0
2023/07;CIRURGIA VASCULAR/7;145;2;72.5;0
2025/04;ORTOPEDIA/1;354;68;5.21;0
2025/12;OFTALMOLOGIA/OE;25171;359;70.11;0
2023/12;CIRURGIA PEDIÁTRICA/2;2280;27;84.44;0
2024/06;CIRURGIA VASCULAR/5;0;1;0.0;0
2026/08;UROLOGIA/2;1097;9;121.89;0
2026/01;CIRURGIA VASCULAR/1;93;6;15.5;0
2026/06;ONCOLOGIA/UROLOGIA;92;9;10.22;0
2024/07;OFTALMOLOGIA/AMBULATORIAL - OE;1155;221;5.23;0
2024/08;ORTOPEDIA;16169;602;26.86;917
2026/02;OFTALMOLOGIA/AO;5913;44;134.39;0
2024/05;NEUROCIRURGIA/2;31;2;15.5;0
2025/02;CIRURGIA DE CABEÇA E PESCOÇO/1;757;2;378.5;0
2024/11;OFTALMOLOGIA/OD;12281;368;33.37;0
2023/08;OFTALMOLOGIA/OD;10018;271;36.97;0
2024/06;UROLOGIA/6;831;4;207.75;0
2023/05;CIRURGIA GERAL/5;59;7;8.43;0
2025/03;CIRURGIA GERAL/GERAL;2431;96;25.32;0
2023/03;CIRURGIA VASCULAR;3172;113;28.07;166
2025/07;PCCO - BARIATRICA;903;29;31.14;26
2026/09;OTORRINOLARINGOLOGIA/OUVIDO 2;2356;8;294.5;0
2026/03;ORTOPEDIA/3;12;1;12.0;0
2023/04;GINECOLOGIA/1;33;2;16.5;0
2024/09;ONCOLOGIA/UROLOGIA;123;11;11.18;0
2024/07;CIRURGIA VASCULAR/3;2349;18;130.5;0
2025/10;OFTALMOLOGIA/AMBULATORIAL - OD;18315;261;70.17;0
2025/04;OTORRINOLARINGOLOGIA/OUVIDO 1;178;5;35.6;0
2024/04;CIRURGIA PEDIÁTRICA/1;2568;107;24.0;0
2025/08;GINECOLOGIA/4;662;1;662.0;0
2025/07;OFTALMOLOGIA/AMBULATORIAL - OD;13365;248;53.89;0
2023/10;CIRURGIA VASCULAR/3;871;5;174.2;0
2023/09;CIRURGIA PLÁSTICA/10;394;7;56.29;0
2025/08;OTORRINOLARINGOLOGIA/3;295;3;98.33;0
2026/03;ORTOPEDIA/FIXADOR EXTERNO;1144;11;104.0;0
2026/07;OTORRINOLARINGOLOGIA/3;2392;9;265.78;0
2023/12;CIRURGIA CARDÍACA - PEDIATRICA/CIRURGIA CARDÍACA;123;2;61.5;0
2024/09;ORTOPEDIA/REVISÃO QUADRIL;746;3;248.67;0
2023/11;CIRURGIA GERAL/3;2108;40;52.7;0
2025/05;ORTOPEDIA/PÉ/TORNOZELO;1367;36;37.97;0
2023/07;UROLOGIA/3;606;25;24.24;0
2026/06;OTORRINOLARINGOLOGIA/7;104;1;104.0;0
2023/12;CIRURGIA PEDIÁTRICA/3;115;2;57.5;0
2024/09;CIRURGIA GERAL/PAREDE E CAVIDADE ABDOMINAL;735;18;40.83;0
2023/09;CIRURGIA TORÁCICA/1;216;1;216.0;0
2026/04;NEUROCIRURGIA/1;1011;10;101.1;0
2025/02;OTORRINOLARINGOLOGIA/NARIZ 2;106;9;11.78;0
2024/08;MASTOLOGIA/5;108;3;36.0;0
2023/11;ORTOPEDIA;13246;575;23.04;1113
2024/06;UROLOGIA;7675;245;31.33;406
2024/11;OTORRINOLARINGOLOGIA/2;180;3;60.0;0
2026/09;CIRURGIA GERAL/FIGADO E VIAS BILIARES;3594;119;30.2;0
2024/03;UROLOGIA/4;205;4;51.25;0
2024/09;CIRURGIA GERAL/FIGADO E VIAS BILIARES;7660;39;196.41;0
2025/08;OFTALMOLOGIA/HOSPITALAR - OD;1734;11;157.64;0
2025/02;OTORRINOLARINGOLOGIA/CAVIDADE ORAL;312;18;17.33;0
2023/11;ORTOPEDIA/OMBRO;4842;88;55.02;0
2026/02;NEUROCIRURGIA/2;1902;7;271.71;0
2025/10;GINECOLOGIA/1;89;1;89.0;0
2024/08;CIRURGIA TORÁCICA/1;54;1;54.0;0
2025/03;CIRURGIA GERAL/4;106;8;13.25;0
2025/04;GINECOLOGIA;16833;332;50.7;359
2026/02;CIRURGIA GERAL/6;387;5;77.4;0
2024/02;CIRURGIA GERAL/3;1581;53;29.83;0
2026/01;ORTOPEDIA/GERAL;2497;41;60.9;0
2026/03;GINECOLOGIA/6;1858;17;109.29;0
2023/04;ORTOPEDIA/GERAL;1730;192;9.01;0
2025/02;ODONTOLOGIA PARA PACIENTES COM NECESSIDADES ESPECIAIS;1084;25;43.36;24
2024/12;CIRURGIA GERAL/2;92;14;6.57;0
2025/01;UROLOGIA/3;978;11;88.91;0
2026/02;ORTOPEDIA/RETIRADA DE FIO OU PINO;122;3;40.67;0
2023/07;CIRURGIA GERAL/FIGADO E VIAS BILIARES;6891;76;90.67;0
2023/11;OTORRINOLARINGOLOGIA/OUVIDO 2;255;1;255.0;0
2024/07;CIRURGIA CARDÍACA - ADULTO/CIRURGIA CARDÍACA;4012;19;211.16;0
2024/01;ORTOPEDIA/8;380;2;190.0;0
2026/03;OTORRINOLARINGOLOGIA/4;335;3;111.67;0
2024/11;OFTALMOLOGIA/AO;1266;31;40.84;0
2026/03;CIRURGIA PLÁSTICA/5;1105;2;552.5;0
2024/04;CIRURGIA GERAL/6;212;5;42.4;0
2026/05;ORTOPEDIA/8;2843;6;473.83;0
2023/05;GASTROENTEROLOGIA;53;3;17.67;2
2024/12;ORTOPEDIA/QUADRIL PEDIÁTRICA;646;3;215.33;0
2025/08;ORTOPEDIA/2;975;22;44.32;0
2026/04;ORTOPEDIA/MÃO E PUNHO;55;4;13.75;0
2024/03;ORTOPEDIA/6;532;3;177.33;0
2023/08;PCCO - BARIATRICA;571;22;25.95;19
2026/03;GINECOLOGIA/2;264;4;66.0;0
2023/06;CIRURGIA CARDÍACA - ADULTO;554;16;34.63;14
2025/06;ONCOLOGIA/UROLOGIA;662;9;73.56;0
2024/05;BUCOMAXILOFACIAL/GERAL;518;14;37.0;0
2026/09;OFTALMOLOGIA/HOSPITALAR - OD;51909;172;301.8;0
2026/09;COLOPROCTOLOGIA;9883;101;97.85;37
2024/07;ORTOPEDIA/MÃO;17974;61;294.66;0
2025/01;GINECOLOGIA/9;388;1;388.0;0
2025/10;PROGRAMA TRANSEXUALIZADOR/GINECOLOGIA;89;5;17.8;0
2023/05;ORTOPEDIA/QUADRIL;759;66;11.5;0
2024/01;CIRURGIA GERAL/FIGADO E VIAS BILIARES;18190;95;191.47;0
2024/04;ORTOPEDIA/RETIRADA DE MATERIAL;1810;45;40.22;0
2025/06;UROLOGIA/5;1139;9;126.56;0
2026/04;ORTOPEDIA/PÉ/TORNOZELO;1618;41;39.46;0
2026/09;ORTOPEDIA/4;4263;28;152.25;0
2026/08;ORTOPEDIA/PEDIÁTRICA GERAL;1249;14;89.21;0
2025/05;UROLOGIA/LITIASE;1091;23;47.43;0
2026/09;UROLOGIA/2;13017;65;200.26;0
2023/05;CIRURGIA DE CABEÇA E PESCOÇO/1;112;4;28.0;0
2025/12;ORTOPEDIA/OMBRO;4666;88;53.02;0
2023/08;CIRURGIA GERAL/3;1975;61;32.38;0
2025/11;ONCOLOGIA PEDIATRICA;19;3;6.33;3
2023/07;PROGRAMA TRANSEXUALIZADOR;272;3;90.67;2
2024/09;MASTOLOGIA/1;0;1;0.0;0
2024/06;NEUROCIRURGIA/3;177;2;88.5;0
2023/02;CIRURGIA GERAL/7;15;1;15.0;0
2025/03;NEUROCIRURGIA/2;358;5;71.6;0
2023/09;CIRURGIA VASCULAR/GERAL;6718;64;104.97;0
2023/08;BUCOMAXILOFACIAL;45;1;45.0;15
2025/06;UROLOGIA/RETIRADA DE DUPLO J;1246;108;11.54;0
2023/06;UROLOGIA/6;264;3;88.0;0
2025/02;OTORRINOLARINGOLOGIA/IMPLANTE COCLEAR;935;3;311.67;0
2026/06;CIRURGIA PLÁSTICA/3;442;2;221.0;0
2024/05;ORTOPEDIA/10;231;1;231.0;0
2024/12;OFTALMOLOGIA/HOSPITALAR - OD;520;16;32.5;0
2025/09;OTORRINOLARINGOLOGIA/OUVIDO 2;211;1;211.0;0
2026/03;OTORRINOLARINGOLOGIA/CAVIDADE ORAL;587;20;29.35;0
2024/12;ORTOPEDIA/RETIRADA;1667;12;138.92;0
2026/05;ORTOPEDIA/COTOVELO;13;2;6.5;0
2026/02;ORTOPEDIA/MÃO E PUNHO;45;3;15.0;0
2024/01;CIRURGIA VASCULAR/1;6;8;0.75;0
2025/02;MASTOLOGIA;170;5;34.0;32
2024/02;COLOPROCTOLOGIA/2;526;9;58.44;0
2025/08;MASTOLOGIA/5;232;4;58.0;0
2023/01;CERFIS/1;84;5;16.8;0
2026/09;CIRURGIA GERAL;196455;2259;86.97;887
2023/04;BUCOMAXILOFACIAL/GERAL;155;16;9.69;0
2024/05;OTORRINOLARINGOLOGIA/OUVIDO 3;605;4;151.25;0
2024/11;UROLOGIA;8162;116;70.36;451
2024/08;OFTALMOLOGIA/AO;562;20;28.1;0
2026/06;CIRURGIA VASCULAR/1;7;1;7.0;0
2025/09;CIRURGIA PLÁSTICA/9;1024;6;170.67;0
2023/11;NEUROCIRURGIA/3;93;3;31.0;0
2025/06;PROGRAMA TRANSEXUALIZADOR/GINECOLOGIA;191;1;191.0;0
2026/03;BUCOMAXILOFACIAL;163;14;11.64;40
2025/02;ORTOPEDIA/4;1478;11;134.36;0
2026/06;PROGRAMA TRANSEXUALIZADOR/CIRURGIA PLÁSTICA;826;4;206.5;0
2025/12;ORTOPEDIA/COTOVELO;95;8;11.88;0
2024/01;GINECOLOGIA;15856;523;30.32;513
2026/01;ORTOPEDIA/2;2050;35;58.57;0
2026/04;ORTOPEDIA/8;3109;7;444.14;0
2024/08;CARDIOLOGIA;41;7;5.86;7
2023/09;ORTOPEDIA/REVISÃO QUADRIL;26;6;4.33;0
2026/07;MASTOLOGIA/4;14;1;14.0;0
2023/08;ORTOPEDIA/OMBRO;2350;94;25.0;0
2024/08;ORTOPEDIA/3;462;5;92.4;0
2023/06;ORTOPEDIA/REVISÃO JOELHO;182;2;91.0;0
2025/01;CIRURGIA PEDIÁTRICA/2;551;11;50.09;0
2023/10;CIRURGIA TORÁCICA/3;212;2;106.0;0
2025/05;OTORRINOLARINGOLOGIA/IMPLANTE COCLEAR;43;1;43.0;0
2025/04;ORTOPEDIA/4;245;10;24.5;0
2024/09;ORTOPEDIA/COLUNA (BLOQUEIOS);214;3;71.33;0
2026/06;CIRURGIA PLÁSTICA/GERAL;6;1;6.0;0
2023/03;CIRURGIA GERAL/PAREDE E CAVIDADE ABDOMINAL;1207;29;41.62;0
2024/08;CIRURGIA GERAL/ESTOMAGO E INTESTINOS;665;52;12.79;0
2026/06;ORTOPEDIA/2;1283;48;26.73;0
2025/01;OFTALMOLOGIA/HOSPITALAR - OD;477;18;26.5;0
2024/04;CERFIS/2;235;11;21.36;0
2024/05;CIRURGIA VASCULAR/2;15;5;3.0;0
2026/07;CIRURGIA VASCULAR;19477;159;122.5;222
2023/07;OFTALMOLOGIA/PTERIGIO OE;631;102;6.19;0
2025/08;CIRURGIA GERAL/6;182;3;60.67;0
2024/12;CIRURGIA GERAL/6;25;3;8.33;0
2025/12;ONCOLOGIA/UROLOGIA;394;8;49.25;0
2024/10;CIRURGIA GERAL/GERAL;2893;67;43.18;0
2024/04;CIRURGIA GERAL;24174;941;25.69;1063
2026/06;ORTOPEDIA/JOELHO (ATJ);12058;15;803.87;0
2026/09;ORTOPEDIA/7;13562;33;410.97;0
2026/06;UROLOGIA/1;8641;62;139.37;0
2023/07;BUCOMAXILOFACIAL/GERAL;421;21;20.05;0
2025/03;ONCOLOGIA/COLOPROCTOLOGIA;17;2;8.5;0
2023/09;CIRURGIA GERAL/PAREDE E CAVIDADE ABDOMINAL;1385;48;28.85;0
2026/07;CIRURGIA DE CABEÇA E PESCOÇO;186;2;93.0;16
2024/09;CIRURGIA GERAL/3;6973;60;116.22;0
2024/12;ORTOPEDIA/9;15;1;15.0;0
2023/02;NEUROCIRURGIA/3;32;2;16.0;0
2026/08;OTORRINOLARINGOLOGIA/OUVIDO 1;590;6;98.33;0
2026/08;OFTALMOLOGIA/OE;39938;541;73.82;0
2025/05;CIRURGIA CARDÍACA - ADULTO/CIRURGIA CARDÍACA;1097;3;365.67;0
2026/01;OTORRINOLARINGOLOGIA/NARIZ 2;605;4;151.25;0
2023/05;GINECOLOGIA;6163;290;21.25;307
2024/08;COLOPROCTOLOGIA/2;803;7;114.71;0
2025/09;GINECOLOGIA/6;801;16;50.06;0
2026/03;UROLOGIA;2803;69;40.62;534
2026/01;BUCOMAXILOFACIAL;226;18;12.56;30
2024/10;ONCOLOGIA/GINECOLOGIA;269;8;33.63;0
2026/06;CIRURGIA VASCULAR/2;130;8;16.25;0
2025/04;ONCOLOGIA/MASTOLOGIA;249;7;35.57;0
2024/04;ORTOPEDIA/REVISÃO QUADRIL;328;8;41.0;0
2024/09;COLOPROCTOLOGIA/3;498;3;166.0;0
2023/03;OFTALMOLOGIA/PTERIGIO OE;195;166;1.17;0
2026/04;ORTOPEDIA/1;824;39;21.13;0
2024/10;CIRURGIA PEDIÁTRICA/1;2412;75;32.16;0
2023/10;CIRURGIA GERAL;24827;914;27.16;1040
2025/05;CIRURGIA VASCULAR/GERAL;17740;76;233.42;0
2024/02;CIRURGIA PEDIÁTRICA/2;1744;12;145.33;0
2023/12;DERMATOLOGIA;1219;27;45.15;24
2026/08;ORTOPEDIA/RETIRADA DE FIXADOR EXTERNO;449;20;22.45;0
2025/09;UROLOGIA/6;930;2;465.0;0
2023/08;ORTOPEDIA/6;166;1;166.0;0
2026/09;UROLOGIA/GERAL;187110;822;227.63;0
2023/07;CIRURGIA GERAL/2;35;23;1.52;0
2026/03;ORTOPEDIA/JOELHO (ATJ);10816;12;901.33;0
2025/05;BUCOMAXILOFACIAL/GERAL;778;15;51.87;0
2024/01;UROLOGIA/RETIRADA;1917;81;23.67;0
2025/04;CERFIS/2;503;9;55.89;0
2023/06;MASTOLOGIA/4;45;3;15.0;0
2024/05;CIRURGIA GERAL/5;803;9;89.22;0
2026/07;CIRURGIA GERAL/4;2062;33;62.48;0
2026/09;ORTOPEDIA/12;7937;13;610.54;0
2023/05;OTORRINOLARINGOLOGIA/CAVIDADE ORAL;1288;35;36.8;0
2023/07;CIRURGIA VASCULAR/1;66;15;4.4;0
2024/05;OTORRINOLARINGOLOGIA/CIRURGIAS PLÁSTICAS;850;5;170.0;0
2025/02;CIRURGIA PEDIÁTRICA;4033;38;106.13;121
2024/02;ORTOPEDIA/COLUNA (BLOQUEIOS);1358;11;123.45;0
2023/05;CIRURGIA VASCULAR/6;31;1;31.0;0
2024/07;CIRURGIA DE CABEÇA E PESCOÇO/2;1204;4;301.0;0
2024/07;CERFIS/2;48;1;48.0;0
2024/09;CIRURGIA PLÁSTICA/4;479;4;119.75;0
2026/06;ORTOPEDIA/MÃO;4827;66;73.14;0
2026/03;ORTOPEDIA/REVISÃO JOELHO;197;1;197.0;0
2024/04;GINECOLOGIA;15821;676;23.4;682
2025/06;NEUROCIRURGIA/1;683;14;48.79;0
2025/10;CIRURGIA VASCULAR/4;125;3;41.67;0
2026/03;PCCO - BARIATRICA;1688;36;46.89;36
2025/10;CIRURGIA PLÁSTICA/6;1166;6;194.33;0
2023/05;NEUROCIRURGIA;2;1;2.0;18
2024/11;OFTALMOLOGIA/HOSPITALAR - OD;288;20;14.4;0
2024/06;COLOPROCTOLOGIA/1;1094;18;60.78;0
2026/02;ORTOPEDIA/3;37;2;18.5;0
2023/11;ORTOPEDIA/COLUNA (BLOQUEIOS);438;6;73.0;0
2025/12;NEUROCIRURGIA/1;662;6;110.33;0
2026/05;ORTOPEDIA/RETIRADA;328;6;54.67;0
2023/12;ONCOLOGIA;716;20;35.8;87
2026/07;OFTALMOLOGIA/CATARATA OE;445;120;3.71;0
2023/10;CIRURGIA PEDIÁTRICA/1;1587;58;27.36;0
2024/01;ORTOPEDIA/1;192;49;3.92;0
2025/04;NEUROCIRURGIA/4;1739;11;158.09;0
2023/09;GINECOLOGIA/GERAL;54;2;27.0;0
2024/04;CIRURGIA GERAL/2;200;18;11.11;0
2025/04;CIRURGIA VASCULAR/6;93;1;93.0;0
2024/11;CIRURGIA GERAL/PAREDE E CAVIDADE ABDOMINAL;1589;35;45.4;0
2025/10;BUCOMAXILOFACIAL;266;17;15.65;31
2025/01;UROLOGIA/7;1592;5;318.4;0
2024/09;ORTOPEDIA/GERAL;934;9;103.78;0
2023/08;OTORRINOLARINGOLOGIA/CAVIDADE ORAL;1798;39;46.1;0
2024/03;UROLOGIA/TRANSPLANTE RENAL 1;0;3;0.0;0
2026/04;OTORRINOLARINGOLOGIA/IMPLANTE COCLEAR;915;3;305.0;0
2024/05;ORTOPEDIA/JOELHO (ATJ);575;6;95.83;0
2023/02;COLOPROCTOLOGIA/3;20;2;10.0;0
2023/03;OTORRINOLARINGOLOGIA/1;193;6;32.17;0
2025/03;CIRURGIA PLÁSTICA/6;252;3;84.0;0
2025/01;ORTOPEDIA/PEDIÁTRICA GERAL;4278;26;164.54;0
2023/06;OFTALMOLOGIA/OE;7889;282;27.98;0
2025/04;CIRURGIA GERAL/4;244;10;24.4;0
2024/04;CIRURGIA GERAL/7;317;3;105.67;0
2023/10;OTORRINOLARINGOLOGIA/3;464;3;154.67;0
2023/09;ORTOPEDIA/QUADRIL PEDIÁTRICA;299;4;74.75;0
2026/09;BUCOMAXILOFACIAL/GERAL;2428;35;69.37;0
2025/11;UROLOGIA/1;2666;39;68.36;0
2025/08;CIRURGIA GERAL/ESTOMAGO E INTESTINOS;1125;40;28.13;0
2023/06;GINECOLOGIA/HISTERECTOMIA;84;1;84.0;0
2024/06;CIRURGIA TORÁCICA/2;0;2;0.0;0
2023/10;ODONTOLOGIA PARA PACIENTES COM NECESSIDADES ESPECIAIS;2675;24;111.46;19
2026/02;CIRURGIA PLÁSTICA/10;1687;4;421.75;0
2024/10;ORTOPEDIA/JOELHO (ATJ);1225;4;306.25;0
2025/01;CIRURGIA GERAL/8;13;5;2.6;0
2026/04;ORTOPEDIA/COLUNA (DEFORMIDADES);2262;7;323.14;0
2024/04;ONCOLOGIA/UROLOGIA;152;6;25.33;0
2024/10;BUCOMAXILOFACIAL/GERAL;757;16;47.31;0
2024/03;GINECOLOGIA/6;2782;14;198.71;0
2024/07;ORTOPEDIA/GERAL;2691;17;158.29;0
2024/03;CIRURGIA PEDIÁTRICA/1;1717;96;17.89;0
2023/06;CIRURGIA GERAL/PAREDE E CAVIDADE ABDOMINAL;7341;106;69.25;0
2023/07;CIRURGIA VASCULAR/GERAL;3806;41;92.83;0
2023/08;OFTALMOLOGIA/CATARATA OD;333;105;3.17;0
2025/07;UROLOGIA/8;1007;10;100.7;0
2023/09;GINECOLOGIA/1;246;5;49.2;0
2024/07;ORTOPEDIA/JOELHO (ATJ);1234;5;246.8;0
2023/08;CIRURGIA PLÁSTICA/10;477;6;79.5;0
2026/04;GINECOLOGIA/8;273;1;273.0;0
2023/04;UROLOGIA/6;97;1;97.0;0
2026/02;CIRURGIA VASCULAR;10833;150;72.22;163
2023/11;UROLOGIA/3;300;8;37.5;0
2024/04;CIRURGIA VASCULAR/GERAL;7280;48;151.67;0
2024/04;ORTOPEDIA/QUADRIL PEDIÁTRICA;826;4;206.5;0
2023/03;UROLOGIA/3;344;13;26.46;0
2026/02;ORTOPEDIA/9;1856;9;206.22;0
2025/05;CIRURGIA GERAL/2;357;8;44.63;0
2024/07;CIRURGIA GERAL/ESTOMAGO E INTESTINOS;593;43;13.79;0
2024/02;ORTOPEDIA/JOELHO (ATJ);479;7;68.43;0
2025/09;ORTOPEDIA/JOELHO;61;5;12.2;0
2023/04;CIRURGIA VASCULAR/GERAL;1356;37;36.65;0
2023/08;CIRURGIA PLÁSTICA/4;16;1;16.0;0
2026/09;ORTOPEDIA/JOELHO (ATJ);882516;1323;667.06;0
2023/12;MASTOLOGIA/5;214;4;53.5;0
2025/12;CIRURGIA TORÁCICA/5;47;1;47.0;0
2026/06;ORTOPEDIA/GERAL E TRAUMATOLOGIA;101;5;20.2;0
2025/04;UROLOGIA/8;1230;12;102.5;0
2025/12;CIRURGIA VASCULAR/3;441;3;147.0;0
2026/06;CIRURGIA CARDÍACA - ADULTO/CIRURGIA CARDÍACA;3555;24;148.13;0
2024/08;ORTOPEDIA/RETIRADA;1305;14;93.21;0
2026/01;GINECOLOGIA/HISTERECTOMIA;1051;7;150.14;0
2023/08;OFTALMOLOGIA/PTERIGIO OD;282;102;2.76;0
2026/08;MASTOLOGIA;619;15;41.27;39
2025/10;DERMATOLOGIA;348;9;38.67;8
2025/02;ONCOLOGIA;1975;61;32.38;149
2023/06;UROLOGIA/5;1031;18;57.28;0
2024/08;CIRURGIA GERAL/6;269;6;44.83;0
2024/02;MASTOLOGIA;105;2;52.5;26
2025/11;OTORRINOLARINGOLOGIA/3;907;3;302.33;0
2024/05;CIRURGIA VASCULAR/GERAL;6720;46;146.09;0
2024/10;GINECOLOGIA/3;530;2;265.0;0
2025/02;CIRURGIA PLÁSTICA/GERAL;45;1;45.0;0
2025/01;OFTALMOLOGIA/AO;461;17;27.12;0
2025/07;CIRURGIA PLÁSTICA/10;4342;6;723.67;0
2025/06;ORTOPEDIA/RETIRADA DE MATERIAL;1940;48;40.42;0
2025/04;NEUROCIRURGIA/1;1097;12;91.42;0
2025/11;OTORRINOLARINGOLOGIA/IMPLANTE COCLEAR;520;5;104.0;0
2026/05;PROGRAMA TRANSEXUALIZADOR/CIRURGIA PLÁSTICA;774;4;193.5;0
2024/07;ONCOLOGIA/UROLOGIA;132;11;12.0;0
2026/07;OTORRINOLARINGOLOGIA/OUVIDO 3;382;4;95.5;0
2026/02;ORTOPEDIA/MÃO;1389;36;38.58;0
2023/11;ORTOPEDIA/MÃO;1350;62;21.77;0
2025/03;ORTOPEDIA/TUMOR;87;3;29.0;0
2026/05;MASTOLOGIA;652;16;40.75;41
2023/12;OTORRINOLARINGOLOGIA/5;131;1;131.0;0
2024/05;ODONTOLOGIA PARA PACIENTES COM NECESSIDADES ESPECIAIS;2636;53;49.74;46
2023/03;COLOPROCTOLOGIA/1;772;39;19.79;0
2024/02;CIRURGIA VASCULAR/6;1403;7;200.43;0
2024/07;UROLOGIA/6;809;3;269.67;0
2025/09;ORTOPEDIA/RETIRADA DE MATERIAL SÍNTESE;876;34;25.76;0
2024/08;ORTOPEDIA/OMBRO;1197;42;28.5;0
2023/06;ORTOPEDIA/3;3;1;3.0;0
2023/08;NEUROCIRURGIA/5;83;2;41.5;0
2024/04;NEUROCIRURGIA/3;15;1;15.0;0
2024/06;OTORRINOLARINGOLOGIA/CAVIDADE ORAL;530;20;26.5;0
2026/08;CIRURGIA GERAL/PAREDE E CAVIDADE ABDOMINAL;467;27;17.3;0
2024/09;OFTALMOLOGIA/CATARATA OE;514;120;4.28;0
2024/03;ORTOPEDIA/PÉ/TORNOZELO;1130;37;30.54;0
2024/07;UROLOGIA/1;840;28;30.0;0
2026/06;ONCOLOGIA/COLOPROCTOLOGIA;54;4;13.5;0
2026/02;UROLOGIA/3;2802;14;200.14;0
2023/08;OTORRINOLARINGOLOGIA/NARIZ 2;349;9;38.78;0
2024/06;CIRURGIA GERAL/1;327;5;65.4;0
2025/06;OTORRINOLARINGOLOGIA/OUVIDO 1;121;5;24.2;0
2025/06;ORTOPEDIA/9;465;7;66.43;0
2025/05;ORTOPEDIA/OMBRO (ARTROPLASTIAS);432;1;432.0;0
2023/02;CIRURGIA TORÁCICA/3;0;1;0.0;0
2026/01;ORTOPEDIA/RETIRADA DE FIO OU PINO;156;4;39.0;0
2025/08;ORTOPEDIA/JOELHO;26;3;8.67;0
2026/02;CIRURGIA VASCULAR/3;176;1;176.0;0
2024/10;ORTOPEDIA;17464;627;27.85;981
2025/05;ORTOPEDIA;51963;777;66.88;1145
2024/05;COLOPROCTOLOGIA/2;369;6;61.5;0
2025/10;OTORRINOLARINGOLOGIA/OUVIDO 1;274;6;45.67;0
2026/09;OFTALMOLOGIA/CATARATA OD;2516;125;20.13;0
2026/07;ORTOPEDIA/COLUNA (ARTRODESE);2692;11;244.73;0
2024/04;OTORRINOLARINGOLOGIA/2;305;7;43.57;0
2024/01;ORTOPEDIA/RETIRADA DE MATERIAL;597;33;18.09;0
2024/05;COLOPROCTOLOGIA;941;11;85.55;34
2023/05;CIRURGIA GERAL/1;243;7;34.71;0
2025/05;ORTOPEDIA/MÃO;6824;47;145.19;0
2026/09;UROLOGIA/9;253;1;253.0;0
2026/01;UROLOGIA/GERAL;12958;157;82.54;0
2026/01;MASTOLOGIA;451;6;75.17;24
2025/04;CIRURGIA GERAL/2;67;4;16.75;0
2023/03;GINECOLOGIA;6006;271;22.16;312
2025/07;CIRURGIA GERAL/ESTOMAGO E INTESTINOS;533;34;15.68;0
2025/11;OTORRINOLARINGOLOGIA/LARINGE;159;3;53.0;0
2026/09;CIRURGIA PLÁSTICA/1;48912;122;400.92;0
2023/06;CIRURGIA VASCULAR/GERAL;4031;51;79.04;0
2025/10;CIRURGIA PLÁSTICA/3;55;1;55.0;0
2024/08;CIRURGIA PLÁSTICA/6;1693;10;169.3;0
2024/03;CIRURGIA GERAL/PAREDE E CAVIDADE ABDOMINAL;1634;37;44.16;0
2026/07;ORTOPEDIA/REVISÃO QUADRIL;439;1;439.0;0
2023/11;GINECOLOGIA/3;848;7;121.14;0
2023/06;ONCOLOGIA;439;15;29.27;67
2025/01;ORTOPEDIA/QUADRIL;2857;46;62.11;0
2023/01;ORTOPEDIA/PÉ/TORNOZELO;15;11;1.36;0
2024/01;ORTOPEDIA/11;67;1;67.0;0
2025/09;NEUROCIRURGIA/5;590;1;590.0;0
2024/12;BUCOMAXILOFACIAL;178;10;17.8;30
2026/02;CIRURGIA PLÁSTICA/GERAL;606;4;151.5;0
2024/11;ORTOPEDIA/FIXADOR EXTERNO;817;22;37.14;0
2023/08;CIRURGIA VASCULAR/5;36;1;36.0;0
2023/02;CIRURGIA PEDIÁTRICA/1;248;14;17.71;0
2024/08;OTORRINOLARINGOLOGIA/1;791;16;49.44;0
2023/10;ORTOPEDIA/3;46;3;15.33;0
2025/08;OTORRINOLARINGOLOGIA/4;85;2;42.5;0
2025/07;GINECOLOGIA/2;236;5;47.2;0
2025/08;ORTOPEDIA/ARTROPLASTIA;33;1;33.0;0
2024/08;GINECOLOGIA/8;537;1;537.0;0
2024/08;CIRURGIA CARDÍACA - PEDIATRICA/HEMODINÂMICA;929;3;309.67;0
2023/07;CIRURGIA TORÁCICA/6;0;1;0.0;0
2026/02;ORTOPEDIA/RETIRADA DE MATERIAL SÍNTESE;952;46;20.7;0
2024/03;CIRURGIA GERAL/GERAL;195;1;195.0;0
2025/08;ORTOPEDIA/3;165;3;55.0;0
2023/01;BUCOMAXILOFACIAL;5;1;5.0;9
2023/08;OTORRINOLARINGOLOGIA;1896;54;35.11;159
2026/05;PCCO - BARIATRICA;1794;26;69.0;26
2025/02;GINECOLOGIA/9;865;2;432.5;0
2025/12;CIRURGIA CARDÍACA - ADULTO/CIRURGIA CARDÍACA;3906;16;244.13;0
2026/02;ORTOPEDIA/PLEXO BRAQUIAL;296;2;148.0;0
2023/05;MASTOLOGIA/3;498;26;19.15;0
2024/03;CIRURGIA GERAL/1;0;1;0.0;0
2024/03;CIRURGIA GERAL/5;270;8;33.75;0
2025/12;UROLOGIA/LITIASE;1174;20;58.7;0
2024/09;CIRURGIA GERAL/2;94;12;7.83;0
2025/07;CIRURGIA PEDIÁTRICA/3;230;1;230.0;0
2025/08;ORTOPEDIA/13;805;1;805.0;0
2024/11;BUCOMAXILOFACIAL/ORTOGNÁTICA;175;4;43.75;0
2024/05;COLOPROCTOLOGIA/4;6;1;6.0;0
2026/08;UROLOGIA/LITIASE;3218;13;247.54;0
2024/09;OTORRINOLARINGOLOGIA/CAVIDADE ORAL;615;14;43.93;0
2023/01;OTORRINOLARINGOLOGIA;11;1;11.0;23
2023/07;OTORRINOLARINGOLOGIA/NARIZ 1;970;30;32.33;0
2023/04;ORTOPEDIA/4;42;3;14.0;0
2024/10;CIRURGIA GERAL/5;309;4;77.25;0
2024/12;OFTALMOLOGIA/AO;259;19;13.63;0
2024/12;ONCOLOGIA/DERMATOLOGIA;3775;49;77.04;0
2023/05;UROLOGIA/7;0;1;0.0;0
2025/09;ORTOPEDIA/RETIRADA;3016;10;301.6;0
2023/07;ORTOPEDIA/3;15;4;3.75;0
2026/09;OTORRINOLARINGOLOGIA/4;13848;33;419.64;0
2023/06;GINECOLOGIA/GERAL;150;3;50.0;0
2026/04;BUCOMAXILOFACIAL/ORTOGNÁTICA;475;5;95.0;0
2025/06;COLOPROCTOLOGIA/3;812;5;162.4;0
2023/08;CIRURGIA GERAL/2;103;19;5.42;0
2026/06;ORTOPEDIA/RETIRADA;474;14;33.86;0
2026/06;OTORRINOLARINGOLOGIA/2;269;2;134.5;0
2023/10;ORTOPEDIA/COLUNA (DEFORMIDADES);167;2;83.5;0
2026/02;ONCOLOGIA/DERMATOLOGIA;659;49;13.45;0
2024/11;CIRURGIA PLÁSTICA/8;93;1;93.0;0
2026/08;OTORRINOLARINGOLOGIA/OUVIDO 3;1480;4;370.0;0
2026/04;OTORRINOLARINGOLOGIA/CAVIDADE ORAL;784;22;35.64;0
2024/09;OFTALMOLOGIA/AO;782;17;46.0;0
2023/03;COLOPROCTOLOGIA;205;7;29.29;51
2023/04;OTORRINOLARINGOLOGIA/CIRURGIAS PLÁSTICAS;184;7;26.29;0
2025/01;CIRURGIA GERAL/10;2013;5;402.6;0
2025/05;CIRURGIA TORÁCICA/5;2375;3;791.67;0
2025/02;CIRURGIA CARDÍACA - ADULTO;241;15;16.07;20
2026/06;ORTOPEDIA/COTOVELO;29;3;9.67;0
2024/12;BUCOMAXILOFACIAL/ORTOGNÁTICA;464;10;46.4;0
2026/02;PCCO - BARIATRICA;638;16;39.88;16
2024/01;ORTOPEDIA/9;114;7;16.29;0
2024/10;CIRURGIA PLÁSTICA/6;508;3;169.33;0
2026/09;ORTOPEDIA/RETIRADA DE FIO OU PINO;1099;18;61.06;0
2023/09;MASTOLOGIA/3;1032;25;41.28;0
2024/03;CIRURGIA PLÁSTICA/4;68;2;34.0;0
2026/01;CIRURGIA VASCULAR/4;27;2;13.5;0
2023/03;ORTOPEDIA;4610;427;10.8;921
2025/07;OTORRINOLARINGOLOGIA;15212;76;200.16;147
2024/02;CIRURGIA GERAL/8;33;5;6.6;0
2024/05;CIRURGIA VASCULAR/3;1473;6;245.5;0
2026/08;CIRURGIA VASCULAR/4;8;1;8.0;0
2026/08;ORTOPEDIA/COTOVELO;858;4;214.5;0
2025/01;ORTOPEDIA/MÃO;10236;42;243.71;0
2026/09;CIRURGIA TORÁCICA/1;38;2;19.0;0
2025/04;ONCOLOGIA/GINECOLOGIA;306;10;30.6;0
2026/04;UROLOGIA/3;7785;22;353.86;0
2023/04;MASTOLOGIA/2;10;1;10.0;0
2026/03;ORTOPEDIA/RETIRADA DE MATERIAL;5426;17;319.18;0
2025/02;ORTOPEDIA/3;819;7;117.0;0
2025/01;CIRURGIA CARDÍACA - PEDIATRICA/CIRURGIA CARDÍACA;1723;8;215.38;0
2025/02;ORTOPEDIA/JOELHO (ARTROSCOPIAS);14196;52;273.0;0
2024/06;ORTOPEDIA/QUADRIL;4400;53;83.02;0
2024/11;UROLOGIA/3;1518;14;108.43;0
2024/03;GINECOLOGIA/4;39;2;19.5;0
2025/12;CIRURGIA PLÁSTICA/GERAL;94;1;94.0;0
2025/09;UROLOGIA/1;2308;46;50.17;0
2023/03;CIRURGIA VASCULAR/2;13;8;1.63;0
2023/10;GINECOLOGIA;10769;376;28.64;399
2025/09;UROLOGIA/7;6837;16;427.31;0
2024/01;ONCOLOGIA/DERMATOLOGIA;181;19;9.53;0
2024/12;CIRURGIA GERAL/8;21;4;5.25;0
2025/02;CIRURGIA PEDIÁTRICA/2;730;13;56.15;0
2026/04;CIRURGIA PLÁSTICA/1;777;6;129.5;0
2024/04;CIRURGIA PLÁSTICA/4;94;1;94.0;0
2023/05;COLOPROCTOLOGIA/4;0;2;0.0;0
2026/09;ORTOPEDIA/COLUNA (DEFORMIDADES);51954;115;451.77;0
2025/11;ORTOPEDIA/4;1457;10;145.7;0
2026/01;ONCOLOGIA/COLOPROCTOLOGIA;164;6;27.33;0
2025/06;PROGRAMA TRANSEXUALIZADOR/CIRURGIA PLÁSTICA;2396;13;184.31;0
2025/12;UROLOGIA;2311;83;27.84;425
2025/07;BUCOMAXILOFACIAL/ORTOGNÁTICA;270;4;67.5;0
2023/08;CIRURGIA CARDÍACA - PEDIATRICA/CIRURGIA CARDÍACA;41;1;41.0;0
2023/02;UROLOGIA/1;353;37;9.54;0
2025/08;ORTOPEDIA/8;2471;5;494.2;0
2023/07;ORTOPEDIA/8;63;1;63.0;0
2025/08;ORTOPEDIA/TUMOR;115;5;23.0;0
2024/04;OTORRINOLARINGOLOGIA/NARIZ 1;435;16;27.19;0
2025/08;UROLOGIA/3;2677;24;111.54;0
2025/06;CIRURGIA CARDÍACA - ANGIOPLASTIA;381;22;17.32;22
2024/04;CIRURGIA CARDÍACA - ANGIOPLASTIA;985;57;17.28;37
2025/06;CIRURGIA VASCULAR/GERAL;19734;83;237.76;0
2024/12;CIRURGIA TORÁCICA/2;0;4;0.0;0
2024/07;UROLOGIA/5;1609;19;84.68;0
2024/11;UROLOGIA/GERAL;15105;227;66.54;0
2025/06;PCCO - BARIATRICA;163;15;10.87;14
2025/02;GINECOLOGIA;18192;352;51.68;356
2026/01;ORTOPEDIA/COTOVELO;31;3;10.33;0
2025/07;ORTOPEDIA/PÉ/TORNOZELO;1873;51;36.73;0
2024/06;GINECOLOGIA/MUTIRÃO;18;1;18.0;0
2025/04;ONCOLOGIA;2981;65;45.86;151
2024/01;ORTOPEDIA/QUADRIL;5341;103;51.85;0
2023/08;CIRURGIA VASCULAR/1;18;12;1.5;0
2024/03;NEUROCIRURGIA;56;3;18.67;33
2026/03;ORTOPEDIA/RETIRADA DE FIXADOR EXTERNO;736;27;27.26;0
2024/08;CIRURGIA GERAL/MUTIRÃO;1982;55;36.04;0
2024/01;UROLOGIA/5;764;8;95.5;0
2025/12;ORTOPEDIA/RETIRADA DE FIO OU PINO;311;7;44.43;0
2025/08;CIRURGIA VASCULAR/2;284;9;31.56;0
2024/02;GINECOLOGIA/2;220;2;110.0;0
2025/03;GINECOLOGIA/HISTERECTOMIA;146;3;48.67;0
2023/03;GINECOLOGIA/5;65;2;32.5;0
2023/05;MASTOLOGIA/4;21;1;21.0;0
2023/10;ONCOLOGIA/GINECOLOGIA;191;16;11.94;0
2024/05;ORTOPEDIA/COLUNA (DEFORMIDADES);220;3;73.33;0
2025/08;ORTOPEDIA/JOELHO (ARTROSCOPIAS);18650;42;444.05;0
2025/06;OTORRINOLARINGOLOGIA/3;1409;4;352.25;0
2025/04;NEUROCIRURGIA/2;18;1;18.0;0
2024/11;ORTOPEDIA/11;175;1;175.0;0
2024/10;CIRURGIA CARDÍACA - ADULTO/MARCAPASSO;20;1;20.0;0
2025/10;OTORRINOLARINGOLOGIA/4;372;2;186.0;0
2025/12;ORTOPEDIA/12;1378;2;689.0;0
2024/06;COLOPROCTOLOGIA/2;661;7;94.43;0
2024/06;MASTOLOGIA;35;2;17.5;25
2024/09;CIRURGIA PLÁSTICA/GERAL;138;2;69.0;0
2026/06;ORTOPEDIA/COLUNA (DEFORMIDADES);1707;6;284.5;0
2023/03;OTORRINOLARINGOLOGIA/CIRURGIAS PLÁSTICAS;55;4;13.75;0
2026/05;UROLOGIA/3;7205;23;313.26;0
2026/02;CIRURGIA PLÁSTICA/1;918;5;183.6;0
2025/01;ORTOPEDIA/6;513;3;171.0;0
2026/05;NEUROCIRURGIA/4;1008;4;252.0;0
2025/08;OFTALMOLOGIA/AMBULATORIAL - OD;17578;243;72.34;0
2026/06;CIRURGIA GERAL/3;4003;47;85.17;0
2024/06;CIRURGIA CARDÍACA - ADULTO/MARCAPASSO;34;1;34.0;0
2025/12;CIRURGIA DE CABEÇA E PESCOÇO/2;3389;7;484.14;0
2026/07;UROLOGIA/8;1444;16;90.25;0
2025/11;CIRURGIA VASCULAR/1;75;3;25.0;0
2025/07;CIRURGIA GERAL;44630;1004;44.45;1148
2023/02;CIRURGIA DE CABEÇA E PESCOÇO/2;41;5;8.2;0
2026/09;ORTOPEDIA/10;29889;72;415.13;0
2026/09;ORTOPEDIA/GERAL;135595;403;336.46;0
2024/07;CIRURGIA PEDIÁTRICA;1081;34;31.79;152
2023/08;CIRURGIA GERAL/8;19;6;3.17;0
2026/05;CIRURGIA CARDÍACA - ADULTO/CIRURGIA CARDÍACA;4235;20;211.75;0
2026/08;ORTOPEDIA/RETIRADA DE FIO OU PINO;1425;15;95.0;0
2025/10;CIRURGIA VASCULAR/2;209;8;26.13;0
2026/03;CIRURGIA PEDIÁTRICA/1;4378;88;49.75;0
2025/08;COLOPROCTOLOGIA/3;1021;5;204.2;0
2023/02;ORTOPEDIA/JOELHO;95;3;31.67;0
2025/03;OFTALMOLOGIA/AMBULATORIAL - OD;6471;180;35.95;0
2024/03;NEUROCIRURGIA/1;3208;22;145.82;0
2024/02;CIRURGIA GERAL/6;319;8;39.88;0
2025/03;OTORRINOLARINGOLOGIA/2;1025;9;113.89;0
2023/07;CIRURGIA VASCULAR/6;288;8;36.0;0
2026/01;ORTOPEDIA/12;182;1;182.0;0
2025/05;CIRURGIA VASCULAR/4;212;5;42.4;0
2024/02;OFTALMOLOGIA/PTERIGIO OD;586;122;4.8;0
2025/12;UROLOGIA/4;222;3;74.0;0
2025/07;MASTOLOGIA/3;405;22;18.41;0
2023/11;CIRURGIA PLÁSTICA/6;327;3;109.0;0
2025/11;OTORRINOLARINGOLOGIA/MUTIRÃO;1001;12;83.42;0
2025/06;CIRURGIA PLÁSTICA/3;104;1;104.0;0
2025/09;ORTOPEDIA/QUADRIL PEDIÁTRICA;678;5;135.6;0
2023/07;UROLOGIA/7;199;3;66.33;0
2023/06;ORTOPEDIA/PÉ/TORNOZELO;912;23;39.65;0
2024/09;OTORRINOLARINGOLOGIA/IMPLANTE COCLEAR;465;3;155.0;0
2024/12;CIRURGIA GERAL/10;1438;4;359.5;0
2024/06;ORTOPEDIA/1;707;96;7.36;0
2025/03;UROLOGIA/4;375;7;53.57;0
2023/08;ORTOPEDIA/10;18;1;18.0;0
2023/06;OFTALMOLOGIA/OD;6835;292;23.41;0
2025/06;ORTOPEDIA/2;314;25;12.56;0
2025/08;CIRURGIA PEDIÁTRICA/1;3919;73;53.68;0
2024/10;CIRURGIA VASCULAR/7;1339;4;334.75;0
2023/10;ORTOPEDIA;12750;601;21.21;1090
2023/09;CERFIS/1;173;10;17.3;0
2024/04;CIRURGIA PLÁSTICA/9;64;1;64.0;0
2023/09;CIRURGIA DE CABEÇA E PESCOÇO/2;917;9;101.89;0
2025/08;CIRURGIA TORÁCICA/2;58;2;29.0;0
2025/02;OFTALMOLOGIA/OD;23488;421;55.79;0
2025/10;NEUROCIRURGIA/1;6545;13;503.46;0
2023/03;GINECOLOGIA/4;13;2;6.5;0
2025/04;ORTOPEDIA/COLUNA (BLOQUEIOS);10;1;10.0;0
2025/09;DERMATOLOGIA;194;9;21.56;8
2023/06;ORTOPEDIA/QUADRIL;415;59;7.03;0
2025/01;BUCOMAXILOFACIAL/ORTOGNÁTICA;143;3;47.67;0
2023/10;UROLOGIA/6;675;3;225.0;0
2024/12;CARDIOLOGIA;212;8;26.5;8
2025/07;CIRURGIA VASCULAR/6;473;4;118.25;0
2024/03;GASTROENTEROLOGIA;56;3;18.67;3
2023/11;GINECOLOGIA/1;330;5;66.0;0
2025/12;CIRURGIA GERAL/GERAL;4811;70;68.73;0
2023/12;ORTOPEDIA/PÉ/TORNOZELO;1044;37;28.22;0
2023/04;ORTOPEDIA/1;630;84;7.5;0
2025/10;CIRURGIA CARDÍACA - ADULTO/MARCAPASSO;53;2;26.5;0
2026/09;UROLOGIA;7630;122;62.54;300
2023/07;CERFIS/1;558;12;46.5;0
2026/03;CIRURGIA GERAL;42152;965;43.68;1181
2024/12;OTORRINOLARINGOLOGIA/IMPLANTE COCLEAR;622;5;124.4;0
2025/05;CIRURGIA GERAL/PAREDE E CAVIDADE ABDOMINAL;647;24;26.96;0
2026/09;OTORRINOLARINGOLOGIA/3;72986;200;364.93;0
2025/11;ORTOPEDIA/MÃO;4281;46;93.07;0
2025/06;GINECOLOGIA/9;750;2;375.0;0
2024/02;CIRURGIA PLÁSTICA/5;247;1;247.0;0
2025/03;CIRURGIA PEDIÁTRICA/3;60;2;30.0;0
2026/09;ORTOPEDIA/REVISÃO JOELHO;59886;86;696.35;0
2024/06;GINECOLOGIA/HISTERECTOMIA;119;6;19.83;0
2023/10;OTORRINOLARINGOLOGIA/NARIZ 1;241;11;21.91;0
2026/02;ORTOPEDIA/JOELHO (ARTROSCOPIAS);4986;40;124.65;0
2024/10;CIRURGIA GERAL/FIGADO E VIAS BILIARES;10151;49;207.16;0
2024/11;CIRURGIA VASCULAR/5;41;1;41.0;0
2026/07;NEUROCIRURGIA/1;1586;17;93.29;0
2023/07;GASTROENTEROLOGIA;183;6;30.5;5
2024/11;CIRURGIA GERAL;25940;960;27.02;1117
2025/05;CIRURGIA CARDÍACA - ADULTO;397;7;56.71;10
2026/05;ONCOLOGIA/UROLOGIA;873;18;48.5;0
2025/11;CARDIOLOGIA;619;4;154.75;4
2024/05;GINECOLOGIA/GERAL;87;4;21.75;0
2024/08;CERFIS/1;147;3;49.0;0
2025/01;CIRURGIA PEDIÁTRICA/1;3214;73;44.03;0
2023/04;UROLOGIA/7;13;1;13.0;0
2024/09;ORTOPEDIA/REVISÃO JOELHO;158;1;158.0;0
2024/02;ORTOPEDIA/QUADRIL PEDIÁTRICA;389;2;194.5;0
2026/02;BUCOMAXILOFACIAL/ORTOGNÁTICA;366;6;61.0;0
2026/06;CIRURGIA VASCULAR;18311;175;104.63;232
2025/08;GINECOLOGIA/2;142;4;35.5;0
2026/03;GINECOLOGIA/GERAL;1309;30;43.63;0
2023/07;OTORRINOLARINGOLOGIA/LARINGE;394;4;98.5;0
2024/11;GINECOLOGIA/8;44;2;22.0;0
2024/09;OFTALMOLOGIA/HOSPITALAR - OE;320;27;11.85;0
2023/03;OTORRINOLARINGOLOGIA/LARINGE;140;3;46.67;0
2025/04;PCCO - BARIATRICA;567;32;17.72;29
2023/09;OFTALMOLOGIA/CATARATA OE;812;101;8.04;0
2024/06;ONCOLOGIA;778;18;43.22;80
2023/12;UROLOGIA/1;470;46;10.22;0
2026/09;ORTOPEDIA/PÉ E TORNOZELO;58;8;7.25;0
2026/08;CARDIOLOGIA ANGIOPLASTIA;1495;16;93.44;16
2025/12;UROLOGIA/3;1936;23;84.17;0
2023/08;GINECOLOGIA/5;87;2;43.5;0
2023/10;PCCO - BARIATRICA;1023;29;35.28;27
2025/02;CIRURGIA GERAL/GERAL;2305;72;32.01;0
2026/01;CARDIOLOGIA ANGIOPLASTIA;62;1;62.0;1
2024/09;NEUROCIRURGIA/3;0;2;0.0;0
2026/04;OTORRINOLARINGOLOGIA/OUVIDO 3;298;1;298.0;0
2024/06;CIRURGIA VASCULAR/1;7;10;0.7;0
2023/09;UROLOGIA/6;167;1;167.0;0
2023/09;OTORRINOLARINGOLOGIA/LARINGE;258;3;86.0;0
2026/02;CIRURGIA VASCULAR/2;215;12;17.92;0
2025/02;CIRURGIA PLÁSTICA/10;2691;6;448.5;0
2025/03;CIRURGIA GERAL/7;4632;13;356.31;0
2025/09;ORTOPEDIA/GERAL;2349;50;46.98;0
2024/11;ORTOPEDIA/RETIRADA;985;8;123.13;0
2023/12;GINECOLOGIA/3;851;8;106.38;0
2026/04;ORTOPEDIA/QUADRIL PEDIÁTRICA;746;2;373.0;0
2026/07;CIRURGIA PLÁSTICA/5;1984;2;992.0;0
2024/08;ONCOLOGIA/UROLOGIA;161;10;16.1;0
2025/01;ORTOPEDIA;22938;565;40.6;927
2024/08;OTORRINOLARINGOLOGIA/CIRURGIAS PLÁSTICAS;231;7;33.0;0
2024/07;CIRURGIA PLÁSTICA/4;227;3;75.67;0
2025/06;CIRURGIA VASCULAR/3;3273;8;409.13;0
2026/06;CIRURGIA GERAL/FIGADO E VIAS BILIARES;752;52;14.46;0
2025/08;ORTOPEDIA/GERAL;1344;64;21.0;0
2026/07;CIRURGIA VASCULAR/GERAL;5429;70;77.56;0
2024/11;ORTOPEDIA/QUADRIL;1839;47;39.13;0
2023/05;OFTALMOLOGIA/PTERIGIO OE;704;104;6.77;0
2026/01;OTORRINOLARINGOLOGIA/NARIZ 1;391;7;55.86;0
2025/07;GINECOLOGIA/8;58;1;58.0;0
2023/02;NEUROCIRURGIA/1;114;7;16.29;0
2025/04;MASTOLOGIA;393;12;32.75;34
2023/07;ORTOPEDIA/PÉ/TORNOZELO;590;24;24.58;0
2025/11;CIRURGIA GERAL/2;63;5;12.6;0
2024/10;ORTOPEDIA/MÃO;8366;35;239.03;0
2025/01;OTORRINOLARINGOLOGIA/OUVIDO 3;289;3;96.33;0
2024/10;CIRURGIA GERAL/4;389;12;32.42;0
2023/10;ORTOPEDIA/FIXADOR EXTERNO;542;14;38.71;0
2023/05;ORTOPEDIA;10989;578;19.01;1059
2024/04;UROLOGIA/7;304;2;152.0;0
2023/10;OFTALMOLOGIA/PTERIGIO OD;674;123;5.48;0
2023/11;ORTOPEDIA/QUADRIL;7918;109;72.64;0
2026/01;OTORRINOLARINGOLOGIA/3;937;6;156.17;0
2023/08;ONCOLOGIA/CIRURGIA GERAL;638;52;12.27;0
2025/04;CIRURGIA GERAL/6;392;7;56.0;0
2025/11;CIRURGIA PEDIÁTRICA/2;1209;17;71.12;0
2023/02;ORTOPEDIA/COTOVELO;25;3;8.33;0
2026/05;OTORRINOLARINGOLOGIA/3;2168;6;361.33;0
2025/09;ORTOPEDIA/9;1029;6;171.5;0
2025/04;ORTOPEDIA/COLUNA (ARTRODESE);885;11;80.45;0
2025/12;GASTROENTEROLOGIA;373;6;62.17;5
2025/09;MASTOLOGIA/3;647;18;35.94;0
2024/03;CIRURGIA GERAL/FIGADO E VIAS BILIARES;12507;66;189.5;0
2025/09;CIRURGIA VASCULAR/6;99;1;99.0;0
2025/06;ORTOPEDIA/COLUNA (ARTRODESE);874;9;97.11;0
2024/01;NEUROCIRURGIA/2;103;1;103.0;0
2024/12;ONCOLOGIA/COLOPROCTOLOGIA;115;3;38.33;0
2025/09;OTORRINOLARINGOLOGIA/4;140;2;70.0;0
2024/03;OTORRINOLARINGOLOGIA/NARIZ 1;723;15;48.2;0
2025/08;CIRURGIA PEDIÁTRICA/2;620;6;103.33;0
2024/05;CIRURGIA VASCULAR/7;82;4;20.5;0
2023/01;OTORRINOLARINGOLOGIA/CAVIDADE ORAL;19;4;4.75;0
2024/11;CIRURGIA CARDÍACA - ANGIOPLASTIA;143;17;8.41;17
2025/12;GINECOLOGIA/HISTERECTOMIA;515;7;73.57;0
2024/09;ORTOPEDIA/2;114;20;5.7;0
2026/02;GINECOLOGIA/HISTERECTOMIA;472;4;118.0;0
2024/06;GINECOLOGIA/9;295;1;295.0;0
2023/02;OTORRINOLARINGOLOGIA/1;21;2;10.5;0
2023/12;UROLOGIA/7;578;2;289.0;0
2023/03;GINECOLOGIA/2;344;10;34.4;0
2024/07;CIRURGIA GERAL/1;0;3;0.0;0
2024/05;CIRURGIA GERAL/6;136;6;22.67;0
2026/02;CIRURGIA VASCULAR/5;35;3;11.67;0
2024/03;CIRURGIA GERAL/8;129;6;21.5;0
2023/02;BUCOMAXILOFACIAL/GERAL;59;4;14.75;0
2024/05;ORTOPEDIA/1;739;82;9.01;0
2025/06;ORTOPEDIA/6;96;2;48.0;0
2023/03;CIRURGIA GERAL/6;0;6;0.0;0
2025/05;UROLOGIA/8;2111;14;150.79;0
2024/04;ORTOPEDIA/3;186;5;37.2;0
2025/07;OFTALMOLOGIA/OE;33158;601;55.17;0
2024/06;ORTOPEDIA/JOELHO (ARTROSCOPIAS);9590;51;188.04;0
2023/08;CIRURGIA GERAL;20884;960;21.75;1137
2023/04;ORTOPEDIA/COLUNA (ARTRODESE);384;10;38.4;0
2024/08;CIRURGIA PLÁSTICA/GERAL;85;3;28.33;0
2023/11;CIRURGIA GERAL/7;121;3;40.33;0
2023/05;CIRURGIA PEDIÁTRICA/2;22;3;7.33;0
2026/07;CIRURGIA GERAL/7;3500;5;700.0;0
2024/10;CIRURGIA CARDÍACA - ANGIOPLASTIA;214;29;7.38;29
2023/09;CIRURGIA TORÁCICA/2;317;4;79.25;0
2024/09;GASTROENTEROLOGIA;22;3;7.33;2
2024/04;ORTOPEDIA/7;1037;5;207.4;0
2025/07;CIRURGIA GERAL/6;239;3;79.67;0
2024/02;CIRURGIA CARDÍACA - PEDIATRICA/CIRURGIA CARDÍACA;6;1;6.0;0
2023/07;ORTOPEDIA/FIXADOR EXTERNO;322;6;53.67;0
2023/05;OFTALMOLOGIA/PTERIGIO OD;503;103;4.88;0
2025/03;ORTOPEDIA/9;583;5;116.6;0
2023/04;OTORRINOLARINGOLOGIA/2;92;4;23.0;0
2024/11;CERFIS/1;319;8;39.88;0
2025/08;ONCOLOGIA/UROLOGIA;165;10;16.5;0
2024/07;CIRURGIA TORÁCICA;22;2;11.0;4
2025/09;CIRURGIA CARDÍACA - PEDIATRICA/CIRURGIA CARDÍACA;663;3;221.0;0
2026/05;CIRURGIA VASCULAR/4;107;3;35.67;0
2025/09;ONCOLOGIA/DERMATOLOGIA;795;39;20.38;0
2026/08;ORTOPEDIA/GERAL;28412;87;326.57;0
2026/02;CIRURGIA GERAL/FIGADO E VIAS BILIARES;1050;41;25.61;0
2026/08;CIRURGIA GERAL/3;3082;60;51.37;0
2023/05;ORTOPEDIA/GERAL;1135;215;5.28;0
2024/12;CIRURGIA CARDÍACA - ANGIOPLASTIA;219;27;8.11;25
2023/01;ONCOLOGIA;22;2;11.0;27
2026/04;OFTALMOLOGIA/CATARATA OD;620;122;5.08;0
2023/02;GINECOLOGIA/3;21;1;21.0;0
2025/10;ORTOPEDIA/4;2664;16;166.5;0
2025/04;ORTOPEDIA/OMBRO;8502;69;123.22;0
2024/06;CIRURGIA GERAL/PAREDE E CAVIDADE ABDOMINAL;486;26;18.69;0
2023/06;COLOPROCTOLOGIA/3;323;5;64.6;0
2023/12;ORTOPEDIA/FIXADOR EXTERNO;688;28;24.57;0
2026/04;ORTOPEDIA/RETIRADA DE FIXADOR EXTERNO;401;13;30.85;0
2025/12;CIRURGIA GERAL/1;329;4;82.25;0
2025/03;ONCOLOGIA/GINECOLOGIA;314;11;28.55;0
2025/12;ONCOLOGIA/APARELHO DIGESTIVO;11;1;11.0;0
2025/12;ONCOLOGIA/DERMATOLOGIA;842;40;21.05;0
2024/04;ORTOPEDIA/5;651;3;217.0;0
2025/09;OTORRINOLARINGOLOGIA/NARIZ 1;627;21;29.86;0
2024/04;CIRURGIA GERAL/5;510;11;46.36;0
2025/01;CIRURGIA PLÁSTICA/5;1102;2;551.0;0
2024/01;ORTOPEDIA/6;168;2;84.0;0
2024/01;ORTOPEDIA/RETIRADA;257;4;64.25;0
2026/08;ORTOPEDIA/7;822;2;411.0;0
2024/07;CIRURGIA GERAL/5;80;3;26.67;0
2026/07;CIRURGIA VASCULAR/3;179;3;59.67;0
2024/10;CIRURGIA GERAL/PAREDE E CAVIDADE ABDOMINAL;2093;37;56.57;0
2024/03;ORTOPEDIA/COTOVELO;22;1;22.0;0
2025/04;CERFIS/1;415;10;41.5;0
2025/02;MASTOLOGIA/3;700;22;31.82;0
2026/06;PCCO - BARIATRICA;1947;30;64.9;29
2023/01;ORTOPEDIA/1;31;3;10.33;0
2025/10;ONCOLOGIA/APARELHO DIGESTIVO;36;1;36.0;0
2024/02;ORTOPEDIA/6;326;1;326.0;0
2024/06;ORTOPEDIA/PÉ/TORNOZELO;1159;27;42.93;0
2024/03;CIRURGIA GERAL/6;221;3;73.67;0
2023/06;ORTOPEDIA/13;7;2;3.5;0
2023/04;MASTOLOGIA/5;34;1;34.0;0
2025/06;CIRURGIA VASCULAR/4;381;6;63.5;0
2026/02;CIRURGIA PLÁSTICA/8;184;2;92.0;0
2023/10;ONCOLOGIA/UROLOGIA;450;9;50.0;0
2026/09;ORTOPEDIA/FIXADOR EXTERNO;45308;153;296.13;0
2025/08;ONCOLOGIA/MASTOLOGIA;102;7;14.57;0
2023/03;GINECOLOGIA/1;46;3;15.33;0
2026/09;CIRURGIA PLÁSTICA/9;3385;26;130.19;0
2026/01;OTORRINOLARINGOLOGIA/OUVIDO 1;386;6;64.33;0
2024/08;OTORRINOLARINGOLOGIA/4;342;1;342.0;0
2025/09;ORTOPEDIA/RETIRADA DE FIO OU PINO;2287;23;99.43;0
2024/11;CIRURGIA GERAL/2;23;5;4.6;0
2025/04;CIRURGIA GERAL/3;616;37;16.65;0
2023/11;UROLOGIA/2;1404;28;50.14;0
2023/02;ONCOLOGIA/GINECOLOGIA;37;4;9.25;0
2023/06;CIRURGIA CARDÍACA - PEDIATRICA;281;3;93.67;3
2024/05;MASTOLOGIA/4;8;1;8.0;0
2026/04;OTORRINOLARINGOLOGIA/NARIZ 1;173;6;28.83;0
2023/06;CIRURGIA PLÁSTICA/8;177;2;88.5;0
2024/03;CERFIS/2;144;14;10.29;0
2026/01;UROLOGIA/1;3347;48;69.73;0
2026/01;MASTOLOGIA/3;460;14;32.86;0
2026/05;UROLOGIA/1;8582;68;126.21;0
2024/01;NEUROCIRURGIA/5;79;2;39.5;0
2023/12;NEUROCIRURGIA/4;361;5;72.2;0
2024/05;CIRURGIA TORÁCICA/3;90;1;90.0;0
2025/07;GINECOLOGIA/GERAL;9135;67;136.34;0
2024/11;UROLOGIA/2;1610;17;94.71;0
2024/08;CIRURGIA PEDIÁTRICA/2;655;10;65.5;0
2023/09;OTORRINOLARINGOLOGIA/NARIZ 1;248;14;17.71;0
2023/08;ORTOPEDIA/COLUNA (ARTRODESE);714;19;37.58;0
2025/10;ORTOPEDIA/TUMOR;806;4;201.5;0
2025/03;UROLOGIA/6;242;3;80.67;0
2024/11;CIRURGIA VASCULAR/4;113;9;12.56;0
2024/05;CIRURGIA VASCULAR/5;5;2;2.5;0
2025/06;OFTALMOLOGIA/AMBULATORIAL - OE;9388;226;41.54;0
2026/01;OFTALMOLOGIA/HOSPITALAR - OD;972;6;162.0;0
2023/02;ORTOPEDIA/1;49;5;9.8;0
2026/03;UROLOGIA/2;1931;9;214.56;0
2026/06;BUCOMAXILOFACIAL/GERAL;290;12;24.17;0
2025/03;OFTALMOLOGIA/AMBULATORIAL - OE;7851;189;41.54;0
2023/08;NEUROCIRURGIA/4;220;9;24.44;0
2025/09;NEUROCIRURGIA/2;40;1;40.0;0
2023/04;ORTOPEDIA/PÉ/TORNOZELO;271;12;22.58;0
2023/11;ODONTOLOGIA PARA PACIENTES COM NECESSIDADES ESPECIAIS;2730;22;124.09;21
2023/05;MASTOLOGIA;18;2;9.0;22
2023/09;CIRURGIA PLÁSTICA/3;11;1;11.0;0
2025/07;ORTOPEDIA/JOELHO (ARTROSCOPIAS);14711;68;216.34;0
2026/06;ORTOPEDIA/RETIRADA DE FIO OU PINO;435;5;87.0;0
2023/05;ORTOPEDIA/COTOVELO;20;3;6.67;0
2025/07;ONCOLOGIA/COLOPROCTOLOGIA;107;7;15.29;0
2023/05;CIRURGIA PEDIÁTRICA/3;1139;14;81.36;0
2024/09;ORTOPEDIA/QUADRIL;4834;80;60.43;0
2025/11;UROLOGIA/RETIRADA DE DUPLO J;2205;143;15.42;0
2025/05;GASTROENTEROLOGIA;1;1;1.0;0
2023/01;ORTOPEDIA;1848;250;7.39;525
2025/02;BUCOMAXILOFACIAL/GERAL;469;14;33.5;0
2024/07;ORTOPEDIA/8;2667;6;444.5;0
2026/08;ORTOPEDIA/RETIRADA DE MATERIAL;13799;33;418.15;0
2026/07;OTORRINOLARINGOLOGIA/NARIZ 2;204;4;51.0;0
2025/12;CIRURGIA PEDIÁTRICA/1;7056;126;56.0;0
2024/10;UROLOGIA/2;2078;21;98.95;0
2026/04;ORTOPEDIA/RETIRADA DE FIO OU PINO;127;4;31.75;0
2024/10;UROLOGIA/4;83;1;83.0;0
2024/11;NEUROCIRURGIA/4;2571;15;171.4;0
2023/03;CIRURGIA TORÁCICA/3;0;4;0.0;0
2023/10;CIRURGIA GERAL/2;494;12;41.17;0
2023/09;CIRURGIA VASCULAR/1;2;10;0.2;0
2024/07;UROLOGIA/GERAL;8234;143;57.58;0
2025/05;ORTOPEDIA/JOELHO;59;7;8.43;0
2023/02;ORTOPEDIA/REVISÃO JOELHO;0;1;0.0;0
2025/03;CIRURGIA CARDÍACA - ANGIOPLASTIA;847;33;25.67;32
2025/04;CIRURGIA VASCULAR/4;24;2;12.0;0
2024/11;CIRURGIA GERAL/FIGADO E VIAS BILIARES;9487;42;225.88;0
2024/06;CERFIS/2;169;15;11.27;0
2024/05;OFTALMOLOGIA/OE;21616;501;43.15;0
2025/07;GINECOLOGIA/1;70;3;23.33;0
2025/09;OTORRINOLARINGOLOGIA/NARIZ 2;80;3;26.67;0
2025/06;BUCOMAXILOFACIAL;439;12;36.58;32
2026/08;COLOPROCTOLOGIA/3;189;1;189.0;0
2025/03;ORTOPEDIA/RETIRADA DE MATERIAL;2332;27;86.37;0
2024/07;ORTOPEDIA/1;615;77;7.99;0
2025/01;OTORRINOLARINGOLOGIA/LARINGE;535;4;133.75;0
2025/07;ORTOPEDIA/COLUNA (DEFORMIDADES);1699;4;424.75;0
2025/05;ORTOPEDIA/2;320;19;16.84;0
2023/08;UROLOGIA/5;825;24;34.38;0
2026/08;BUCOMAXILOFACIAL/ORTOGNÁTICA;695;9;77.22;0
2025/04;OTORRINOLARINGOLOGIA/OUVIDO 2;372;2;186.0;0
2026/09;CIRURGIA DE CABEÇA E PESCOÇO/3;524;2;262.0;0
2025/08;CIRURGIA GERAL/3;2242;47;47.7;0
2023/09;CIRURGIA GERAL/FIGADO E VIAS BILIARES;3609;75;48.12;0
2024/04;MASTOLOGIA/5;182;5;36.4;0
2023/12;ONCOLOGIA/DERMATOLOGIA;175;29;6.03;0
2025/02;ORTOPEDIA/PLEXO BRAQUIAL;412;3;137.33;0
2025/08;CIRURGIA GERAL/4;785;17;46.18;0
2024/11;ONCOLOGIA;1348;40;33.7;105
2024/09;ORTOPEDIA/RETIRADA DE MATERIAL SÍNTESE;255;25;10.2;0
2025/10;UROLOGIA/RETIRADA DE DUPLO J;3087;130;23.75;0
2025/05;DERMATOLOGIA;68;8;8.5;8
2023/01;CIRURGIA VASCULAR/2;16;11;1.45;0
2026/03;UROLOGIA/3;3189;19;167.84;0
2026/06;CIRURGIA PLÁSTICA/9;728;2;364.0;0
2023/06;CIRURGIA CARDÍACA - PEDIATRICA/HEMODINÂMICA;0;1;0.0;0
2023/07;CIRURGIA PLÁSTICA/10;271;4;67.75;0
2024/07;UROLOGIA/TRANSPLANTE RENAL 1;0;2;0.0;0
2026/07;OTORRINOLARINGOLOGIA/LARINGE;158;1;158.0;0
2026/05;CIRURGIA VASCULAR/6;131;5;26.2;0
2026/05;ORTOPEDIA/COLUNA (DEFORMIDADES);2721;7;388.71;0
2025/02;OFTALMOLOGIA/OE;41093;444;92.55;0
2026/05;CIRURGIA VASCULAR/1;135;5;27.0;0
2025/07;ONCOLOGIA PEDIATRICA;53;11;4.82;11
2026/06;CIRURGIA PLÁSTICA/10;4041;6;673.5;0
2026/09;CIRURGIA TORÁCICA;86;2;43.0;3
2023/05;ONCOLOGIA/UROLOGIA;273;8;34.13;0
2026/06;CIRURGIA GERAL/GERAL;3008;182;16.53;0
2025/03;ORTOPEDIA/PÉ/TORNOZELO;1476;68;21.71;0
2025/03;OTORRINOLARINGOLOGIA/3;2180;7;311.43;0
2023/06;ORTOPEDIA/COLUNA (ARTRODESE);619;12;51.58;0
2026/01;OTORRINOLARINGOLOGIA/IMPLANTE COCLEAR;28;2;14.0;0
2024/07;ORTOPEDIA/QUADRIL PEDIÁTRICA;959;4;239.75;0
2023/08;CIRURGIA GERAL/FIGADO E VIAS BILIARES;4274;79;54.1;0
2025/05;OTORRINOLARINGOLOGIA/NARIZ 2;193;6;32.17;0
2024/03;ORTOPEDIA/TUMOR;273;11;24.82;0
2024/10;ONCOLOGIA/UROLOGIA;84;9;9.33;0
2024/09;OTORRINOLARINGOLOGIA/CIRURGIAS PLÁSTICAS;252;4;63.0;0
2024/06;ORTOPEDIA/7;1067;4;266.75;0
2026/04;GINECOLOGIA/3;1355;2;677.5;0
2025/01;OTORRINOLARINGOLOGIA/1;54;2;27.0;0
2023/09;OTORRINOLARINGOLOGIA/OUVIDO 3;192;6;32.0;0
2026/06;CIRURGIA PEDIÁTRICA/3;280;2;140.0;0
2023/02;ONCOLOGIA;207;10;20.7;41
2023/08;ONCOLOGIA;292;12;24.33;79
2025/02;CIRURGIA PLÁSTICA/8;488;3;162.67;0
2026/09;CIRURGIA CARDÍACA - ADULTO/CIRURGIA CARDÍACA;5441;44;123.66;0
2024/10;GINECOLOGIA/GERAL;1759;26;67.65;0
2026/05;CIRURGIA GERAL/ESTOMAGO E INTESTINOS;1056;42;25.14;0
2026/03;CIRURGIA GERAL/4;2757;45;61.27;0
2023/03;CIRURGIA GERAL/FIGADO E VIAS BILIARES;1670;30;55.67;0
2025/05;CIRURGIA TORÁCICA;132;3;44.0;10
2024/05;CIRURGIA GERAL/FIGADO E VIAS BILIARES;6477;46;140.8;0
2026/09;PROGRAMA TRANSEXUALIZADOR/OTORRINOLARINGOLOGIA;1338;5;267.6;0
2023/10;ORTOPEDIA/COTOVELO;14;3;4.67;0
2025/08;CIRURGIA PLÁSTICA/10;3684;6;614.0;0
2026/07;ONCOLOGIA/APARELHO DIGESTIVO;11;2;5.5;0
2025/03;ORTOPEDIA/QUADRIL PEDIÁTRICA;1308;4;327.0;0
2025/06;CIRURGIA TORÁCICA/4;134;1;134.0;0
2026/06;NEUROCIRURGIA/2;929;7;132.71;0
2023/02;UROLOGIA/5;44;5;8.8;0
2023/01;CIRURGIA TORÁCICA/4;0;2;0.0;0
2026/05;MASTOLOGIA/5;476;6;79.33;0
2023/02;MASTOLOGIA/1;0;1;0.0;0
2025/06;OTORRINOLARINGOLOGIA/NARIZ 1;298;11;27.09;0
2025/05;NEUROCIRURGIA/4;1962;15;130.8;0
2025/01;GINECOLOGIA/6;2447;10;244.7;0
2024/10;UROLOGIA/RETIRADA DE DUPLO J;1615;109;14.82;0
2025/08;CIRURGIA DE CABEÇA E PESCOÇO/2;4159;9;462.11;0
2023/03;CERFIS/2;164;12;13.67;0
2026/03;ONCOLOGIA/COLOPROCTOLOGIA;17;2;8.5;0
2023/01;CIRURGIA VASCULAR/6;0;1;0.0;0
2026/07;CIRURGIA PLÁSTICA/3;719;2;359.5;0
2024/10;CIRURGIA PLÁSTICA/10;582;2;291.0;0
2025/09;PCCO - BARIATRICA;481;23;20.91;22
2026/09;CIRURGIA GERAL/7;120402;303;397.37;0
2023/03;OTORRINOLARINGOLOGIA/OUVIDO 1;44;4;11.0;0
2025/05;UROLOGIA/6;757;2;378.5;0
2025/03;UROLOGIA/2;412;6;68.67;0
2025/02;CERFIS/1;52;3;17.33;0
2023/10;ORTOPEDIA/7;255;4;63.75;0
2025/01;UROLOGIA/TRANSPLANTE RENAL 1;0;1;0.0;0
2025/06;CIRURGIA PLÁSTICA/5;1633;3;544.33;0
2024/12;CIRURGIA GERAL/7;1857;5;371.4;0
2024/11;CIRURGIA TORÁCICA/3;980;5;196.0;0
2025/01;BUCOMAXILOFACIAL;34;7;4.86;23
2023/06;OTORRINOLARINGOLOGIA/2;285;3;95.0;0
2025/07;CIRURGIA VASCULAR/4;219;13;16.85;0
2023/03;ORTOPEDIA/QUADRIL PEDIÁTRICA;13;1;13.0;0
2024/05;NEUROCIRURGIA/1;4326;27;160.22;0
2024/09;ORTOPEDIA/JOELHO (ARTROSCOPIAS);11014;47;234.34;0
2025/02;ONCOLOGIA/MASTOLOGIA;381;10;38.1;0
2023/11;CIRURGIA GERAL/4;1337;23;58.13;0
2023/03;GINECOLOGIA/3;110;4;27.5;0
2023/04;CIRURGIA GERAL/ESTOMAGO E INTESTINOS;1142;51;22.39;0
2023/04;CIRURGIA CARDÍACA - ADULTO/GERAL;220;4;55.0;0
2023/01;OFTALMOLOGIA/CATARATA OE;260;124;2.1;0
2023/10;CIRURGIA CARDÍACA - ADULTO/MARCAPASSO;44;1;44.0;0
2023/06;ORTOPEDIA/REVISÃO QUADRIL;302;12;25.17;0
2025/08;MASTOLOGIA/3;438;15;29.2;0
2024/09;CIRURGIA VASCULAR/2;181;11;16.45;0
2025/10;CIRURGIA GERAL/2;211;6;35.17;0
2025/09;CIRURGIA GERAL/FIGADO E VIAS BILIARES;884;51;17.33;0
2025/08;ORTOPEDIA/PEDIÁTRICA GERAL;1595;20;79.75;0
2024/07;CIRURGIA GERAL/PAREDE E CAVIDADE ABDOMINAL;1539;32;48.09;0
2023/08;CIRURGIA PLÁSTICA/GERAL;181;6;30.17;0
2023/06;CIRURGIA GERAL/8;0;5;0.0;0
2026/01;OFTALMOLOGIA/AMBULATORIAL - OD;16957;157;108.01;0
2024/04;GASTROENTEROLOGIA;34;1;34.0;1
2023/12;CIRURGIA PLÁSTICA/7;210;1;210.0;0
2026/02;ORTOPEDIA/PÉ/TORNOZELO;832;30;27.73;0
2023/07;ORTOPEDIA;4902;447;10.97;949
2025/02;PROGRAMA TRANSEXUALIZADOR/GINECOLOGIA;1202;7;171.71;0
2026/05;CIRURGIA PLÁSTICA/8;1019;4;254.75;0
2024/03;UROLOGIA/RETIRADA;2672;77;34.7;0
2023/06;GINECOLOGIA/9;111;1;111.0;0
2026/03;CIRURGIA PEDIÁTRICA;2464;24;102.67;112
2025/11;ONCOLOGIA;6555;99;66.21;173
2025/12;NEUROCIRURGIA/2;2867;13;220.54;0
2025/06;GINECOLOGIA/3;1657;8;207.13;0
2024/03;CIRURGIA VASCULAR/6;2049;8;256.13;0
2026/09;ORTOPEDIA/9;40405;146;276.75;0
2025/05;CIRURGIA GERAL/ESTOMAGO E INTESTINOS;479;34;14.09;0
2023/08;ORTOPEDIA/3;13;3;4.33;0
2024/04;CIRURGIA TORÁCICA/1;355;1;355.0;0
2023/08;NEUROCIRURGIA/3;43;2;21.5;0
2025/08;UROLOGIA/RETIRADA DE DUPLO J;2580;135;19.11;0
2026/05;OTORRINOLARINGOLOGIA;4404;74;59.51;168
2025/05;OTORRINOLARINGOLOGIA/CAVIDADE ORAL;197;5;39.4;0
2023/12;OTORRINOLARINGOLOGIA/CAVIDADE ORAL;925;24;38.54;0
2024/11;GINECOLOGIA/7;86;1;86.0;0
2024/11;GINECOLOGIA;20868;463;45.07;497
2026/01;CIRURGIA GERAL/2;47;6;7.83;0
2025/04;ORTOPEDIA/GERAL;1560;33;47.27;0
2026/07;COLOPROCTOLOGIA/3;1057;5;211.4;0
2024/09;ORTOPEDIA/QUADRIL PEDIÁTRICA;297;2;148.5;0
2023/02;CIRURGIA PLÁSTICA/GERAL;17;2;8.5;0
2025/11;GINECOLOGIA/6;2548;12;212.33;0
2024/07;NEUROCIRURGIA/4;4198;22;190.82;0
2026/04;ORTOPEDIA/ARTROPLASTIA;299;1;299.0;0
2025/03;BUCOMAXILOFACIAL/GERAL;350;13;26.92;0
2023/12;CIRURGIA GERAL/8;10;6;1.67;0
2026/05;MASTOLOGIA/2;24;1;24.0;0
2025/04;CIRURGIA VASCULAR/2;635;5;127.0;0
2025/09;BUCOMAXILOFACIAL/ORTOGNÁTICA;270;6;45.0;0
2025/07;CARDIOLOGIA;189;3;63.0;3
2023/10;NEUROCIRURGIA/3;0;1;0.0;0
2023/01;ORTOPEDIA/COLUNA (DEFORMIDADES);0;4;0.0;0
2025/05;OTORRINOLARINGOLOGIA/OUVIDO 3;703;8;87.88;0
2026/07;OFTALMOLOGIA/AMBULATORIAL - OE;18524;210;88.21;0
2024/07;ORTOPEDIA/TUMOR;224;7;32.0;0
2023/12;CERFIS/1;20;3;6.67;0
2026/01;COLOPROCTOLOGIA/3;201;1;201.0;0
2025/03;CIRURGIA PLÁSTICA/1;164;3;54.67;0
2023/05;ORTOPEDIA/OMBRO;2129;85;25.05;0
2026/06;CERFIS/1;66;4;16.5;0
2026/06;OTORRINOLARINGOLOGIA/5;1895;2;947.5;0
2026/03;UROLOGIA/RETIRADA DE DUPLO J;2820;175;16.11;0
2025/01;OTORRINOLARINGOLOGIA;4039;67;60.28;126
2025/02;OTORRINOLARINGOLOGIA/LARINGE;38;2;19.0;0
2025/08;OTORRINOLARINGOLOGIA/1;201;5;40.2;0
2023/12;NEUROCIRURGIA/5;120;2;60.0;0
2026/05;MASTOLOGIA/1;26;1;26.0;0
2025/07;CIRURGIA GERAL/3;1318;52;25.35;0
2024/11;CIRURGIA VASCULAR/6;36;2;18.0;0
2026/09;UROLOGIA/5;20061;92;218.05;0
2024/03;GINECOLOGIA/1;106;3;35.33;0
2024/10;ORTOPEDIA/JOELHO;35;1;35.0;0
2026/05;MASTOLOGIA/3;952;21;45.33;0
2026/03;OFTALMOLOGIA/OE;60542;538;112.53;0
2024/02;ONCOLOGIA/DERMATOLOGIA;243;20;12.15;0
2023/06;CIRURGIA TORÁCICA;167;4;41.75;11
2024/04;ORTOPEDIA/REVISÃO JOELHO;431;2;215.5;0
2024/04;OTORRINOLARINGOLOGIA/1;72;3;24.0;0
2026/06;ORTOPEDIA/PÉ E TORNOZELO;122;1;122.0;0
2024/02;CIRURGIA TORÁCICA/3;16;3;5.33;0
2024/10;ORTOPEDIA/6;1015;3;338.33;0
2023/05;CIRURGIA GERAL/ESTOMAGO E INTESTINOS;822;52;15.81;0
2023/01;CIRURGIA VASCULAR/1;9;35;0.26;0
2023/07;ORTOPEDIA/13;0;1;0.0;0
2025/10;CIRURGIA PEDIÁTRICA/2;989;11;89.91;0
2023/06;ORTOPEDIA/6;95;2;47.5;0
2023/09;CIRURGIA PLÁSTICA/GERAL;189;3;63.0;0
2024/03;ORTOPEDIA/3;203;2;101.5;0
2025/11;ORTOPEDIA/REVISÃO QUADRIL;3515;5;703.0;0
2023/02;CIRURGIA GERAL/1;0;6;0.0;0
2024/06;CIRURGIA PEDIÁTRICA/1;1756;70;25.09;0
2026/06;CIRURGIA TORÁCICA/3;5;1;5.0;0
2025/09;GINECOLOGIA/1;63;1;63.0;0
2023/06;CIRURGIA PEDIÁTRICA/1;3046;39;78.1;0
2024/04;GINECOLOGIA/6;3213;12;267.75;0
2024/03;ORTOPEDIA/2;216;20;10.8;0
2024/08;ORTOPEDIA/FIXADOR EXTERNO;1200;20;60.0;0
2023/06;CIRURGIA DE CABEÇA E PESCOÇO/1;49;2;24.5;0
2024/03;CIRURGIA GERAL/ESTOMAGO E INTESTINOS;164;39;4.21;0
2025/08;UROLOGIA/7;14955;22;679.77;0
2026/09;UROLOGIA/7;88411;163;542.4;0
2023/11;ORTOPEDIA/COTOVELO;27;5;5.4;0
2026/06;MASTOLOGIA/4;12;1;12.0;0
2025/11;CIRURGIA GERAL/3;1849;45;41.09;0
2024/07;ORTOPEDIA;14799;681;21.73;1028
2025/07;ORTOPEDIA/PEDIÁTRICA GERAL;1369;31;44.16;0
2025/08;NEUROCIRURGIA/5;1478;2;739.0;0
2025/06;OTORRINOLARINGOLOGIA/CAVIDADE ORAL;1542;28;55.07;0
2025/02;GINECOLOGIA/HISTERECTOMIA;92;2;46.0;0
2025/10;MASTOLOGIA/5;200;4;50.0;0
2025/09;COLOPROCTOLOGIA;854;21;40.67;56
2026/01;UROLOGIA;4188;90;46.53;462
2026/07;OFTALMOLOGIA/CATARATA OD;420;121;3.47;0
2026/03;ORTOPEDIA/GERAL E TRAUMATOLOGIA;40;3;13.33;0
2026/02;CIRURGIA PLÁSTICA/9;348;4;87.0;0
2026/09;ONCOLOGIA/CIRURGIA GERAL;492;29;16.97;0
2026/01;MASTOLOGIA/4;7;1;7.0;0
2025/08;ONCOLOGIA/CIRURGIA GERAL;108;11;9.82;0
2025/04;OTORRINOLARINGOLOGIA/3;905;6;150.83;0
2023/08;MASTOLOGIA/3;834;25;33.36;0
2023/10;ORTOPEDIA/RETIRADA;219;15;14.6;0
2024/11;UROLOGIA/4;228;6;38.0;0
2024/11;OTORRINOLARINGOLOGIA/IMPLANTE COCLEAR;812;3;270.67;0
2025/04;CIRURGIA GERAL/5;1713;9;190.33;0
2026/03;BUCOMAXILOFACIAL/GERAL;1350;21;64.29;0
2026/08;CIRURGIA PEDIÁTRICA/3;743;3;247.67;0
2025/02;UROLOGIA/LITIASE;304;17;17.88;0
2026/03;OFTALMOLOGIA/AMBULATORIAL - OD;24632;340;72.45;0
2026/01;OFTALMOLOGIA/HOSPITALAR - OE;1665;11;151.36;0
2024/03;COLOPROCTOLOGIA;610;20;30.5;48
2025/05;MASTOLOGIA;239;3;79.67;26
2026/04;ORTOPEDIA/MÃO;7496;94;79.74;0
2025/01;ORTOPEDIA/JOELHO (ATJ);6101;11;554.64;0
2025/06;OTORRINOLARINGOLOGIA;6031;51;118.25;131
2025/05;OTORRINOLARINGOLOGIA/CIRURGIAS PLÁSTICAS;179;6;29.83;0
2023/11;ORTOPEDIA/PÉ/TORNOZELO;1562;51;30.63;0
2024/09;GINECOLOGIA/4;22;1;22.0;0
2025/07;ORTOPEDIA/REVISÃO JOELHO;400;1;400.0;0
2024/12;OTORRINOLARINGOLOGIA/OUVIDO 2;146;1;146.0;0
2026/04;GINECOLOGIA/HISTERECTOMIA;721;6;120.17;0
2025/10;COLOPROCTOLOGIA/1;341;24;14.21;0
2025/12;ORTOPEDIA/GERAL;4221;36;117.25;0
2023/03;CIRURGIA PLÁSTICA/RINOPLASTIA;2;1;2.0;0
2024/08;COLOPROCTOLOGIA/1;2257;26;86.81;0
2026/07;COLOPROCTOLOGIA;917;28;32.75;52
2025/09;ODONTOLOGIA PARA PACIENTES COM NECESSIDADES ESPECIAIS;1441;34;42.38;32
2024/12;CIRURGIA PEDIÁTRICA/2;521;7;74.43;0
2023/06;GINECOLOGIA;7705;386;19.96;393
2026/03;NEUROCIRURGIA;517;3;172.33;31
2026/03;OFTALMOLOGIA/OD;40224;404;99.56;0
2024/01;ORTOPEDIA/REVISÃO QUADRIL;0;9;0.0;0
2024/08;ORTOPEDIA/8;2070;5;414.0;0
2025/04;CIRURGIA VASCULAR/3;174;7;24.86;0
2025/07;MASTOLOGIA;517;15;34.47;35
2025/07;OFTALMOLOGIA/CATARATA OE;654;179;3.65;0
2023/09;NEUROCIRURGIA/3;67;4;16.75;0
2024/02;ORTOPEDIA/13;296;1;296.0;0
2024/07;DERMATOLOGIA;471;21;22.43;20
2026/01;ORTOPEDIA/PÉ E TORNOZELO;6;1;6.0;0
2023/10;ORTOPEDIA/JOELHO (ARTROSCOPIAS);1501;42;35.74;0
2025/11;OFTALMOLOGIA/CATARATA OE;614;124;4.95;0
2026/04;OTORRINOLARINGOLOGIA/2;1272;6;212.0;0
2023/08;COLOPROCTOLOGIA/1;2239;57;39.28;0
2025/02;GINECOLOGIA/6;4362;19;229.58;0
2025/09;ONCOLOGIA;6274;102;61.51;178
2024/07;ONCOLOGIA/DERMATOLOGIA;730;37;19.73;0
2026/01;ORTOPEDIA/RETIRADA DE FIXADOR EXTERNO;1123;30;37.43;0
2023/12;OFTALMOLOGIA/PTERIGIO OE;193;126;1.53;0
2026/08;GINECOLOGIA/GERAL;1374;39;35.23;0
2023/03;DERMATOLOGIA;183;15;12.2;15
2026/09;OTORRINOLARINGOLOGIA/7;2318;19;122.0;0
2026/07;UROLOGIA/TROCA DE DUPLO J;1507;49;30.76;0
2026/05;UROLOGIA/5;1369;5;273.8;0
2026/05;CIRURGIA PLÁSTICA/GERAL;264;3;88.0;0
2024/08;ORTOPEDIA/COLUNA (BLOQUEIOS);393;4;98.25;0
2023/07;ORTOPEDIA/5;0;1;0.0;0
2024/09;UROLOGIA;9561;154;62.08;452
2023/12;ORTOPEDIA/GERAL;501;100;5.01;0
2024/07;NEUROCIRURGIA/2;565;7;80.71;0
2024/06;OTORRINOLARINGOLOGIA/OUVIDO 2;400;2;200.0;0
2024/02;CIRURGIA TORÁCICA/2;462;5;92.4;0
2026/02;OTORRINOLARINGOLOGIA/IMPLANTE COCLEAR;320;2;160.0;0
2023/07;ONCOLOGIA/GINECOLOGIA;40;2;20.0;0
2024/01;OFTALMOLOGIA/CATARATA OD;352;124;2.84;0
2026/09;CIRURGIA DE CABEÇA E PESCOÇO;1526;6;254.33;6
2026/03;ORTOPEDIA/COLUNA (BLOQUEIOS);290;3;96.67;0
2026/04;ONCOLOGIA/DERMATOLOGIA;671;63;10.65;0
2025/05;ORTOPEDIA/OMBRO;10691;71;150.58;0
2026/08;ORTOPEDIA/MÃO;23390;70;334.14;0
2025/12;CIRURGIA GERAL/PAREDE E CAVIDADE ABDOMINAL;535;25;21.4;0
2023/01;OTORRINOLARINGOLOGIA/NARIZ 2;11;4;2.75;0
2026/07;CIRURGIA PLÁSTICA/10;4320;8;540.0;0
2024/11;ORTOPEDIA/QUADRIL PEDIÁTRICA;394;1;394.0;0
2026/05;OFTALMOLOGIA/OE;30552;416;73.44;0
2023/11;UROLOGIA/GERAL;3487;49;71.16;0
2026/01;UROLOGIA/TROCA DE DUPLO J;2592;56;46.29;0
2024/05;CIRURGIA TORÁCICA/6;0;1;0.0;0
2024/04;UROLOGIA/5;1468;15;97.87;0
2023/07;NEUROCIRURGIA/4;112;7;16.0;0
2024/06;UROLOGIA/4;213;6;35.5;0
2025/05;CIRURGIA PEDIÁTRICA;3648;41;88.98;119
2023/07;ORTOPEDIA/JOELHO (ARTROSCOPIAS);223;12;18.58;0
2023/02;UROLOGIA/3;153;9;17.0;0
2025/11;ORTOPEDIA/JOELHO (ARTROSCOPIAS);10884;37;294.16;0
2023/08;ORTOPEDIA/COLUNA (BLOQUEIOS);321;7;45.86;0
2025/09;CARDIOLOGIA;3187;20;159.35;20
2023/12;CERFIS/2;97;14;6.93;0
2024/02;GINECOLOGIA/6;1218;4;304.5;0
2025/09;CERFIS/1;124;6;20.67;0
2024/07;CIRURGIA GERAL/FIGADO E VIAS BILIARES;4898;41;119.46;0
2023/10;CIRURGIA PEDIÁTRICA/2;1305;14;93.21;0
2025/05;ORTOPEDIA/COLUNA (ARTRODESE);1457;14;104.07;0
2026/07;CIRURGIA VASCULAR/1;35;3;11.67;0
2025/04;CIRURGIA GERAL/PAREDE E CAVIDADE ABDOMINAL;2243;27;83.07;0
2025/12;COLOPROCTOLOGIA/3;623;4;155.75;0
2026/05;ORTOPEDIA/COLUNA (ARTRODESE);2360;8;295.0;0
2023/06;GINECOLOGIA/4;99;2;49.5;0
2025/09;OTORRINOLARINGOLOGIA/3;1252;5;250.4;0
2023/08;CIRURGIA PLÁSTICA/3;263;3;87.67;0
2024/02;CIRURGIA CARDÍACA - ADULTO/CIRURGIA CARDÍACA;252;2;126.0;0
2023/01;CIRURGIA GERAL/1;0;2;0.0;0
2026/04;ORTOPEDIA/11;1314;2;657.0;0
2024/01;ONCOLOGIA/MASTOLOGIA;5;1;5.0;0
2023/07;CIRURGIA PLÁSTICA/6;649;9;72.11;0
2026/05;ORTOPEDIA/QUADRIL PEDIÁTRICA;56;1;56.0;0
2026/07;CIRURGIA DE CABEÇA E PESCOÇO/2;5634;16;352.13;0
2024/06;UROLOGIA/5;653;11;59.36;0
2023/04;CIRURGIA VASCULAR/1;0;16;0.0;0
2025/10;GINECOLOGIA/4;203;3;67.67;0
2025/08;OFTALMOLOGIA/HOSPITALAR - OE;717;11;65.18;0
2025/11;CIRURGIA VASCULAR/7;54;1;54.0;0
2024/05;ORTOPEDIA/8;666;3;222.0;0
2024/12;ORTOPEDIA/4;893;8;111.63;0
2023/09;CIRURGIA PEDIÁTRICA/2;1795;20;89.75;0
2025/09;BUCOMAXILOFACIAL/GERAL;746;14;53.29;0
2025/07;CIRURGIA GERAL/FIGADO E VIAS BILIARES;1601;45;35.58;0
2026/07;ORTOPEDIA/OMBRO;8114;86;94.35;0
2024/05;UROLOGIA/6;1149;4;287.25;0
2024/01;BUCOMAXILOFACIAL/GERAL;874;20;43.7;0
2023/03;ORTOPEDIA/GERAL;1029;189;5.44;0
2023/05;CIRURGIA VASCULAR;3990;99;40.3;180
2026/09;CIRURGIA PEDIÁTRICA/3;1235;14;88.21;0
2025/07;OTORRINOLARINGOLOGIA/5;702;1;702.0;0
2023/01;CIRURGIA DE CABEÇA E PESCOÇO/2;9;2;4.5;0
2023/12;GINECOLOGIA/HISTERECTOMIA;822;11;74.73;0
2026/02;ORTOPEDIA/QUADRIL;3207;56;57.27;0
2026/07;ORTOPEDIA/MÃO E PUNHO;47;3;15.67;0
2023/05;OTORRINOLARINGOLOGIA;1654;30;55.13;111
2023/04;CIRURGIA GERAL/FIGADO E VIAS BILIARES;870;13;66.92;0
2024/11;CIRURGIA PEDIÁTRICA/3;681;6;113.5;0
2023/03;PCCO - BARIATRICA;119;6;19.83;6
2025/07;CIRURGIA GERAL/4;671;18;37.28;0
2026/05;ORTOPEDIA/JOELHO (ARTROSCOPIAS);2350;44;53.41;0
2023/09;OTORRINOLARINGOLOGIA/5;43;1;43.0;0
2024/12;GINECOLOGIA/9;476;1;476.0;0
2023/03;CIRURGIA GERAL/ESTOMAGO E INTESTINOS;350;52;6.73;0
2024/09;GINECOLOGIA/MUTIRÃO;100;5;20.0;0
2024/04;CIRURGIA TORÁCICA/3;1185;3;395.0;0
2024/04;ORTOPEDIA/1;615;60;10.25;0
2024/11;OTORRINOLARINGOLOGIA/1;359;8;44.88;0
2024/05;NEUROCIRURGIA/3;0;2;0.0;0
2025/01;OTORRINOLARINGOLOGIA/2;429;7;61.29;0
2024/01;CIRURGIA CARDÍACA - ADULTO/GERAL;1352;4;338.0;0
2025/10;COLOPROCTOLOGIA;1018;21;48.48;48
2023/06;CIRURGIA GERAL/ESTOMAGO E INTESTINOS;672;37;18.16;0
2025/07;UROLOGIA/1;1981;45;44.02;0
2024/07;ORTOPEDIA/10;382;1;382.0;0
2024/02;CIRURGIA PLÁSTICA/8;1107;7;158.14;0
2024/05;OTORRINOLARINGOLOGIA/NARIZ 1;498;11;45.27;0
2024/10;CIRURGIA GERAL/6;751;9;83.44;0
2025/02;ORTOPEDIA/COLUNA (DEFORMIDADES);1881;4;470.25;0
2023/12;CIRURGIA CARDÍACA - ADULTO/CIRURGIA CARDÍACA;394;2;197.0;0
2025/02;UROLOGIA/RETIRADA DE DUPLO J;2885;118;24.45;0
2023/05;CIRURGIA GERAL/6;88;12;7.33;0
2025/12;ORTOPEDIA/JOELHO (ARTROSCOPIAS);8506;40;212.65;0
2024/11;UROLOGIA/8;1869;13;143.77;0
2024/04;UROLOGIA/6;771;3;257.0;0
2026/02;ORTOPEDIA/COTOVELO;13;1;13.0;0
2026/06;NEUROCIRURGIA/1;1302;12;108.5;0
2024/01;CERFIS/2;132;16;8.25;0
2024/04;CIRURGIA GERAL/8;0;6;0.0;0
2025/12;GINECOLOGIA/6;558;6;93.0;0
2023/11;CIRURGIA GERAL/1;692;5;138.4;0
2025/05;CIRURGIA GERAL/FIGADO E VIAS BILIARES;1693;59;28.69;0
2023/09;CIRURGIA TORÁCICA/3;462;2;231.0;0
2026/01;ORTOPEDIA/REVISÃO QUADRIL;1083;1;1083.0;0
2025/05;GINECOLOGIA/9;860;2;430.0;0
2023/06;OFTALMOLOGIA/PTERIGIO OD;230;102;2.25;0
2025/04;CIRURGIA CARDÍACA - ANGIOPLASTIA;473;26;18.19;26
2024/12;CIRURGIA PLÁSTICA/GERAL;12;1;12.0;0
2024/04;OTORRINOLARINGOLOGIA/CIRURGIAS PLÁSTICAS;2086;9;231.78;0
2025/06;ONCOLOGIA/GINECOLOGIA;280;11;25.45;0
2023/12;ORTOPEDIA/9;270;8;33.75;0
2024/06;OTORRINOLARINGOLOGIA/1;24;2;12.0;0
2024/06;DERMATOLOGIA;375;25;15.0;25
2026/09;ODONTOLOGIA PARA PACIENTES COM NECESSIDADES ESPECIAIS;6069;117;51.87;18
2024/09;CIRURGIA PLÁSTICA/10;394;1;394.0;0
2023/01;CIRURGIA GERAL/4;21;1;21.0;0
2025/06;CIRURGIA GERAL/PAREDE E CAVIDADE ABDOMINAL;1361;26;52.35;0
2026/08;NEUROCIRURGIA/7;170;2;85.0;0
2024/02;CIRURGIA VASCULAR;6950;105;66.19;165
2023/04;ORTOPEDIA/3;55;5;11.0;0
2023/12;UROLOGIA/4;236;9;26.22;0
2025/01;ORTOPEDIA/JOELHO (ARTROSCOPIAS);15374;44;349.41;0
2026/05;CIRURGIA GERAL/3;5725;70;81.79;0
2025/06;ORTOPEDIA/10;1196;2;598.0;0
2024/07;COLOPROCTOLOGIA/1;1749;26;67.27;0
2025/08;ORTOPEDIA/COLUNA (DEFORMIDADES);2243;5;448.6;0
2024/08;ORTOPEDIA/GERAL;829;8;103.63;0
2023/02;UROLOGIA/RETIRADA;753;61;12.34;0
2023/05;OTORRINOLARINGOLOGIA/IMPLANTE COCLEAR;376;3;125.33;0
2024/10;CIRURGIA GERAL/10;192;2;96.0;0
2023/02;MASTOLOGIA/4;26;3;8.67;0
2023/01;ORTOPEDIA/JOELHO (ARTROSCOPIAS);30;4;7.5;0
2024/07;ORTOPEDIA/REVISÃO QUADRIL;529;1;529.0;0
2026/03;COLOPROCTOLOGIA/3;133;1;133.0;0
2024/01;UROLOGIA/4;91;2;45.5;0
2024/02;OTORRINOLARINGOLOGIA/OUVIDO 1;983;8;122.88;0
2024/01;GINECOLOGIA/8;427;3;142.33;0
2024/09;CIRURGIA VASCULAR/1;44;15;2.93;0
2023/10;CIRURGIA GERAL/4;553;15;36.87;0
2025/04;CIRURGIA PLÁSTICA/6;599;6;99.83;0
2025/03;ORTOPEDIA;30396;558;54.47;1056
2023/01;CIRURGIA PEDIÁTRICA/2;40;4;10.0;0
2024/09;CIRURGIA PLÁSTICA/6;813;4;203.25;0
2024/03;ORTOPEDIA/10;639;3;213.0;0
2025/01;OTORRINOLARINGOLOGIA/NARIZ 1;51;6;8.5;0
2025/02;GINECOLOGIA/1;1014;3;338.0;0
2024/04;OFTALMOLOGIA/OE;28860;528;54.66;0
2026/02;OTORRINOLARINGOLOGIA/4;232;2;116.0;0
2023/03;CIRURGIA CARDÍACA - ADULTO;108;8;13.5;6
2025/06;UROLOGIA/8;3568;17;209.88;0
2024/04;PROGRAMA TRANSEXUALIZADOR;756;7;108.0;6
2023/02;OTORRINOLARINGOLOGIA;136;6;22.67;63
2024/09;BUCOMAXILOFACIAL;39;6;6.5;18
2025/02;OTORRINOLARINGOLOGIA/NARIZ 1;96;7;13.71;0
2025/09;CIRURGIA PLÁSTICA/4;152;1;152.0;0
2023/03;ODONTOLOGIA PARA PACIENTES COM NECESSIDADES ESPECIAIS;456;18;25.33;17
2023/04;NEUROCIRURGIA/1;0;2;0.0;0
2023/04;CIRURGIA DE CABEÇA E PESCOÇO/4;0;1;0.0;0
2024/06;ORTOPEDIA/MÃO;14303;51;280.45;0
2026/09;CIRURGIA VASCULAR/1;436;8;54.5;0
2023/12;ORTOPEDIA/QUADRIL;4966;83;59.83;0
2026/07;ORTOPEDIA/RETIRADA DE FIO OU PINO;184;6;30.67;0
2023/02;CIRURGIA VASCULAR/4;16;1;16.0;0
2025/01;CIRURGIA GERAL/FIGADO E VIAS BILIARES;13274;80;165.93;0
2026/07;GINECOLOGIA/4;12;1;12.0;0
2026/08;CIRURGIA CARDÍACA - ADULTO/MARCAPASSO;592;12;49.33;0
2025/03;ORTOPEDIA/6;1036;3;345.33;0
2026/02;UROLOGIA/4;871;6;145.17;0
2025/11;ORTOPEDIA/OMBRO;2623;54;48.57;0
2025/02;BUCOMAXILOFACIAL/ORTOGNÁTICA;25;2;12.5;0
2024/06;NEUROCIRURGIA/5;258;2;129.0;0
2025/06;CIRURGIA GERAL/3;1772;32;55.38;0
2024/03;CIRURGIA PLÁSTICA/2;195;1;195.0;0
2026/05;OTORRINOLARINGOLOGIA/CAVIDADE ORAL;2157;52;41.48;0
2024/01;MASTOLOGIA/4;20;2;10.0;0
2023/11;OFTALMOLOGIA/CATARATA OE;302;107;2.82;0
2023/06;ONCOLOGIA/MASTOLOGIA;108;6;18.0;0
2023/12;GINECOLOGIA/6;519;2;259.5;0
2026/04;CIRURGIA PLÁSTICA/GERAL;329;2;164.5;0
2023/05;ODONTOLOGIA PARA PACIENTES COM NECESSIDADES ESPECIAIS;786;17;46.24;16
2023/10;CIRURGIA PLÁSTICA/10;205;4;51.25;0
2024/09;ORTOPEDIA/8;6489;14;463.5;0
2025/07;CIRURGIA VASCULAR/7;322;1;322.0;0
2025/09;UROLOGIA/GERAL;14765;156;94.65;0
2024/03;MASTOLOGIA;324;6;54.0;26
2025/11;BUCOMAXILOFACIAL;26;7;3.71;24
2026/02;UROLOGIA/GERAL;29252;199;146.99;0
2024/06;BUCOMAXILOFACIAL/ORTOGNÁTICA;224;5;44.8;0
2025/10;ORTOPEDIA/RETIRADA DE FIXADOR EXTERNO;636;36;17.67;0
2025/12;ORTOPEDIA/FIXADOR EXTERNO;1774;17;104.35;0
2026/09;CERFIS/1;309;17;18.18;0
2024/07;ONCOLOGIA/CIRURGIA GERAL;434;18;24.11;0
2026/05;CIRURGIA GERAL/8;210;2;105.0;0
2026/03;CIRURGIA GERAL/7;5785;11;525.91;0
2024/05;PROGRAMA TRANSEXUALIZADOR;1063;9;118.11;5
2024/04;ORTOPEDIA/COLUNA (BLOQUEIOS);1052;8;131.5;0
2024/02;CIRURGIA VASCULAR/2;70;6;11.67;0
2025/01;ORTOPEDIA/RETIRADA DE MATERIAL;1720;9;191.11;0
2026/05;OFTALMOLOGIA/CATARATA OD;512;122;4.2;0
2025/11;CIRURGIA PLÁSTICA/10;776;2;388.0;0
2025/12;ORTOPEDIA/1;135;27;5.0;0
2025/12;NEUROCIRURGIA/5;1208;4;302.0;0
2025/12;CIRURGIA PLÁSTICA/6;1683;12;140.25;0
2025/11;CIRURGIA TORÁCICA/2;10;1;10.0;0
2023/03;CIRURGIA GERAL;12055;665;18.13;884
2025/05;ODONTOLOGIA PARA PACIENTES COM NECESSIDADES ESPECIAIS;548;27;20.3;21
2024/01;BUCOMAXILOFACIAL/ORTOGNÁTICA;122;3;40.67;0
2026/04;ORTOPEDIA;50668;669;75.74;1115
2023/01;CIRURGIA VASCULAR/9;0;1;0.0;0
2025/07;CIRURGIA VASCULAR/GERAL;19846;82;242.02;0
2025/07;ONCOLOGIA/MASTOLOGIA;154;8;19.25;0
2024/12;OFTALMOLOGIA/HOSPITALAR - OE;383;20;19.15;0
2025/05;OTORRINOLARINGOLOGIA/3;2909;9;323.22;0
2025/06;OTORRINOLARINGOLOGIA/5;1219;2;609.5;0
2025/03;CIRURGIA CARDÍACA - ADULTO/CIRURGIA CARDÍACA;1427;4;356.75;0
2024/05;ORTOPEDIA/REVISÃO JOELHO;234;1;234.0;0
2023/02;ORTOPEDIA/2;22;3;7.33;0
2024/08;CIRURGIA GERAL/1;120;5;24.0;0
2025/03;CIRURGIA GERAL/5;563;2;281.5;0
2024/10;ORTOPEDIA/QUADRIL PEDIÁTRICA;1247;4;311.75;0
2025/04;CIRURGIA PEDIÁTRICA/3;34;1;34.0;0
2024/06;CIRURGIA GERAL/6;23;5;4.6;0
2025/06;OFTALMOLOGIA/CATARATA OD;86;63;1.37;0
2025/02;UROLOGIA/8;2239;17;131.71;0
2023/07;CIRURGIA CARDÍACA - PEDIATRICA;344;3;114.67;4
2026/08;COLOPROCTOLOGIA;1999;38;52.61;63
2026/04;CIRURGIA GERAL/PAREDE E CAVIDADE ABDOMINAL;439;28;15.68;0
2026/04;PCCO - BARIATRICA;1964;30;65.47;28
2025/02;OFTALMOLOGIA/AMBULATORIAL - OE;7608;200;38.04;0
2023/04;CIRURGIA VASCULAR;1278;58;22.03;112
2026/08;CIRURGIA PLÁSTICA/6;2825;9;313.89;0
2023/12;COLOPROCTOLOGIA/3;183;2;91.5;0
2025/12;MASTOLOGIA/5;113;2;56.5;0
2024/02;ORTOPEDIA/7;457;3;152.33;0
2026/08;UROLOGIA/TRANSPLANTE RENAL 1;1255;1;1255.0;0
2026/04;CIRURGIA CARDÍACA - PEDIATRICA/CIRURGIA CARDÍACA;1984;19;104.42;0
2024/03;ORTOPEDIA/QUADRIL PEDIÁTRICA;115;1;115.0;0
2023/08;CIRURGIA PEDIÁTRICA/1;905;62;14.6;0
2023/09;CIRURGIA PEDIÁTRICA/3;965;9;107.22;0
2023/10;GINECOLOGIA/3;324;3;108.0;0
2024/01;CIRURGIA GERAL;30769;941;32.7;1038
2024/09;OFTALMOLOGIA;337;1;337.0;1535
2026/07;GINECOLOGIA/2;52;3;17.33;0
2024/07;GINECOLOGIA/MUTIRÃO;1711;58;29.5;0
2026/04;CIRURGIA VASCULAR/2;143;6;23.83;0
2024/09;CIRURGIA DE CABEÇA E PESCOÇO/2;1738;7;248.29;0
2024/10;CIRURGIA VASCULAR/6;0;1;0.0;0
2025/10;CIRURGIA GERAL/1;29;1;29.0;0
2026/02;OFTALMOLOGIA/OE;27935;477;58.56;0
2025/03;OTORRINOLARINGOLOGIA/OUVIDO 3;183;1;183.0;0
2024/08;ORTOPEDIA/COLUNA (ARTRODESE);839;12;69.92;0
2023/03;CIRURGIA GERAL/3;1072;82;13.07;0
2025/04;CIRURGIA PEDIÁTRICA/1;2219;70;31.7;0
2024/12;DERMATOLOGIA;117;8;14.63;8
2023/04;OFTALMOLOGIA/CATARATA OE;432;101;4.28;0
2026/01;ORTOPEDIA/COLUNA (DEFORMIDADES);2792;9;310.22;0
2025/05;ORTOPEDIA/PLEXO BRAQUIAL;3;1;3.0;0
2025/08;ORTOPEDIA/RETIRADA;1768;9;196.44;0
2026/04;ONCOLOGIA/UROLOGIA;469;10;46.9;0
2025/07;CIRURGIA GERAL/8;8;1;8.0;0
2023/02;UROLOGIA/GERAL;709;34;20.85;0
2025/01;ONCOLOGIA/GINECOLOGIA;374;12;31.17;0
2023/07;NEUROCIRURGIA;112;1;112.0;12
2023/01;ORTOPEDIA/REVISÃO JOELHO;11;2;5.5;0
2024/11;CIRURGIA CARDÍACA - ADULTO/CIRURGIA CARDÍACA;1853;5;370.6;0
2024/08;ORTOPEDIA/10;837;2;418.5;0
2026/01;CIRURGIA PLÁSTICA/GERAL;90;1;90.0;0
2023/09;CIRURGIA GERAL/6;226;10;22.6;0
2025/06;UROLOGIA/4;12;1;12.0;0
2023/04;GINECOLOGIA/HISTERECTOMIA;90;3;30.0;0
2024/05;CIRURGIA PEDIÁTRICA/2;666;10;66.6;0
2026/08;PROGRAMA TRANSEXUALIZADOR/CIRURGIA PLÁSTICA;1518;7;216.86;0
2024/06;CIRURGIA GERAL/ESTOMAGO E INTESTINOS;284;43;6.6;0
2023/05;OTORRINOLARINGOLOGIA/LARINGE;330;5;66.0;0
2024/04;CIRURGIA TORÁCICA/2;923;7;131.86;0
2023/03;OTORRINOLARINGOLOGIA/2;100;4;25.0;0
2025/08;BUCOMAXILOFACIAL/GERAL;813;15;54.2;0
2025/04;CIRURGIA PLÁSTICA/4;252;1;252.0;0
2025/05;UROLOGIA;4322;93;46.47;440
2026/08;ORTOPEDIA/RETIRADA;174;8;21.75;0
2025/12;NEUROCIRURGIA;310;2;155.0;22
2023/12;CIRURGIA GERAL/FIGADO E VIAS BILIARES;6095;70;87.07;0
2026/01;OTORRINOLARINGOLOGIA/CIRURGIAS PLÁSTICAS;83;1;83.0;0
2024/11;CIRURGIA CARDÍACA - PEDIATRICA/CIRURGIA CARDÍACA;642;8;80.25;0
2025/02;OFTALMOLOGIA/HOSPITALAR - OD;193;15;12.87;0
2024/10;DERMATOLOGIA;256;18;14.22;18
2023/08;GASTROENTEROLOGIA;91;3;30.33;2
2025/11;ORTOPEDIA/MUTIRÃO;3797;18;210.94;0
2025/12;ONCOLOGIA/CIRURGIA GERAL;288;19;15.16;0
2023/12;BUCOMAXILOFACIAL/ORTOGNÁTICA;248;3;82.67;0
2026/07;PROGRAMA TRANSEXUALIZADOR/CIRURGIA PLÁSTICA;133;1;133.0;0
2026/07;CIRURGIA CARDÍACA - ANGIOPLASTIA;591;31;19.06;31
2024/12;GINECOLOGIA/HISTERECTOMIA;484;6;80.67;0
2024/08;CIRURGIA VASCULAR;10313;121;85.23;249
2023/04;CIRURGIA DE CABEÇA E PESCOÇO/2;100;6;16.67;0
2025/08;CIRURGIA GERAL;51734;1013;51.07;1139
2023/07;GINECOLOGIA;12086;418;28.91;387
2026/06;CIRURGIA PEDIÁTRICA/2;958;9;106.44;0
2026/06;CIRURGIA VASCULAR/6;28;2;14.0;0
2025/05;GINECOLOGIA/3;308;4;77.0;0
2025/10;COLOPROCTOLOGIA/4;77;1;77.0;0
2025/04;ODONTOLOGIA PARA PACIENTES COM NECESSIDADES ESPECIAIS;627;26;24.12;24
2026/04;PROGRAMA TRANSEXUALIZADOR/GINECOLOGIA;339;4;84.75;0
2023/03;ONCOLOGIA/MASTOLOGIA;47;7;6.71;0
2026/08;OTORRINOLARINGOLOGIA/CIRURGIAS PLÁSTICAS;217;2;108.5;0
2025/12;CIRURGIA VASCULAR/1;24;2;12.0;0
2026/08;OTORRINOLARINGOLOGIA/2;1452;6;242.0;0
2023/09;ODONTOLOGIA PARA PACIENTES COM NECESSIDADES ESPECIAIS;1800;22;81.82;19
2023/02;ORTOPEDIA/TUMOR;49;4;12.25;0
2024/06;CIRURGIA CARDÍACA - PEDIATRICA/CIRURGIA CARDÍACA;936;7;133.71;0
2025/02;CERFIS/2;609;13;46.85;0
2023/05;OFTALMOLOGIA/OD;15319;568;26.97;0
2023/06;GASTROENTEROLOGIA;20;1;20.0;1
2023/01;UROLOGIA/1;79;41;1.93;0
2025/04;OFTALMOLOGIA/HOSPITALAR - OE;475;10;47.5;0
2026/03;ORTOPEDIA/4;1813;17;106.65;0
2026/01;ORTOPEDIA/JOELHO;713;4;178.25;0
2023/11;ORTOPEDIA/13;318;1;318.0;0
2025/06;ORTOPEDIA/4;248;6;41.33;0
2023/05;OFTALMOLOGIA/OE;23422;801;29.24;0
2023/06;ORTOPEDIA/TUMOR;765;14;54.64;0
2025/07;ORTOPEDIA/RETIRADA DE MATERIAL;1010;23;43.91;0
2026/02;DERMATOLOGIA;277;6;46.17;6
2023/07;OTORRINOLARINGOLOGIA/OUVIDO 1;154;3;51.33;0
2025/07;CIRURGIA TORÁCICA/3;261;4;65.25;0
2026/05;CIRURGIA VASCULAR/5;32;1;32.0;0
2025/08;CIRURGIA CARDÍACA - ANGIOPLASTIA;835;21;39.76;21
2025/03;OTORRINOLARINGOLOGIA/1;475;8;59.38;0
2025/08;BUCOMAXILOFACIAL;200;14;14.29;31
2024/08;CIRURGIA GERAL/4;142;10;14.2;0
2025/04;ORTOPEDIA/9;420;7;60.0;0
2025/10;UROLOGIA/4;472;6;78.67;0
2023/02;GINECOLOGIA/5;10;1;10.0;0
2023/09;CIRURGIA GERAL/1;102;3;34.0;0
2023/09;BUCOMAXILOFACIAL/GERAL;299;11;27.18;0
2025/07;OFTALMOLOGIA/OD;21641;541;40.0;0
2025/11;ORTOPEDIA/GERAL;4289;31;138.35;0
2024/01;GINECOLOGIA/HISTERECTOMIA;266;8;33.25;0
2026/02;OFTALMOLOGIA/AMBULATORIAL - OD;19365;215;90.07;0
2025/09;CERFIS/2;793;18;44.06;0
2025/01;GASTROENTEROLOGIA;130;1;130.0;0
2024/08;OFTALMOLOGIA/AMBULATORIAL - OD;3228;342;9.44;0
2024/01;GINECOLOGIA/7;156;1;156.0;0
2025/02;OTORRINOLARINGOLOGIA/CIRURGIAS PLÁSTICAS;181;6;30.17;0
2026/01;ORTOPEDIA/PEDIÁTRICA GERAL;528;15;35.2;0
2026/08;CIRURGIA PLÁSTICA/8;1190;6;198.33;0
2025/06;CIRURGIA VASCULAR/2;116;4;29.0;0
2023/02;CIRURGIA TORÁCICA/2;0;6;0.0;0
2023/06;ORTOPEDIA/COLUNA (BLOQUEIOS);134;3;44.67;0
2024/08;UROLOGIA;3904;88;44.36;460
2026/01;ORTOPEDIA/GERAL E TRAUMATOLOGIA;94;5;18.8;0
2026/09;CIRURGIA VASCULAR/4;19817;61;324.87;0
2024/12;OTORRINOLARINGOLOGIA/4;449;2;224.5;0
2023/10;GINECOLOGIA/4;57;1;57.0;0
2023/11;CIRURGIA VASCULAR/3;828;4;207.0;0
2024/01;ORTOPEDIA/2;269;10;26.9;0
2024/05;ORTOPEDIA/RETIRADA DE MATERIAL SÍNTESE;453;18;25.17;0
2025/04;UROLOGIA/7;711;3;237.0;0
2025/09;OFTALMOLOGIA/AMBULATORIAL - OE;34088;352;96.84;0
2025/04;CIRURGIA VASCULAR/GERAL;24486;75;326.48;0
2025/04;CIRURGIA CARDÍACA - PEDIATRICA/CIRURGIA CARDÍACA;1817;16;113.56;0
2025/09;ONCOLOGIA/MASTOLOGIA;71;6;11.83;0
2023/01;ORTOPEDIA/RETIRADA;62;8;7.75;0
2026/02;UROLOGIA/RETIRADA DE DUPLO J;3254;144;22.6;0
2025/11;CIRURGIA PLÁSTICA/7;27;1;27.0;0
2025/08;ODONTOLOGIA PARA PACIENTES COM NECESSIDADES ESPECIAIS;1585;41;38.66;31
2024/07;OTORRINOLARINGOLOGIA/OUVIDO 1;145;3;48.33;0
2025/01;CIRURGIA GERAL/ESTOMAGO E INTESTINOS;538;44;12.23;0
2023/10;ORTOPEDIA/MÃO;1195;59;20.25;0
2025/05;CERFIS/2;718;11;65.27;0
2024/08;CIRURGIA VASCULAR/7;887;2;443.5;0
2023/05;PROGRAMA TRANSEXUALIZADOR;178;3;59.33;1
2024/08;ORTOPEDIA/TUMOR;864;8;108.0;0
2026/07;CIRURGIA CARDÍACA - PEDIATRICA/CIRURGIA CARDÍACA;728;6;121.33;0
2025/04;GASTROENTEROLOGIA;302;4;75.5;3
2024/04;CIRURGIA PEDIÁTRICA/2;129;7;18.43;0
2023/05;GINECOLOGIA/HISTERECTOMIA;418;6;69.67;0
2024/07;OTORRINOLARINGOLOGIA/CIRURGIAS PLÁSTICAS;313;2;156.5;0
2024/04;OTORRINOLARINGOLOGIA/CAVIDADE ORAL;412;16;25.75;0
2025/01;NEUROCIRURGIA/2;157;3;52.33;0
2026/06;UROLOGIA/7;999;3;333.0;0
2023/09;CERFIS/2;287;17;16.88;0
2023/11;CIRURGIA VASCULAR/7;155;2;77.5;0
2023/12;ONCOLOGIA/UROLOGIA;73;7;10.43;0
2025/03;ONCOLOGIA/UROLOGIA;183;6;30.5;0
2025/07;ORTOPEDIA/JOELHO;11;1;11.0;0
2025/09;ONCOLOGIA/CIRURGIA GERAL;215;17;12.65;0
2023/09;GINECOLOGIA;8057;289;27.88;322
2025/11;UROLOGIA/LITIASE;914;15;60.93;0
2026/04;OFTALMOLOGIA/AO;3692;35;105.49;0
2023/08;NEUROCIRURGIA/1;867;8;108.38;0
2023/09;CIRURGIA VASCULAR/4;589;17;34.65;0
2025/11;ORTOPEDIA/9;15040;22;683.64;0
2026/04;CIRURGIA GERAL/FIGADO E VIAS BILIARES;890;46;19.35;0
2025/01;ONCOLOGIA/COLOPROCTOLOGIA;160;3;53.33;0
2025/07;OTORRINOLARINGOLOGIA/4;718;5;143.6;0
2024/06;OTORRINOLARINGOLOGIA/OUVIDO 3;59;3;19.67;0
2024/12;OTORRINOLARINGOLOGIA/3;943;2;471.5;0
2025/10;CIRURGIA PLÁSTICA/7;734;4;183.5;0
2026/07;OTORRINOLARINGOLOGIA/1;7893;30;263.1;0
2024/10;OTORRINOLARINGOLOGIA/NARIZ 1;298;14;21.29;0
2026/06;ORTOPEDIA/1;772;61;12.66;0
2024/09;CERFIS/2;110;3;36.67;0
2024/07;ORTOPEDIA/4;359;8;44.88;0
2025/11;OTORRINOLARINGOLOGIA/4;300;1;300.0;0
2025/11;CIRURGIA GERAL/10;112;1;112.0;0
2025/02;CIRURGIA VASCULAR/1;42;15;2.8;0
2025/03;ORTOPEDIA/MÃO;18729;83;225.65;0
2026/06;ORTOPEDIA/RETIRADA DE MATERIAL SÍNTESE;504;33;15.27;0
2023/02;UROLOGIA/7;0;2;0.0;0
2024/02;CERFIS/2;121;12;10.08;0
2025/12;CIRURGIA PLÁSTICA/1;564;6;94.0;0
2024/03;OTORRINOLARINGOLOGIA/1;111;2;55.5;0
2026/06;GINECOLOGIA/8;183;1;183.0;0
2026/08;CERFIS/2;442;8;55.25;0
2026/04;MASTOLOGIA/2;30;2;15.0;0
2025/08;OTORRINOLARINGOLOGIA/OUVIDO 1;261;2;130.5;0
2026/03;COLOPROCTOLOGIA;1831;31;59.06;57
2024/11;PCCO - BARIATRICA;384;25;15.36;24
2026/08;UROLOGIA;1246;58;21.48;423
2026/05;ORTOPEDIA/RETIRADA DE FIO OU PINO;307;10;30.7;0
2024/12;OFTALMOLOGIA/AMBULATORIAL - OE;6255;236;26.5;0
2023/12;CIRURGIA PEDIÁTRICA;107;16;6.69;116
2023/11;ORTOPEDIA/3;16;4;4.0;0
2026/05;ORTOPEDIA/RETIRADA DE FIXADOR EXTERNO;277;10;27.7;0
2024/08;ORTOPEDIA/RETIRADA DE MATERIAL SÍNTESE;1075;22;48.86;0
2023/01;NEUROCIRURGIA/1;0;1;0.0;0
2024/09;ODONTOLOGIA PARA PACIENTES COM NECESSIDADES ESPECIAIS;1050;22;47.73;19
2024/01;ONCOLOGIA/GINECOLOGIA;192;12;16.0;0
2025/12;CIRURGIA DE CABEÇA E PESCOÇO;722;10;72.2;15
2024/03;ONCOLOGIA;555;16;34.69;83
2023/05;ORTOPEDIA/COLUNA (ARTRODESE);633;8;79.13;0
2024/02;DERMATOLOGIA;628;23;27.3;22
2024/09;OFTALMOLOGIA/AMBULATORIAL - OD;3912;324;12.07;0
2025/02;CIRURGIA TORÁCICA/3;1273;4;318.25;0
2025/01;ORTOPEDIA/COLUNA (DEFORMIDADES);3395;8;424.38;0
2026/07;ORTOPEDIA/JOELHO;1135;8;141.88;0
2025/06;CIRURGIA TORÁCICA/5;1456;3;485.33;0
2023/03;ORTOPEDIA/2;134;31;4.32;0
2024/10;CIRURGIA VASCULAR/3;1176;6;196.0;0
2024/07;GINECOLOGIA/3;556;4;139.0;0
2026/09;ORTOPEDIA/OMBRO;115331;420;274.6;0
2024/07;ORTOPEDIA/9;201;3;67.0;0
2026/01;ONCOLOGIA/GINECOLOGIA;363;15;24.2;0
2025/05;OTORRINOLARINGOLOGIA/LARINGE;741;2;370.5;0
2025/05;NEUROCIRURGIA/3;258;2;129.0;0
2023/10;UROLOGIA/GERAL;3160;42;75.24;0
2024/04;ODONTOLOGIA PARA PACIENTES COM NECESSIDADES ESPECIAIS;4008;36;111.33;33
2026/01;ORTOPEDIA/COLUNA (ARTRODESE);3405;11;309.55;0
2023/03;MASTOLOGIA/3;237;18;13.17;0
2023/03;CIRURGIA PEDIÁTRICA;754;20;37.7;44
2026/07;CARDIOLOGIA ANGIOPLASTIA;3560;21;169.52;16
2023/06;CIRURGIA DE CABEÇA E PESCOÇO/2;364;5;72.8;0
2026/04;COLOPROCTOLOGIA/3;1019;4;254.75;0
2024/11;ODONTOLOGIA PARA PACIENTES COM NECESSIDADES ESPECIAIS;853;23;37.09;19
2023/12;ONCOLOGIA/GINECOLOGIA;109;8;13.63;0
2024/02;UROLOGIA/1;752;56;13.43;0
2023/05;ORTOPEDIA/JOELHO (ARTROSCOPIAS);1302;35;37.2;0
2024/07;GINECOLOGIA/GERAL;267;27;9.89;0
2023/03;ORTOPEDIA/4;101;5;20.2;0
2025/08;ONCOLOGIA PEDIATRICA;149;14;10.64;14
2023/03;ONCOLOGIA/GINECOLOGIA;52;5;10.4;0
2026/09;CIRURGIA VASCULAR/3;23742;86;276.07;0
2023/11;ORTOPEDIA/9;716;17;42.12;0
2024/11;ONCOLOGIA/UROLOGIA;65;7;9.29;0
2024/12;CIRURGIA PEDIÁTRICA/3;12;1;12.0;0
2023/09;COLOPROCTOLOGIA/1;911;34;26.79;0
2024/10;ORTOPEDIA/GERAL;780;17;45.88;0
2025/12;OFTALMOLOGIA/HOSPITALAR - OD;254;3;84.67;0
2026/03;ORTOPEDIA/6;418;3;139.33;0
2024/11;ONCOLOGIA/MASTOLOGIA;309;6;51.5;0
2025/02;ORTOPEDIA/FIXADOR EXTERNO;2686;26;103.31;0
2023/01;CIRURGIA GERAL/ESTOMAGO E INTESTINOS;110;40;2.75;0
2024/04;CIRURGIA PLÁSTICA/10;38;1;38.0;0
2024/08;COLOPROCTOLOGIA/3;610;5;122.0;0
2025/02;GINECOLOGIA/7;374;1;374.0;0
2023/11;BUCOMAXILOFACIAL/GERAL;329;9;36.56;0
2025/09;GINECOLOGIA/3;147;2;73.5;0
2026/01;CIRURGIA GERAL/3;3215;49;65.61;0
2026/09;OTORRINOLARINGOLOGIA/2;5446;25;217.84;0
2023/12;ORTOPEDIA/1;402;68;5.91;0
2026/05;UROLOGIA/RETIRADA DE DUPLO J;1695;146;11.61;0
2024/05;CIRURGIA CARDÍACA - PEDIATRICA/CIRURGIA CARDÍACA;829;8;103.63;0
2026/03;UROLOGIA/1;7420;75;98.93;0
2026/03;PROGRAMA TRANSEXUALIZADOR/GINECOLOGIA;225;5;45.0;0
2026/07;ORTOPEDIA/OMBRO E COTOVELO;119;5;23.8;0
2023/11;CIRURGIA PLÁSTICA/GERAL;130;2;65.0;0
2023/11;CIRURGIA TORÁCICA;311;5;62.2;11
2026/03;UROLOGIA/TROCA DE DUPLO J;1889;56;33.73;0
2024/09;ORTOPEDIA/JOELHO;492;1;492.0;0
2024/09;ONCOLOGIA/DERMATOLOGIA;1134;26;43.62;0
2026/03;DERMATOLOGIA;200;5;40.0;5
2026/05;ONCOLOGIA;1907;45;42.38;121
2024/12;GINECOLOGIA/3;1256;3;418.67;0
2026/03;CIRURGIA TORÁCICA/5;54;1;54.0;0
2023/01;UROLOGIA/3;29;6;4.83;0
2024/03;CERFIS/1;36;5;7.2;0
2025/10;CIRURGIA PLÁSTICA/10;1572;3;524.0;0
2026/09;ORTOPEDIA/2;9177;58;158.22;0
2025/06;CIRURGIA PEDIÁTRICA/2;628;11;57.09;0
2025/02;CIRURGIA PLÁSTICA/6;328;4;82.0;0
2024/06;UROLOGIA/RETIRADA DE DUPLO J;462;30;15.4;0
2023/03;GASTROENTEROLOGIA;11;1;11.0;0
2024/10;CIRURGIA PLÁSTICA/1;1058;8;132.25;0
2026/01;ONCOLOGIA/UROLOGIA;551;7;78.71;0
2024/10;ORTOPEDIA/ARTROPLASTIA;351;1;351.0;0
2025/12;BUCOMAXILOFACIAL;191;19;10.05;31
2026/03;OFTALMOLOGIA/CATARATA OE;606;122;4.97;0
2023/01;CIRURGIA VASCULAR/5;0;1;0.0;0
2026/09;CIRURGIA VASCULAR/6;25651;61;420.51;0
2026/03;ORTOPEDIA/11;984;1;984.0;0
2025/09;OFTALMOLOGIA/AMBULATORIAL - OD;34335;357;96.18;0
2023/07;CIRURGIA GERAL/4;897;24;37.38;0
2023/07;NEUROCIRURGIA/2;191;7;27.29;0
2024/07;CIRURGIA TORÁCICA/2;29;1;29.0;0
2025/04;CIRURGIA GERAL;29845;906;32.94;1092
2026/04;ORTOPEDIA/OMBRO;3829;71;53.93;0
2025/06;ORTOPEDIA/RETIRADA;1758;14;125.57;0
2026/06;ORTOPEDIA/3;318;3;106.0;0
2023/11;GINECOLOGIA/8;366;4;91.5;0
2023/11;CIRURGIA CARDÍACA - PEDIATRICA;270;1;270.0;7
2024/09;PCCO - BARIATRICA;124;11;11.27;11
2025/05;ORTOPEDIA/7;7;1;7.0;0
2025/02;DERMATOLOGIA;387;15;25.8;13
2024/11;ORTOPEDIA/COLUNA (DEFORMIDADES);1123;2;561.5;0
2025/11;ODONTOLOGIA PARA PACIENTES COM NECESSIDADES ESPECIAIS;1481;31;47.77;29
2026/01;OTORRINOLARINGOLOGIA/4;440;3;146.67;0
2023/10;CIRURGIA GERAL/7;109;1;109.0;0
2026/08;ORTOPEDIA/9;2258;5;451.6;0
2026/06;ORTOPEDIA/8;3758;8;469.75;0
2023/10;ORTOPEDIA/RETIRADA DE MATERIAL;2822;38;74.26;0
2024/02;BUCOMAXILOFACIAL/GERAL;502;19;26.42;0
2023/07;ORTOPEDIA/JOELHO (ATJ);22;2;11.0;0
2025/09;OTORRINOLARINGOLOGIA/1;814;11;74.0;0
2024/04;GINECOLOGIA/1;310;3;103.33;0
2025/06;ORTOPEDIA/GERAL;1815;60;30.25;0
2026/05;ONCOLOGIA/GINECOLOGIA;72;6;12.0;0
2023/08;OFTALMOLOGIA/CATARATA OE;245;102;2.4;0
2026/04;ORTOPEDIA/2;1257;19;66.16;0
2023/11;UROLOGIA/6;294;1;294.0;0
2025/06;OTORRINOLARINGOLOGIA/4;1871;5;374.2;0
2024/01;OTORRINOLARINGOLOGIA;2040;55;37.09;148
2024/12;CIRURGIA PLÁSTICA/6;311;6;51.83;0
2025/03;CIRURGIA VASCULAR/3;178;4;44.5;0
2025/08;ORTOPEDIA/9;2447;10;244.7;0
2024/04;CIRURGIA GERAL/3;672;37;18.16;0
2025/07;CIRURGIA PEDIÁTRICA/2;2272;24;94.67;0
2026/06;CIRURGIA GERAL/6;579;4;144.75;0
2024/01;ORTOPEDIA/COLUNA (ARTRODESE);577;14;41.21;0
2024/01;ORTOPEDIA/FIXADOR EXTERNO;934;32;29.19;0
2024/01;OFTALMOLOGIA/PTERIGIO OE;218;123;1.77;0
2025/03;OTORRINOLARINGOLOGIA/CIRURGIAS PLÁSTICAS;214;5;42.8;0
2026/02;UROLOGIA/7;2000;5;400.0;0
2023/10;CIRURGIA VASCULAR;3828;89;43.01;145
2025/04;ORTOPEDIA/JOELHO (ARTROSCOPIAS);12191;56;217.7;0
2026/05;ORTOPEDIA/PLEXO BRAQUIAL;43;1;43.0;0
2025/03;ORTOPEDIA/JOELHO (ATJ);2142;5;428.4;0
2025/12;ORTOPEDIA/RETIRADA;3835;19;201.84;0
2023/02;OTORRINOLARINGOLOGIA/CAVIDADE ORAL;256;19;13.47;0
2026/01;GINECOLOGIA/8;184;1;184.0;0
2023/06;CIRURGIA GERAL/5;219;8;27.38;0
2025/01;CIRURGIA VASCULAR/7;488;2;244.0;0
2026/09;CIRURGIA CARDÍACA - ADULTO/MARCAPASSO;333;7;47.57;0
2023/07;OFTALMOLOGIA/OD;4788;229;20.91;0
2025/04;OTORRINOLARINGOLOGIA/CIRURGIAS PLÁSTICAS;329;7;47.0;0
2025/11;NEUROCIRURGIA/2;4901;6;816.83;0
2026/04;ORTOPEDIA/JOELHO (ARTROSCOPIAS);2464;40;61.6;0
2024/12;CIRURGIA GERAL/FIGADO E VIAS BILIARES;12470;67;186.12;0
2024/03;ODONTOLOGIA PARA PACIENTES COM NECESSIDADES ESPECIAIS;5419;40;135.48;38
2024/04;ORTOPEDIA/11;242;1;242.0;0
2024/11;CIRURGIA VASCULAR/7;467;2;233.5;0
2024/05;CIRURGIA TORÁCICA;0;1;0.0;8
2026/07;ONCOLOGIA PEDIATRICA;276;34;8.12;32
2023/07;UROLOGIA;3473;122;28.47;317
2023/03;ORTOPEDIA/MÃO;402;46;8.74;0
2026/08;UROLOGIA/8;2620;17;154.12;0
2026/01;ORTOPEDIA/FIXADOR EXTERNO;2865;22;130.23;0
2024/07;UROLOGIA/LITIASE;890;21;42.38;0
2023/02;OTORRINOLARINGOLOGIA/OUVIDO 3;22;1;22.0;0
2026/08;OTORRINOLARINGOLOGIA/NARIZ 2;46;2;23.0;0
2026/02;COLOPROCTOLOGIA/3;176;1;176.0;0
2024/09;NEUROCIRURGIA/4;974;5;194.8;0
2024/06;PROGRAMA TRANSEXUALIZADOR;5060;16;316.25;16
2023/06;CIRURGIA TORÁCICA/3;53;3;17.67;0
2026/05;CIRURGIA PEDIÁTRICA;2551;19;134.26;71
2023/01;CIRURGIA GERAL/PAREDE E CAVIDADE ABDOMINAL;78;6;13.0;0
2025/05;ONCOLOGIA/CIRURGIA GERAL;328;19;17.26;0
2023/03;CIRURGIA CARDÍACA - PEDIATRICA;535;10;53.5;7
2024/09;CIRURGIA TORÁCICA/2;1003;6;167.17;0
2023/11;OTORRINOLARINGOLOGIA/1;796;12;66.33;0
2025/01;ORTOPEDIA/PLEXO BRAQUIAL;586;4;146.5;0
2024/01;NEUROCIRURGIA/3;0;2;0.0;0
2025/03;OTORRINOLARINGOLOGIA/CAVIDADE ORAL;544;19;28.63;0
2025/08;OTORRINOLARINGOLOGIA/IMPLANTE COCLEAR;211;2;105.5;0
2026/08;ORTOPEDIA/JOELHO (ATJ);24578;26;945.31;0
2024/10;OFTALMOLOGIA/AMBULATORIAL - OE;5790;351;16.5;0
2023/11;GINECOLOGIA/9;306;1;306.0;0
2025/02;ORTOPEDIA/12;246;1;246.0;0
2026/01;GINECOLOGIA/3;409;4;102.25;0
2023/12;BUCOMAXILOFACIAL/GERAL;754;18;41.89;0
2025/09;ONCOLOGIA/APARELHO DIGESTIVO;8;1;8.0;0
2025/11;CIRURGIA GERAL/7;2251;9;250.11;0
2023/06;CIRURGIA VASCULAR/6;128;3;42.67;0
2025/08;NEUROCIRURGIA/3;99;3;33.0;0
2026/07;GINECOLOGIA/3;784;2;392.0;0
2025/04;ORTOPEDIA/JOELHO;78;3;26.0;0
2023/01;ORTOPEDIA/13;0;1;0.0;0
2024/08;GINECOLOGIA/6;5138;19;270.42;0
2024/10;CIRURGIA PLÁSTICA/GERAL;122;3;40.67;0
2024/12;ORTOPEDIA/REVISÃO QUADRIL;942;4;235.5;0
2025/08;OTORRINOLARINGOLOGIA/NARIZ 1;1575;23;68.48;0
2026/04;UROLOGIA/7;662;3;220.67;0
2025/02;UROLOGIA/GERAL;14912;174;85.7;0
2024/09;COLOPROCTOLOGIA/2;552;8;69.0;0
2025/03;CIRURGIA TORÁCICA/2;0;1;0.0;0
2023/12;GASTROENTEROLOGIA;292;11;26.55;8
2023/03;ORTOPEDIA/RETIRADA DE MATERIAL;369;15;24.6;0
2026/02;ONCOLOGIA/CIRURGIA GERAL;167;16;10.44;0
2023/04;ORTOPEDIA/2;192;23;8.35;0
2024/11;CIRURGIA PLÁSTICA/7;23;1;23.0;0
2024/12;CIRURGIA VASCULAR/4;181;8;22.63;0
2024/04;ORTOPEDIA/JOELHO (ARTROSCOPIAS);3752;44;85.27;0
2024/10;ORTOPEDIA/12;603;1;603.0;0
2024/08;ORTOPEDIA/REVISÃO QUADRIL;350;1;350.0;0
2025/01;PROGRAMA TRANSEXUALIZADOR/CIRURGIA PLÁSTICA;2955;13;227.31;0
2024/10;COLOPROCTOLOGIA/2;674;10;67.4;0
2025/06;CIRURGIA PLÁSTICA/1;1166;7;166.57;0
2026/06;CIRURGIA PEDIÁTRICA/1;2139;51;41.94;0
2024/12;CIRURGIA VASCULAR/GERAL;5984;47;127.32;0
2023/11;ORTOPEDIA/2;371;27;13.74;0
2026/05;CIRURGIA VASCULAR/7;968;1;968.0;0
2024/09;ORTOPEDIA/3;826;3;275.33;0
2026/01;CIRURGIA GERAL/GERAL;8560;95;90.11;0
2024/06;MASTOLOGIA/3;345;17;20.29;0
2024/02;ORTOPEDIA/COTOVELO;20;3;6.67;0
2024/11;ORTOPEDIA/GERAL;856;16;53.5;0
2024/10;CIRURGIA GERAL/3;3674;46;79.87;0
2024/06;ORTOPEDIA/COLUNA (ARTRODESE);1253;15;83.53;0
2024/09;MASTOLOGIA/5;211;5;42.2;0
2024/06;OTORRINOLARINGOLOGIA/IMPLANTE COCLEAR;665;3;221.67;0
2025/05;ORTOPEDIA/QUADRIL PEDIÁTRICA;990;4;247.5;0
2026/06;OTORRINOLARINGOLOGIA/3;1657;4;414.25;0
2024/09;ORTOPEDIA/5;289;1;289.0;0
2024/09;UROLOGIA/TRANSPLANTE RENAL 1;0;2;0.0;0
2024/01;CIRURGIA VASCULAR/4;795;15;53.0;0
2025/11;ORTOPEDIA/GERAL E TRAUMATOLOGIA;42;3;14.0;0
2023/01;CIRURGIA VASCULAR;327;26;12.58;92
2025/07;CIRURGIA DE CABEÇA E PESCOÇO/2;2103;5;420.6;0
2023/09;ONCOLOGIA/DERMATOLOGIA;283;24;11.79;0
2023/10;UROLOGIA/LITIASE;1121;18;62.28;0
2023/06;CIRURGIA GERAL/2;94;18;5.22;0
2025/09;ORTOPEDIA/3;1224;7;174.86;0
2024/08;ORTOPEDIA/6;683;4;170.75;0
2023/01;CIRURGIA TORÁCICA/3;0;3;0.0;0
2026/03;ORTOPEDIA/RETIRADA;219;5;43.8;0
2024/09;CIRURGIA TORÁCICA/3;1146;3;382.0;0
2025/03;OFTALMOLOGIA/HOSPITALAR - OD;574;17;33.76;0
2025/12;OTORRINOLARINGOLOGIA/1;1742;14;124.43;0
2023/11;CIRURGIA VASCULAR/6;221;6;36.83;0
2026/08;CIRURGIA CARDÍACA - ANGIOPLASTIA;768;30;25.6;29
2026/05;COLOPROCTOLOGIA/3;1214;4;303.5;0
2024/11;MASTOLOGIA;752;14;53.71;38
2024/08;CIRURGIA DE CABEÇA E PESCOÇO/2;1989;9;221.0;0
2026/02;CIRURGIA GERAL/3;2986;43;69.44;0
2023/02;CIRURGIA VASCULAR;1429;51;28.02;93
2026/09;OFTALMOLOGIA/OD;229236;2472;92.73;0
2024/04;NEUROCIRURGIA/5;171;3;57.0;0
2023/12;CIRURGIA DE CABEÇA E PESCOÇO/1;86;1;86.0;0
2024/10;CIRURGIA TORÁCICA/3;2187;6;364.5;0
2026/08;ORTOPEDIA/2;1057;31;34.1;0
2023/11;CIRURGIA PLÁSTICA/1;534;8;66.75;0
2023/08;CIRURGIA GERAL/1;162;5;32.4;0
2025/07;OTORRINOLARINGOLOGIA/IMPLANTE COCLEAR;81;2;40.5;0
2026/03;CIRURGIA PLÁSTICA/10;5413;9;601.44;0
2026/09;OTORRINOLARINGOLOGIA/CIRURGIAS PLÁSTICAS;125;5;25.0;0
2024/02;CIRURGIA GERAL/2;704;14;50.29;0
2026/05;UROLOGIA/LITIASE;2434;14;173.86;0
2023/11;NEUROCIRURGIA/5;325;5;65.0;0
2024/07;GINECOLOGIA/1;14;1;14.0;0
2026/08;ORTOPEDIA/COLUNA (BLOQUEIOS);546;15;36.4;0
2025/02;OTORRINOLARINGOLOGIA;2871;57;50.37;128
2024/04;CIRURGIA GERAL/PAREDE E CAVIDADE ABDOMINAL;944;32;29.5;0
2023/04;COLOPROCTOLOGIA/1;436;19;22.95;0
2024/11;COLOPROCTOLOGIA/3;999;5;199.8;0
2026/07;ONCOLOGIA/CIRURGIA GERAL;218;18;12.11;0
2025/02;GINECOLOGIA/5;610;1;610.0;0
2025/11;UROLOGIA/2;917;6;152.83;0
2025/03;ORTOPEDIA/7;217;4;54.25;0
2026/01;OFTALMOLOGIA/AO;3975;37;107.43;0
2023/09;OTORRINOLARINGOLOGIA/4;81;1;81.0;0
2026/05;NEUROCIRURGIA/5;107;3;35.67;0
2023/12;CIRURGIA GERAL/2;498;14;35.57;0
2025/10;CIRURGIA CARDÍACA - ADULTO/CIRURGIA CARDÍACA;10053;34;295.68;0
2025/07;CIRURGIA GERAL/GERAL;2433;53;45.91;0
2023/05;GINECOLOGIA/4;243;6;40.5;0
2025/04;CIRURGIA CARDÍACA - ADULTO;374;10;37.4;9
2024/11;UROLOGIA/1;1349;37;36.46;0
2026/01;CIRURGIA CARDÍACA - ANGIOPLASTIA;1096;25;43.84;23
2024/11;ORTOPEDIA/1;659;65;10.14;0
2023/05;CIRURGIA CARDÍACA - ANGIOPLASTIA;223;15;14.87;15
2023/12;ORTOPEDIA/PEDIÁTRICA GERAL;570;4;142.5;0
2025/01;ONCOLOGIA;2328;59;39.46;150
2026/03;ORTOPEDIA/OMBRO;3383;81;41.77;0
2024/12;OTORRINOLARINGOLOGIA/CIRURGIAS PLÁSTICAS;267;5;53.4;0
2025/10;GASTROENTEROLOGIA;201;5;40.2;4
2026/01;ORTOPEDIA;54831;731;75.01;1187
2023/06;GINECOLOGIA/1;119;2;59.5;0
2023/08;CIRURGIA GERAL/4;772;17;45.41;0
2024/11;OTORRINOLARINGOLOGIA/OUVIDO 1;116;6;19.33;0
2023/07;GINECOLOGIA/GERAL;202;4;50.5;0
2023/03;ORTOPEDIA/PÉ/TORNOZELO;410;12;34.17;0
2023/03;OFTALMOLOGIA/OE;10430;458;22.77;0
2023/05;OTORRINOLARINGOLOGIA/2;254;6;42.33;0
2025/03;CIRURGIA PLÁSTICA/8;530;3;176.67;0
2025/01;ORTOPEDIA/2;304;22;13.82;0
2024/08;CIRURGIA CARDÍACA - ADULTO/MARCAPASSO;524;1;524.0;0
2025/08;CERFIS/2;982;15;65.47;0
2024/01;NEUROCIRURGIA/1;1282;18;71.22;0
2026/09;CIRURGIA GERAL/PAREDE E CAVIDADE ABDOMINAL;2102;79;26.61;0
2023/10;OTORRINOLARINGOLOGIA;1211;45;26.91;127
2026/01;CIRURGIA PLÁSTICA/6;1425;8;178.13;0
2025/10;MASTOLOGIA/3;440;16;27.5;0
2025/10;OTORRINOLARINGOLOGIA/IMPLANTE COCLEAR;1263;5;252.6;0
2025/09;OFTALMOLOGIA/HOSPITALAR - OE;3803;18;211.28;0
2024/01;CIRURGIA VASCULAR/2;119;5;23.8;0
2023/09;ORTOPEDIA/GERAL;2373;148;16.03;0
2023/09;ORTOPEDIA/10;79;1;79.0;0
2026/06;OFTALMOLOGIA/CATARATA OE;593;121;4.9;0
2025/05;CIRURGIA PLÁSTICA/1;873;6;145.5;0
2024/05;CIRURGIA DE CABEÇA E PESCOÇO/2;1018;5;203.6;0
2026/07;CIRURGIA METABÓLICA;236;2;118.0;0
2025/01;NEUROCIRURGIA/5;55;1;55.0;0
2026/08;OTORRINOLARINGOLOGIA/1;5933;23;257.96;0
2026/01;NEUROCIRURGIA/5;3398;7;485.43;0
2024/10;CIRURGIA PEDIÁTRICA/2;1697;14;121.21;0
2025/03;ORTOPEDIA/4;376;8;47.0;0
2025/10;ORTOPEDIA/6;984;2;492.0;0
2023/04;ORTOPEDIA/OMBRO;884;72;12.28;0
2024/07;OFTALMOLOGIA/AMBULATORIAL - OD;1203;203;5.93;0
2025/07;CIRURGIA PLÁSTICA/8;841;6;140.17;0
2024/02;OTORRINOLARINGOLOGIA/NARIZ 2;494;8;61.75;0
2025/08;ORTOPEDIA/MÃO;18453;70;263.61;0
2023/10;UROLOGIA/2;1083;23;47.09;0
2026/04;ORTOPEDIA/OMBRO (ARTROPLASTIAS);663;1;663.0;0
2024/10;CIRURGIA VASCULAR/1;32;21;1.52;0
2023/12;CIRURGIA GERAL/4;703;7;100.43;0
2024/09;BUCOMAXILOFACIAL/GERAL;315;9;35.0;0
2023/06;DERMATOLOGIA;298;15;19.87;13
2023/05;OTORRINOLARINGOLOGIA/OUVIDO 1;110;6;18.33;0
2024/03;CIRURGIA VASCULAR/2;171;6;28.5;0
2026/01;CIRURGIA TORÁCICA;620;5;124.0;8
2024/02;UROLOGIA/LITIASE;4159;48;86.65;0
2023/08;UROLOGIA/2;2127;47;45.26;0
2025/07;CIRURGIA PEDIÁTRICA;4082;42;97.19;115
2023/12;CIRURGIA VASCULAR/6;498;7;71.14;0
2023/08;COLOPROCTOLOGIA/2;28;1;28.0;0
2025/07;GINECOLOGIA/HISTERECTOMIA;427;4;106.75;0
2026/01;OTORRINOLARINGOLOGIA;8411;104;80.88;166
2026/07;OFTALMOLOGIA/AMBULATORIAL - OD;24631;270;91.23;0
2023/12;ORTOPEDIA/OMBRO;3797;89;42.66;0
2023/08;OTORRINOLARINGOLOGIA/NARIZ 1;319;15;21.27;0
2023/12;ORTOPEDIA/RETIRADA;210;5;42.0;0
2024/05;ORTOPEDIA/OMBRO;3633;100;36.33;0
2024/02;OTORRINOLARINGOLOGIA/IMPLANTE COCLEAR;596;2;298.0;0
2026/07;CIRURGIA DE CABEÇA E PESCOÇO/3;10;1;10.0;0
2024/08;PCCO - BARIATRICA;1204;27;44.59;21
2024/10;PROGRAMA TRANSEXUALIZADOR;1896;10;189.6;9
2026/05;CIRURGIA GERAL/5;470;4;117.5;0
2023/12;GINECOLOGIA/4;135;1;135.0;0
2023/07;DERMATOLOGIA;219;10;21.9;9
2025/07;NEUROCIRURGIA;74;1;74.0;26
2026/09;ORTOPEDIA/ARTROPLASTIA;105085;179;587.07;0
2026/04;DERMATOLOGIA;327;3;109.0;3
2025/07;ORTOPEDIA MUTIRÃO;1973;3;657.67;3
2025/07;UROLOGIA/TROCA DE DUPLO J;3045;59;51.61;0
2024/05;CIRURGIA GERAL/1;285;4;71.25;0
2023/05;CIRURGIA TORÁCICA/3;90;6;15.0;0
2024/10;UROLOGIA/7;1845;5;369.0;0
2023/04;COLOPROCTOLOGIA;0;1;0.0;29
2026/01;COLOPROCTOLOGIA;1896;26;72.92;45
2025/09;OTORRINOLARINGOLOGIA/OUVIDO 1;323;4;80.75;0
2023/08;ORTOPEDIA/JOELHO (ARTROSCOPIAS);1968;45;43.73;0
2025/09;OFTALMOLOGIA/OD;32363;478;67.71;0
2024/11;OFTALMOLOGIA/CATARATA OD;1023;176;5.81;0
2023/07;ORTOPEDIA/1;388;57;6.81;0
2024/04;CIRURGIA VASCULAR/2;122;11;11.09;0
2023/12;ORTOPEDIA;8619;514;16.77;1017
2023/05;BUCOMAXILOFACIAL/GERAL;132;10;13.2;0
2025/10;ORTOPEDIA/8;1651;5;330.2;0
2026/04;NEUROCIRURGIA/3;151;2;75.5;0
2025/11;OTORRINOLARINGOLOGIA/CIRURGIAS PLÁSTICAS;381;4;95.25;0
2025/04;ONCOLOGIA/APARELHO DIGESTIVO;12;2;6.0;0
2023/06;CIRURGIA VASCULAR/2;147;13;11.31;0
2026/03;CIRURGIA VASCULAR/3;402;4;100.5;0
2025/10;OTORRINOLARINGOLOGIA/2;238;3;79.33;0
2023/12;COLOPROCTOLOGIA/2;53;6;8.83;0
2024/07;CIRURGIA PEDIÁTRICA/2;541;6;90.17;0
2024/03;GINECOLOGIA/8;20;1;20.0;0
2026/04;UROLOGIA/8;1852;14;132.29;0
2026/06;CIRURGIA VASCULAR/4;1033;4;258.25;0
2023/09;MASTOLOGIA/5;295;5;59.0;0
2026/03;UROLOGIA/8;2785;16;174.06;0
2025/10;CIRURGIA GERAL/PAREDE E CAVIDADE ABDOMINAL;294;24;12.25;0
2023/01;ONCOLOGIA/UROLOGIA;18;1;18.0;0
2026/07;OFTALMOLOGIA/OE;38887;499;77.93;0
2025/05;ORTOPEDIA/1;665;74;8.99;0
2024/12;ORTOPEDIA/MÃO;6924;38;182.21;0
2025/09;ORTOPEDIA/REVISÃO OMBRO;709;1;709.0;0
2025/11;CIRURGIA PEDIÁTRICA;2268;26;87.23;124
2025/07;BUCOMAXILOFACIAL/GERAL;658;14;47.0;0
2025/04;DERMATOLOGIA;212;15;14.13;15
2025/12;ORTOPEDIA/REVISÃO QUADRIL;1468;3;489.33;0
2025/08;OFTALMOLOGIA/CATARATA OD;614;123;4.99;0
2024/08;UROLOGIA/GERAL;6872;172;39.95;0
2025/11;ORTOPEDIA/ARTROPLASTIA;6;1;6.0;0
2025/04;OTORRINOLARINGOLOGIA/OUVIDO 3;405;3;135.0;0
2026/04;PROGRAMA TRANSEXUALIZADOR/CIRURGIA PLÁSTICA;822;5;164.4;0
2025/12;CIRURGIA CARDÍACA - ADULTO/MARCAPASSO;336;9;37.33;0
2025/04;ORTOPEDIA/13;37;1;37.0;0
2025/11;ORTOPEDIA/2;788;38;20.74;0
2026/08;ORTOPEDIA/PÉ/TORNOZELO;5215;54;96.57;0
2026/07;ORTOPEDIA/MÃO;4935;77;64.09;0
2023/11;ORTOPEDIA/JOELHO;10;2;5.0;0
2025/10;OTORRINOLARINGOLOGIA/1;702;6;117.0;0
2026/01;ORTOPEDIA/10;2392;3;797.33;0
2023/05;GINECOLOGIA/2;102;4;25.5;0
2026/06;BUCOMAXILOFACIAL;254;11;23.09;41
2023/04;ORTOPEDIA/13;0;1;0.0;0
2026/09;CIRURGIA GERAL/6;3092;23;134.43;0
2023/01;UROLOGIA/GERAL;81;7;11.57;0
2026/09;CIRURGIA DE CABEÇA E PESCOÇO/2;83004;105;790.51;0
2026/04;CIRURGIA VASCULAR/GERAL;3484;43;81.02;0
2023/01;COLOPROCTOLOGIA/3;30;3;10.0;0
2025/12;GINECOLOGIA;36264;356;101.87;384
2026/07;CIRURGIA DE CABEÇA E PESCOÇO/1;149;1;149.0;0
2024/04;OTORRINOLARINGOLOGIA/4;328;2;164.0;0
2026/07;UROLOGIA/7;865;3;288.33;0
2023/06;UROLOGIA/3;856;23;37.22;0
2026/06;CIRURGIA GERAL/PAREDE E CAVIDADE ABDOMINAL;748;26;28.77;0
2025/11;CIRURGIA CARDÍACA - ADULTO/CIRURGIA CARDÍACA;7788;27;288.44;0
2026/04;ORTOPEDIA/6;140;1;140.0;0
2024/11;UROLOGIA/5;548;9;60.89;0
2026/06;ORTOPEDIA/PEDIÁTRICA GERAL;726;10;72.6;0
2026/02;CIRURGIA PEDIÁTRICA/1;9107;149;61.12;0
2025/12;OTORRINOLARINGOLOGIA/MUTIRÃO;1;1;1.0;0
2023/04;COLOPROCTOLOGIA/3;184;6;30.67;0
2025/10;CARDIOLOGIA;729;6;121.5;6
2024/07;CERFIS/1;175;8;21.88;0
2023/06;BUCOMAXILOFACIAL/ORTOGNÁTICA;207;7;29.57;0
2025/05;ORTOPEDIA/8;6134;13;471.85;0
2023/05;CERFIS/2;428;20;21.4;0
2026/02;ONCOLOGIA;14995;170;88.21;141
2026/09;PROGRAMA TRANSEXUALIZADOR/CIRURGIA PLÁSTICA;5152;33;156.12;0
2023/11;CIRURGIA DE CABEÇA E PESCOÇO/2;815;6;135.83;0
2026/09;CIRURGIA VASCULAR/2;13397;54;248.09;0
2024/08;MASTOLOGIA/3;920;26;35.38;0
2023/03;OTORRINOLARINGOLOGIA/CAVIDADE ORAL;242;17;14.24;0
2024/01;OTORRINOLARINGOLOGIA/NARIZ 1;431;23;18.74;0
2025/09;ORTOPEDIA/COLUNA (ARTRODESE);1995;10;199.5;0
2026/04;OTORRINOLARINGOLOGIA/1;1650;8;206.25;0
2023/07;OTORRINOLARINGOLOGIA/CAVIDADE ORAL;1538;42;36.62;0
2026/08;CIRURGIA GERAL/ESTOMAGO E INTESTINOS;847;47;18.02;0
2024/09;ONCOLOGIA/MASTOLOGIA;232;8;29.0;0
2026/04;MASTOLOGIA;344;9;38.22;30
2025/10;UROLOGIA/7;893;4;223.25;0
2024/05;ONCOLOGIA/MASTOLOGIA;119;3;39.67;0
2024/03;ORTOPEDIA/7;135;2;67.5;0
2026/09;OTORRINOLARINGOLOGIA/NARIZ 2;208;3;69.33;0
2024/03;OTORRINOLARINGOLOGIA/OUVIDO 1;1384;9;153.78;0
2026/02;UROLOGIA/1;6542;55;118.95;0
2025/04;ONCOLOGIA/CIRURGIA GERAL;226;16;14.13;0
2024/04;ORTOPEDIA/10;1767;6;294.5;0
2023/03;CIRURGIA GERAL/1;22;2;11.0;0
2024/03;COLOPROCTOLOGIA/3;392;5;78.4;0
2023/03;CIRURGIA TORÁCICA/4;0;1;0.0;0
2025/11;CIRURGIA GERAL/PAREDE E CAVIDADE ABDOMINAL;1416;34;41.65;0
2023/07;OFTALMOLOGIA/CATARATA OE;320;101;3.17;0
2023/09;NEUROCIRURGIA/1;1321;10;132.1;0
2026/02;ORTOPEDIA/11;1756;2;878.0;0
2023/07;BUCOMAXILOFACIAL/ORTOGNÁTICA;153;3;51.0;0
2024/10;OFTALMOLOGIA/OE;28096;436;64.44;0
2025/04;ORTOPEDIA/MÃO;13734;62;221.52;0
2026/07;CIRURGIA GERAL/1;33;1;33.0;0
2025/12;ORTOPEDIA/JOELHO;1472;8;184.0;0
2026/02;ORTOPEDIA/2;1163;14;83.07;0
2026/02;ORTOPEDIA/TUMOR;78;2;39.0;0
2023/12;CIRURGIA VASCULAR/2;110;5;22.0;0
2025/06;CIRURGIA VASCULAR;8682;165;52.62;235
2026/03;CIRURGIA GERAL/8;12;1;12.0;0
2026/05;OFTALMOLOGIA/CATARATA OE;503;124;4.06;0
2025/02;COLOPROCTOLOGIA;862;17;50.71;56
2024/09;OFTALMOLOGIA/OE;38602;533;72.42;0
2023/10;ONCOLOGIA;904;21;43.05;92
2023/03;ORTOPEDIA/COLUNA (DEFORMIDADES);0;3;0.0;0
2023/12;ORTOPEDIA/COLUNA (DEFORMIDADES);27;2;13.5;0
2025/01;CIRURGIA VASCULAR;7037;127;55.41;193
2023/12;ORTOPEDIA/10;323;2;161.5;0
2023/09;CIRURGIA CARDÍACA - PEDIATRICA/HEMODINÂMICA;315;3;105.0;0
2024/08;CIRURGIA GERAL/3;7150;68;105.15;0
2026/09;GINECOLOGIA/1;226;2;113.0;0
2024/10;BUCOMAXILOFACIAL;62;9;6.89;29
2026/04;MASTOLOGIA/5;140;2;70.0;0
2024/02;CIRURGIA GERAL/FIGADO E VIAS BILIARES;23295;85;274.06;0
2023/05;CIRURGIA GERAL/8;133;22;6.05;0
